ζ_bias_mean,ζ_se_mean,β_bias_mean,β_se_mean,ζ_bias_median,ζ_se_median,β_bias_median,β_se_median,ζ_covered,β_covered,ζ_bias_std,β_bias_std,n_successful,simulation
0.018280142463495564,0.20114950648154914,0.011622612448091955,0.287463183683543,0.0040470778486541015,0.19014141995191566,0.011175715186050095,0.27870301092819283,0.9575,0.9425,0.19053177830265056,0.2936238196078639,400,baseline
0.04839722805977781,0.24026087054819217,0.05950100493480032,0.3183108345214611,0.02158938251933251,0.21272038520841996,0.028261466612341635,0.2980419873804933,0.965,0.9575,0.2473082926108293,0.3294947390658918,400,10% missing
0.4327301774145697,1.0691067151129559,NaN,NaN,0.45646285530499453,0.8228141445667695,NaN,NaN,0.8613861386138614,0.0,0.8218940104658186,NaN,303,sparse panel
-0.004996147893326246,0.32198695729417665,-0.013939835280180685,0.32742629837483805,0.020052002043058126,0.2927896073148491,-0.013486961149689836,0.29913917451411337,0.9597989949748744,0.9246231155778895,0.307271086661123,0.3532851453664106,398,large panel
