simulation,replication,arm,converged,error,ζ_bias,ζ_se,root_maxabs,aggregate_elasticity_min,weight_order_aligned,weight_min,weight_max,weight_ratio,jacobian_min_singular,jacobian_condition,vcov_min_eigen,vcov_max_eigen,vcov_condition
baseline,1,twostep,true,,0.1825215718585642,0.2706826063507734,,2.182521571858564,true,,,,,,0.19478813314271004,2.055976252236867,10.554935863215917
baseline,2,twostep,true,,-0.1310797513748645,0.1842985076614253,,1.8689202486251357,true,,,,,,0.15560124703619885,0.9215249187370622,5.922349186074839
baseline,3,twostep,true,,-0.06881197307492126,0.1882962793598759,,1.9311880269250783,true,,,,,,0.17030497302561973,0.9613651249526636,5.644962139819847
baseline,4,twostep,true,,-0.0009482043987354416,0.18141253111976038,,1.9990517956012646,true,,,,,,0.1875575352351131,0.8645971432685784,4.609770234956229
baseline,5,twostep,true,,-0.15076184161311001,0.1550404697710427,,1.84923815838689,true,,,,,,0.16132980353832768,0.6383753269850279,3.956958435354239
baseline,6,twostep,true,,0.35116209469567394,0.23335566576841257,,2.3511620946956735,true,,,,,,0.24943448648322952,1.561587622273401,6.260512105964918
baseline,7,twostep,true,,0.16249132165665348,0.21278130254460456,,2.162491321656653,true,,,,,,0.20638537402940021,1.3216201953553295,6.403652398193008
baseline,8,twostep,true,,-0.113856043073016,0.19177771463402202,,1.886143956926984,true,,,,,,0.15906758966756265,1.0353238574612886,6.50870400202219
baseline,9,twostep,true,,0.16705093049237818,0.22206550487016039,,2.167050930492378,true,,,,,,0.19833066853018388,1.4467706681333787,7.294740036199672
baseline,10,twostep,true,,0.21986286084206563,0.24384772993781473,,2.2198628608420656,true,,,,,,0.20789294533300423,1.7317763229514176,8.330135109575014
baseline,11,twostep,true,,0.06982359338930788,0.1675267303103156,,2.0698235933893074,true,,,,,,0.19395754946950317,0.755978620952046,3.8976498879251515
baseline,12,twostep,true,,-0.03287654733949119,0.1682623818519889,,1.9671234526605086,true,,,,,,0.18155384008093994,0.6908929740172494,3.805444014344378
baseline,13,twostep,true,,0.14640284378699042,0.22561889370089047,,2.14640284378699,true,,,,,,0.20251948698782196,1.4304381483939639,7.063212383507469
baseline,14,twostep,true,,0.16862633945058159,0.18260940189448707,,2.168626339450581,true,,,,,,0.21867599756459855,0.8351617807084238,3.819174440769206
baseline,15,twostep,true,,0.1542244819827403,0.21501559922879146,,2.15422448198274,true,,,,,,0.20767214552709437,1.2800006862554802,6.163564608083092
baseline,16,twostep,true,,-0.06735640444505675,0.20050068831098425,,1.9326435955549428,true,,,,,,0.16432400457496202,1.1106967331791897,6.759187350941824
baseline,17,twostep,true,,0.009381084958964614,0.21815240655614163,,2.009381084958964,true,,,,,,0.17184251869586503,1.3411090031584596,7.804290889916583
baseline,18,twostep,true,,-0.05710069375930371,0.21927409616036556,,1.942899306240696,true,,,,,,0.1629223412809403,1.3604075540886176,8.350036854324085
baseline,19,twostep,true,,-0.36581113520959363,0.1374252886232028,,1.6341888647904061,true,,,,,,0.12635195003182825,0.43521199738854244,3.444442268432833
baseline,20,twostep,true,,-0.16112598874478623,0.1540066779289792,,1.8388740112552133,true,,,,,,0.15832384239684477,0.5836552324059566,3.68646454993811
baseline,21,twostep,true,,0.15116199895314386,0.21769222925683468,,2.1511619989531434,true,,,,,,0.20308404629110607,1.359989523936871,6.696683214531907
baseline,22,twostep,true,,0.0012856985205755844,0.1777239382315907,,2.001285698520575,true,,,,,,0.18776105354384898,0.8201305720225267,4.3679482860964916
baseline,23,twostep,true,,0.007902571662515179,0.16862634557015943,,2.0079025716625147,true,,,,,,0.18984349210958548,0.7602431006530684,4.004578151218504
baseline,24,twostep,true,,-0.07317712026967516,0.19801623175691951,,1.9268228797303246,true,,,,,,0.15765108226867408,1.1121052281353192,7.054218798447787
baseline,25,twostep,true,,-5.6273713078480725e-5,0.17216665258387046,,1.999943726286921,true,,,,,,0.18793023383677748,0.7277150139419382,3.8722615253806283
baseline,26,twostep,true,,0.11696193779500552,0.24148988802377513,,2.1169619377950055,true,,,,,,0.18595821396003992,1.6287450435916804,8.758661469730384
baseline,27,twostep,true,,0.12316172089758903,0.18467834627384722,,2.123161720897589,true,,,,,,0.21199791994744013,0.9337517288072515,4.4045325021998005
baseline,28,twostep,true,,-0.027163879242479094,0.19291430918899516,,1.9728361207575207,true,,,,,,0.17403419635716452,1.0390430870893403,5.9703386394070925
baseline,29,twostep,true,,0.055989460152576775,0.2797761313620589,,2.0559894601525768,true,,,,,,0.15386581096072383,2.150352795781558,13.975507504590881
baseline,30,twostep,true,,0.1510918220714248,0.26645098308749304,,2.151091822071425,true,,,,,,0.18653459444721415,2.0001904564422137,10.722892782272785
baseline,31,twostep,true,,-0.019219530033934173,0.18826340022355528,,1.9807804699660654,true,,,,,,0.17957279233727858,0.9960506237486844,5.546779168404725
baseline,32,twostep,true,,0.15074679774821043,0.29578891953638625,,2.1507467977482104,true,,,,,,0.1753486042351176,2.41124442895877,13.751146976485954
baseline,33,twostep,true,,0.2603077709980419,0.19922846709320854,,2.2603077709980415,true,,,,,,0.2361128564014954,1.0523990710592597,4.457186648361577
baseline,34,twostep,true,,-0.19146619152040123,0.1500301794307698,,1.8085338084795985,true,,,,,,0.15398498797510657,0.5105019369809837,3.3152708175910766
baseline,35,twostep,true,,0.42144779712463,0.2998300238571309,,2.4214477971246295,true,,,,,,0.23942809098257523,2.520144697168404,10.525685130872182
baseline,36,twostep,true,,0.11713059324272956,0.20164403522813196,,2.1171305932427296,true,,,,,,0.20655260988843765,1.0911448897399811,5.282648765993931
baseline,37,twostep,true,,0.29225636024254964,0.2674642325362646,,2.292256360242549,true,,,,,,0.2204017472949198,2.0699241622338813,9.391595972531533
baseline,38,twostep,true,,-0.361122343049189,0.14708172707140973,,1.6388776569508106,true,,,,,,0.12603011120992338,0.5567488608627792,4.417586047634479
baseline,39,twostep,true,,0.12048849388380845,0.17792866952277206,,2.1204884938838076,true,,,,,,0.2128300902919917,0.7543554558216333,3.544402273131103
baseline,40,twostep,true,,0.3748166097837875,0.3718726109058733,,2.3748166097837866,true,,,,,,0.19492852619753306,3.666110363636439,18.80745950914
baseline,41,twostep,true,,-0.16181255975189668,0.19178831241497524,,1.8381874402481029,true,,,,,,0.14866550852690893,1.0211219283499084,6.868586657846612
baseline,42,twostep,true,,0.1376398322779635,0.2018642771088146,,2.137639832277963,true,,,,,,0.21281203817971972,1.1117119764719652,5.223914896830811
baseline,43,twostep,true,,-0.07611713013350929,0.17109831179106103,,1.9238828698664905,true,,,,,,0.17218299578598414,0.7876009109376303,4.574208430643078
baseline,44,twostep,true,,0.03392549032648695,0.18883401981142192,,2.0339254903264865,true,,,,,,0.19324207847664898,0.9511891050088396,4.922266995403796
baseline,45,twostep,true,,-0.2852916430366179,0.14856910016842054,,1.7147083569633814,true,,,,,,0.13839633191882045,0.5550298943213172,4.010437896915381
baseline,46,twostep,true,,-0.053391242492776714,0.19226544830440007,,1.9466087575072228,true,,,,,,0.17182315105666673,1.0248130336808803,5.964347803998194
baseline,47,twostep,true,,-0.030249430407078393,0.1815584224849916,,1.9697505695929212,true,,,,,,0.17902163245252567,0.9151282385103094,5.1118304864803985
baseline,48,twostep,true,,0.29494468604893953,0.26791611532071746,,2.294944686048939,true,,,,,,0.22235940989035116,2.025212495939623,9.10783356071275
baseline,49,twostep,true,,0.1622004829517949,0.21410054389088423,,2.1622004829517945,true,,,,,,0.21198299424817876,1.2470842558582151,5.8829448101775235
baseline,50,twostep,true,,-0.10348200213354275,0.17168672222226697,,1.8965179978664566,true,,,,,,0.16800100019426642,0.7915146232815714,4.711368517844005
baseline,51,twostep,true,,-0.16511332968498604,0.15291880780810324,,1.8348866703150135,true,,,,,,0.16000654402253636,0.538007380454815,3.3624086048570523
baseline,52,twostep,true,,0.10406137861613352,0.2090970320904336,,2.104061378616133,true,,,,,,0.20218354499880728,1.2158436907477852,6.0135640155827605
baseline,53,twostep,true,,-0.21616708561534748,0.1451850717254964,,1.7838329143846519,true,,,,,,0.14823713976265562,0.4832256223459835,3.2598148016056046
baseline,54,twostep,true,,0.2730328463926477,0.2395314082885331,,2.2730328463926477,true,,,,,,0.2276695210662309,1.6210084748409983,7.120006521950884
baseline,55,twostep,true,,0.047661985589250166,0.21765542219278622,,2.04766198558925,true,,,,,,0.1485162834085228,1.5213364612769271,10.243566741380112
baseline,56,twostep,true,,-0.4736590681597912,0.12073948587705295,,1.5263409318402086,true,,,,,,0.10132093605227334,0.3842106317185189,3.7920162079858555
baseline,57,twostep,true,,0.058255067483934386,0.17349228250562426,,2.0582550674839335,true,,,,,,0.1988327587598075,0.7724263651332769,3.8848043448734613
baseline,58,twostep,true,,-0.06855250689751569,0.17212946092417186,,1.9314474931024834,true,,,,,,0.1754820917314411,0.7642313665454412,4.35503907552587
baseline,59,twostep,true,,-0.16819123579406625,0.1604742893365906,,1.8318087642059335,true,,,,,,0.1580002581158166,0.6862773927907905,4.34352070670504
baseline,60,twostep,true,,0.17786399955004217,0.21104362676597008,,2.177863999550042,true,,,,,,0.21701678390651924,1.2277069840830697,5.657198314264527
baseline,61,twostep,true,,-0.038421364001522074,0.16645970659039866,,1.9615786359984777,true,,,,,,0.18217023309406882,0.6745631714746678,3.7029275311205083
baseline,62,twostep,true,,-0.21499507637976256,0.16628903975917786,,1.785004923620237,true,,,,,,0.1469761218052516,0.7444510304423284,5.065115484736708
baseline,63,twostep,true,,-0.1173908659111409,0.20653753848919426,,1.8826091340888589,true,,,,,,0.14989824622301742,1.2013566906008881,8.014481295621826
baseline,64,twostep,true,,-0.002187257064205861,0.254305914344943,,1.9978127429357937,true,,,,,,0.15417008395669474,1.8244737592532396,11.834162065876031
baseline,65,twostep,true,,0.23777284078696592,0.2974655725042324,,2.2377728407869655,true,,,,,,0.18342795000638545,2.4870626152427757,13.558798510020946
baseline,66,twostep,true,,0.07550094844424216,0.17472605847279576,,2.0755009484442417,true,,,,,,0.20352597443474985,0.7527072969642465,3.6983353061186963
baseline,67,twostep,true,,0.224919626487331,0.24631939527056373,,2.2249196264873308,true,,,,,,0.2127899833457768,1.7038229990560119,8.007063924091552
baseline,68,twostep,true,,0.052186303330605366,0.1957352549037292,,2.0521863033306054,true,,,,,,0.19399209832473133,1.057527243994608,5.451393397603081
baseline,69,twostep,true,,0.01047349666654851,0.22397831064477505,,2.0104734966665485,true,,,,,,0.17290153737250352,1.4163022721980023,8.191380445314863
baseline,70,twostep,true,,-0.09999939666757873,0.20527876213459392,,1.9000006033324208,true,,,,,,0.15765031376638622,1.1982876176251207,7.6009212350874265
baseline,71,twostep,true,,0.5010689564627546,0.30900713102543664,,2.501068956462754,true,,,,,,0.23336758521515624,2.72652637780595,11.68339799759334
baseline,72,twostep,true,,0.3385666567058714,0.2438633813351599,,2.3385666567058707,true,,,,,,0.23580068664700085,1.6873636200825888,7.155889340596415
baseline,73,twostep,true,,0.10212124630368358,0.18685824555246913,,2.1021212463036836,true,,,,,,0.20858471096959713,0.9158170462386815,4.39062403942046
baseline,74,twostep,true,,0.30202956606630327,0.2083694726746182,,2.302029566066303,true,,,,,,0.23372796881516641,1.2089367056958216,5.172409240641014
baseline,75,twostep,true,,-0.10029832072852929,0.1927203743649122,,1.8997016792714703,true,,,,,,0.16290577780770205,1.0457963420529723,6.419639353046494
baseline,76,twostep,true,,0.14340007158031254,0.22891099539511434,,2.143400071580312,true,,,,,,0.2011231076334838,1.4864600436736666,7.3907969161977825
baseline,77,twostep,true,,0.020470993300410578,0.22549402526884124,,2.02047099330041,true,,,,,,0.17460917683728733,1.4202496209077382,8.133877306066355
baseline,78,twostep,true,,-0.2753972757221854,0.1432301909956607,,1.7246027242778141,true,,,,,,0.1362453734706609,0.52937292919537,3.8854378369726095
baseline,79,twostep,true,,-0.2892645744431146,0.13952195781872057,,1.7107354255568854,true,,,,,,0.13690472649036617,0.4265662345339056,3.115788953889204
baseline,80,twostep,true,,0.3305618339615872,0.24004804803263574,,2.330561833961587,true,,,,,,0.24002090468382908,1.6072346580263281,6.696227814587569
baseline,81,twostep,true,,0.0837614110486069,0.23564494020192253,,2.0837614110486067,true,,,,,,0.18063212844951457,1.5933046437094287,8.82071565776155
baseline,82,twostep,true,,0.15195836092802373,0.21114902710005767,,2.151958360928023,true,,,,,,0.20717508697032994,1.2918005454625168,6.235308329555661
baseline,83,twostep,true,,0.18582252422944134,0.20134497581898197,,2.1858225242294416,true,,,,,,0.21249932144917946,1.2864748739646186,6.054018738465888
baseline,84,twostep,true,,0.12190763537003102,0.21239679490061564,,2.12190763537003,true,,,,,,0.19575044691834748,1.316075770317581,6.723232518935448
baseline,85,twostep,true,,-0.007931091539325363,0.3146791799346897,,1.9920689084606742,true,,,,,,0.1341821216882775,2.6250123865309414,19.563056191861282
baseline,86,twostep,true,,0.029002684230589937,0.2146431691181952,,2.0290026842305893,true,,,,,,0.1804697619250265,1.3159130813568631,7.2915986995291755
baseline,87,twostep,true,,0.3568055489337427,0.2994959601072014,,2.356805548933742,true,,,,,,0.22333949904163866,2.566017058376361,11.489311426717052
baseline,88,twostep,true,,0.041635955420861404,0.2136658533834827,,2.041635955420861,true,,,,,,0.18467566659767237,1.279987443989759,6.931002159468538
baseline,89,twostep,true,,-0.28949013271877977,0.17146093848309193,,1.7105098672812196,true,,,,,,0.12768687674815027,0.831965203155713,6.515667266235058
baseline,90,twostep,true,,-0.053617045152510645,0.15984476031723313,,1.946382954847489,true,,,,,,0.17608287735837688,0.6925512978532324,3.9330984831858515
baseline,91,twostep,true,,0.28378658264342516,0.20837970931261457,,2.283786582643425,true,,,,,,0.23795868730222627,1.238247778185023,5.203625016691872
baseline,92,twostep,true,,0.2099744241164203,0.22566311666010763,,2.20997442411642,true,,,,,,0.22053887359482408,1.412262184895396,6.403688210950131
baseline,93,twostep,true,,0.10285051483278629,0.21293546764902666,,2.102850514832786,true,,,,,,0.19421645498681261,1.2463105662398781,6.417121383069746
baseline,94,twostep,true,,-0.08389366752634819,0.18214326852908755,,1.9161063324736518,true,,,,,,0.16963296501294753,0.8946107639796006,5.2738025531259085
baseline,95,twostep,true,,-0.2370093571053098,0.1601544082755967,,1.7629906428946902,true,,,,,,0.14299111896456,0.6652098729811609,4.652106213295887
baseline,96,twostep,true,,-0.21162232316732932,0.1503935118283575,,1.78837767683267,true,,,,,,0.1441189018541698,0.7123263072263377,4.942629301652064
baseline,97,twostep,true,,0.06073855552566032,0.1733852311584403,,2.06073855552566,true,,,,,,0.20100985381509864,0.7149502710564958,3.5567921546480576
baseline,98,twostep,true,,0.0325860807777929,0.18203223134949212,,2.0325860807777927,true,,,,,,0.18812409248792078,0.9715202553319742,5.16425218313999
baseline,99,twostep,true,,-0.13073069889915612,0.16698057775689343,,1.8692693011008437,true,,,,,,0.16075856570122682,0.7760179483824294,4.827226126318364
baseline,100,twostep,true,,-0.11127486622126037,0.1935377133933988,,1.8887251337787392,true,,,,,,0.16103142159186964,1.0380664597913198,6.4463596578205395
baseline,101,twostep,true,,0.2688066136682581,0.29795078129465974,,2.2688066136682576,true,,,,,,0.1988741968028757,2.4961024024448504,12.55116270774428
baseline,102,twostep,true,,0.24399159101269818,0.21760530625045504,,2.243991591012698,true,,,,,,0.2304845158104339,1.2978168506806638,5.630820127405332
baseline,103,twostep,true,,-0.1145580271249611,0.22200162204880347,,1.8854419728750391,true,,,,,,0.14697677250990257,1.4311450772452943,9.737219376952034
baseline,104,twostep,true,,-0.011311772855905566,0.1903970069167631,,1.988688227144094,true,,,,,,0.1796322559684322,1.036529093274651,5.770283781643349
baseline,105,twostep,true,,-0.13515925505516102,0.16884796642952465,,1.8648407449448385,true,,,,,,0.16233550023997106,0.7521882618254084,4.633541404766626
baseline,106,twostep,true,,0.3658828924675612,0.25968339655830996,,2.365882892467561,true,,,,,,0.24407237086180955,1.9014012015553692,7.790317252385427
baseline,107,twostep,true,,0.6270980521662712,0.44859477667304837,,2.627098052166271,true,,,,,,0.23530145441783465,5.270232914817785,22.397791496261693
baseline,108,twostep,true,,0.2049774402959974,0.20022365058435926,,2.204977440295997,true,,,,,,0.22246331503207933,1.0753627920779576,4.833888193758551
baseline,109,twostep,true,,-0.006636454927176905,0.2242211484840936,,1.9933635450728224,true,,,,,,0.16962111560429663,1.4194367604936309,8.36827865113791
baseline,110,twostep,true,,0.13909757136261436,0.21481775037520306,,2.139097571362614,true,,,,,,0.205052231470842,1.2714833420641365,6.200777884462763
baseline,111,twostep,true,,-0.3361817816436532,0.14903534238493965,,1.6638182183563466,true,,,,,,0.12825191388074966,0.5741559071300116,4.4767823711688965
baseline,112,twostep,true,,-0.0866482233930137,0.1701994746722885,,1.9133517766069859,true,,,,,,0.17162294878315668,0.7572882099860234,4.412511353262244
baseline,113,twostep,true,,-0.02031637470102443,0.17238249916051865,,1.979683625298975,true,,,,,,0.18083016916953706,0.807638215236348,4.4662802614487855
baseline,114,twostep,true,,-0.3516471221337161,0.1367402145799077,,1.6483528778662835,true,,,,,,0.1285245017811215,0.47113501343906317,3.665721375379543
baseline,115,twostep,true,,0.6506028577899803,0.4966648261985243,,2.65060285778998,true,,,,,,0.23016022772707811,6.287650164619981,27.31857813451514
baseline,116,twostep,true,,0.13569538105606882,0.18853845946363998,,2.135695381056068,true,,,,,,0.21513281544157037,0.9237374238276961,4.293800654873042
baseline,117,twostep,true,,-0.1154030775011976,0.15260529264871617,,1.8845969224988024,true,,,,,,0.16100013283193132,0.7020642505614878,4.360643921296484
baseline,118,twostep,true,,-0.2714401447479964,0.14792904678304977,,1.7285598552520036,true,,,,,,0.1390849649695311,0.5376861705810823,3.8658827767535584
baseline,119,twostep,true,,-0.17796689618651995,0.15916923535497352,,1.82203310381348,true,,,,,,0.15025947891884842,0.8233277401316118,5.479373055567906
baseline,120,twostep,true,,0.6482832036148825,0.3702852077268267,,2.648283203614881,true,,,,,,0.21632842129349544,3.875721619954153,17.915915055358877
baseline,121,twostep,true,,0.0049188877236441275,0.27398704390656137,,2.004918887723644,true,,,,,,0.15841046028214834,2.0857860186323633,13.166971517646779
baseline,122,twostep,true,,0.12034672260013979,0.30283804736346764,,2.12034672260014,true,,,,,,0.16073420440501188,2.4883353840922533,15.48105702394396
baseline,123,twostep,true,,-0.16534165487852026,0.1740488170602074,,1.8346583451214793,true,,,,,,0.15533645804550222,0.8290865568608448,5.3373597370038075
baseline,124,twostep,true,,0.2381669515951106,0.2513226475641588,,2.2381669515951104,true,,,,,,0.2112970547760939,1.8046004641765419,8.540585036023483
baseline,125,twostep,true,,-0.0421736065101046,0.18964604424636117,,1.957826393489895,true,,,,,,0.1755730086557501,0.9895325793413228,5.636017671039182
baseline,126,twostep,true,,-0.13668904837019902,0.16917555821844418,,1.8633109516298003,true,,,,,,0.15883085214845724,0.8341404616425718,5.251753361260764
baseline,127,twostep,true,,0.2731640138254994,0.1998990974950053,,2.273164013825499,true,,,,,,0.2428504468197401,1.0373245431455878,4.2714541263148655
baseline,128,twostep,true,,-0.05761959273457529,0.1739543061773291,,1.9423804072654247,true,,,,,,0.1774559650572763,0.770968863147703,4.344564370653094
baseline,129,twostep,true,,-0.21485852736340938,0.1542715486130407,,1.7851414726365904,true,,,,,,0.150813223462454,0.5841845540935326,3.873563210715203
baseline,130,twostep,true,,-0.040638976921323566,0.20441157688102318,,1.9593610230786764,true,,,,,,0.16444841034865376,1.2041438851333315,7.322320006501595
baseline,131,twostep,true,,0.014566416705686702,0.17446173651765456,,2.0145664167056867,true,,,,,,0.18973633693018296,0.790082172782339,4.1641057562583
baseline,132,twostep,true,,-0.05515628602258582,0.1900564268485099,,1.9448437139774137,true,,,,,,0.17284428280099123,1.0151408037743546,5.873152338762418
baseline,133,twostep,true,,0.10626000568971739,0.18433082582471202,,2.106260005689717,true,,,,,,0.2091568860585459,0.8425804280922408,4.028461333357157
baseline,134,twostep,true,,0.18236809871934567,0.1825060580260237,,2.1823680987193455,true,,,,,,0.22293349860104728,0.8700235868839246,3.902614870997397
baseline,135,twostep,true,,-0.05519971200638096,0.1901212758420337,,1.9448002879936186,true,,,,,,0.1736224922564147,0.9830096927941716,5.661764671263973
baseline,136,twostep,true,,-0.007263252763265893,0.17964348937699498,,1.9927367472367337,true,,,,,,0.18557890656195414,0.867046271773857,4.672116502014198
baseline,137,twostep,true,,-0.05514534292133866,0.173741533085413,,1.9448546570786611,true,,,,,,0.17191669226442163,0.9022965562046847,5.248452284184717
baseline,138,twostep,true,,-0.17997599837382294,0.1618703975839656,,1.8200240016261768,true,,,,,,0.1565731207401458,0.6802133838912112,4.344381594208095
baseline,139,twostep,true,,-0.018870281697528357,0.17240782828414433,,1.9811297183024705,true,,,,,,0.18463190727928455,0.7641869613789805,4.138975611745312
baseline,140,twostep,true,,-0.38113859618382384,0.13135458384009735,,1.6188614038161757,true,,,,,,0.121389977277056,0.41913027529453273,3.4527584953568717
baseline,141,twostep,true,,0.1176464886000037,0.20555512738945364,,2.117646488600003,true,,,,,,0.20546017452342913,1.1537780634387846,5.615580080738306
baseline,142,twostep,true,,-0.1992710791149701,0.14675897409556013,,1.8007289208850294,true,,,,,,0.1504523042208524,0.5600405574332727,3.722379396803231
baseline,143,twostep,true,,-0.29965194346636137,0.1522084090351307,,1.7003480565336384,true,,,,,,0.13397295022192696,0.6219533759086588,4.642380233311198
baseline,144,twostep,true,,0.0669539375197461,0.2326055663382029,,2.066953937519746,true,,,,,,0.18303318246837424,1.542869644963626,8.429453196172306
baseline,145,twostep,true,,-0.2736540123948983,0.15454720581237943,,1.7263459876051008,true,,,,,,0.13793815130653997,0.6614494125963737,4.795260820383438
baseline,146,twostep,true,,-0.2467126233493484,0.16992427315106812,,1.7532873766506514,true,,,,,,0.14148122893200887,0.7759246475708612,5.4842939478829695
baseline,147,twostep,true,,-0.04999472771883284,0.15751258797587847,,1.9500052722811665,true,,,,,,0.17037068230631172,0.7247306933743739,4.253846281318348
baseline,148,twostep,true,,0.2184734614142283,0.24554989322946608,,2.218473461414228,true,,,,,,0.21151138136737654,1.708187410731834,8.076101624833434
baseline,149,twostep,true,,0.08828774243529258,0.19195848349775307,,2.088287742435292,true,,,,,,0.20287847634437922,0.9913282094894525,4.886315331975912
baseline,150,twostep,true,,-0.23522718625054928,0.15190910632898724,,1.76477281374945,true,,,,,,0.1478741893370111,0.5684549425376706,3.8441796035286413
baseline,151,twostep,true,,0.1881038035142728,0.20299968122551598,,2.1881038035142724,true,,,,,,0.2188593828411322,1.1121527756275382,5.0815859991474
baseline,152,twostep,true,,-0.14581772826005834,0.17367654864540372,,1.8541822717399412,true,,,,,,0.16078081571324282,0.8099657803443291,5.037701648366595
baseline,153,twostep,true,,0.13023789485443338,0.2682909607438722,,2.1302378948544334,true,,,,,,0.18445617264932587,2.030658779577017,11.008895774052256
baseline,154,twostep,true,,-0.0673438199329337,0.15909444832595396,,1.9326561800670665,true,,,,,,0.16939376123736388,0.853135522056629,5.0364046221346275
baseline,155,twostep,true,,-0.2195743432075079,0.21775504434956602,,1.7804256567924917,true,,,,,,0.12995857829654456,1.323217986941402,10.181844125149103
baseline,156,twostep,true,,0.27613267164868005,0.23475442961332005,,2.27613267164868,true,,,,,,0.23091042374609083,1.5446607903102119,6.689437251255151
baseline,157,twostep,true,,-0.24030878145763146,0.16197567223412696,,1.759691218542368,true,,,,,,0.13571949092746974,0.705311809951042,5.196835068648834
baseline,158,twostep,true,,0.01850048842664087,0.1686635013139458,,2.0185004884266404,true,,,,,,0.1929935901938696,0.6511462337156596,3.3739267353986095
baseline,159,twostep,true,,0.1928429164039891,0.18510375477134172,,2.192842916403989,true,,,,,,0.22765301090173537,0.8356061006873945,3.6705251442867026
baseline,160,twostep,true,,0.1394821022509718,0.174341051198311,,2.139482102250972,true,,,,,,0.2063768252693658,0.9740680598830012,4.719851943703633
baseline,161,twostep,true,,0.3433681846732273,0.26241355791720467,,2.3433681846732273,true,,,,,,0.2363050016533608,1.9650074516768048,8.315555904141641
baseline,162,twostep,true,,0.3780552386739102,0.26037566079820224,,2.3780552386739093,true,,,,,,0.24171927388691672,1.9598155234978325,8.10781652610247
baseline,163,twostep,true,,0.14417994708001114,0.19501163816597797,,2.1441799470800107,true,,,,,,0.21552220173705586,1.0102115058185168,4.687273504429989
baseline,164,twostep,true,,0.3891778845244187,0.24661741096007672,,2.3891778845244187,true,,,,,,0.2408817336132107,1.7474090870442835,7.2542199893419
baseline,165,twostep,true,,-0.005404092544077921,0.20562828879785588,,1.9945959074559216,true,,,,,,0.17474286443656195,1.1888386844855972,6.803360402262314
baseline,166,twostep,true,,0.052985717558350354,0.1795223894464478,,2.0529857175583506,true,,,,,,0.1936450165335707,0.878015993634819,4.5341522821094875
baseline,167,twostep,true,,-0.18477305619478201,0.16008035975724694,,1.8152269438052175,true,,,,,,0.15292044694701745,0.6732525164200984,4.402632413527807
baseline,168,twostep,true,,0.059738898707272226,0.18719277291607112,,2.0597388987072716,true,,,,,,0.19669240591795906,0.9498360288158776,4.829042709519029
baseline,169,twostep,true,,0.10465168492575483,0.1955731697559636,,2.1046516849257544,true,,,,,,0.20435523668669162,1.0351504015619355,5.065445928106957
baseline,170,twostep,true,,0.01742610349379392,0.170884749356177,,2.0174261034937935,true,,,,,,0.19254526592090515,0.6957525486736279,3.613449260079098
baseline,171,twostep,true,,0.20226544875094277,0.20856934035573496,,2.2022654487509428,true,,,,,,0.2251344144650462,1.1941067326812393,5.3039724536056365
baseline,172,twostep,true,,0.1703172608087553,0.20188193416975564,,2.1703172608087553,true,,,,,,0.21024214155271823,1.2090444590976186,5.750723666379942
baseline,173,twostep,true,,0.08737056736804538,0.22641595604478848,,2.087370567368045,true,,,,,,0.19053624504177058,1.4347097931358799,7.529852353400549
baseline,174,twostep,true,,0.6544248663216012,0.2948300742458006,,2.6544248663216012,true,,,,,,0.29132985117714627,2.435314688551599,8.359303650866796
baseline,175,twostep,true,,-0.035319390250212024,0.21306102615780845,,1.9646806097497875,true,,,,,,0.16529012426084744,1.2884343178863022,7.794986685671552
baseline,176,twostep,true,,-0.024626336376341706,0.17393779271355597,,1.9753736636236576,true,,,,,,0.18371185573061377,0.7579362286024881,4.1256794537740085
baseline,177,twostep,true,,-0.37259091623805984,0.15330773482072266,,1.6274090837619402,true,,,,,,0.12096132246456236,0.6252174985222023,5.168738947157016
baseline,178,twostep,true,,-0.24564915597420733,0.15357485683161434,,1.7543508440257924,true,,,,,,0.14549208185565804,0.6120146000222005,4.206514830335421
baseline,179,twostep,true,,0.5315425722476068,0.5446249408821814,,2.5315425722476057,true,,,,,,0.17688013959665802,7.234900941403525,40.902845044680305
baseline,180,twostep,true,,-0.3664764269474903,0.13521503267257498,,1.6335235730525093,true,,,,,,0.12134521753878441,0.581959824410277,4.795902436157163
baseline,181,twostep,true,,-0.19208032095105376,0.1593141833844063,,1.807919679048946,true,,,,,,0.15183437537357664,0.7057761891254775,4.648329387788307
baseline,182,twostep,true,,0.1742948776518276,0.23614128522073544,,2.1742948776518274,true,,,,,,0.19614558331513182,1.6501543388929272,8.412905919180208
baseline,183,twostep,true,,-0.16668639897889226,0.14978506333342892,,1.8333136010211069,true,,,,,,0.15606509657976958,0.5798155814867956,3.715216241130728
baseline,184,twostep,true,,-0.10641111219662869,0.17898217323169957,,1.8935888878033715,true,,,,,,0.16670569253513978,0.8578071002818509,5.145637723804988
baseline,185,twostep,true,,0.16730321178845808,0.1928421134142594,,2.1673032117884574,true,,,,,,0.20963123603806053,1.1799819428276768,5.628845992271113
baseline,186,twostep,true,,0.21008684538071254,0.22966262953563057,,2.210086845380712,true,,,,,,0.21023523338100286,1.5039471038034185,7.153639661711038
baseline,187,twostep,true,,-0.12458499095462527,0.16065107206948878,,1.8754150090453747,true,,,,,,0.16556040981047232,0.6388102832722267,3.8584724693754624
baseline,188,twostep,true,,0.4379250675395048,0.23360670201677666,,2.437925067539504,true,,,,,,0.27385552861196005,1.485637517513673,5.424895108174898
baseline,189,twostep,true,,0.04322452295247836,0.19014990223069891,,2.043224522952478,true,,,,,,0.18794453130687155,1.0271275393190944,5.465056802541511
baseline,190,twostep,true,,-0.11544715170324849,0.17419785016923714,,1.8845528482967513,true,,,,,,0.15806058103553328,0.8403940371583231,5.316910969531333
baseline,191,twostep,true,,-0.1178138213912614,0.173004136491294,,1.8821861786087382,true,,,,,,0.1659517447365016,0.788073735599108,4.748812595193938
baseline,192,twostep,true,,0.058753616971933376,0.2097981614703318,,2.058753616971933,true,,,,,,0.18541251741481804,1.2901974830758411,6.958524165816269
baseline,193,twostep,true,,-0.3517517854220482,0.14019483808236094,,1.6482482145779513,true,,,,,,0.12833993407412023,0.47835918279807554,3.7272824413468104
baseline,194,twostep,true,,0.49995755163563516,0.5084665985456432,,2.4999575516356347,true,,,,,,0.1925464439811432,6.372120637922953,33.09394090158839
baseline,195,twostep,true,,-0.1837420265429952,0.17192637935855792,,1.8162579734570043,true,,,,,,0.1493651858665109,0.8307186549852159,5.56166184352783
baseline,196,twostep,true,,0.4027931563446103,0.27888171414131807,,2.4027931563446097,true,,,,,,0.2382112459255193,2.269582609097105,9.527604795815256
baseline,197,twostep,true,,-0.10694543992974093,0.16615491821548198,,1.8930545600702589,true,,,,,,0.16660923682821158,0.7836709294138191,4.703646354384608
baseline,198,twostep,true,,0.005078374866925195,0.17482651884113043,,2.0050783748669248,true,,,,,,0.18987737918956937,0.7727180946838041,4.069563725715529
baseline,199,twostep,true,,0.1832804919604092,0.2246425657467277,,2.1832804919604087,true,,,,,,0.21426393419812276,1.4130610797615315,6.594955352844967
baseline,200,twostep,true,,-0.16681762484374096,0.14979971054094252,,1.8331823751562581,true,,,,,,0.1525537073557992,0.6860008712743191,4.496782694860161
baseline,201,twostep,true,,-0.1530683676258464,0.15887670726346118,,1.8469316323741534,true,,,,,,0.16005285137320527,0.6791484062607399,4.24327589564229
baseline,202,twostep,true,,-0.2572178949927699,0.1442811545973932,,1.7427821050072299,true,,,,,,0.137028819498121,0.6875729788754198,5.017725332479041
baseline,203,twostep,true,,0.04574430097473514,0.2284963903009428,,2.045744300974735,true,,,,,,0.1778036402023563,1.462255380070463,8.223990118572862
baseline,204,twostep,true,,0.060808492456260854,0.17419769636229349,,2.0608084924562604,true,,,,,,0.1906806105769694,1.0110092821480965,5.30210847914186
baseline,205,twostep,true,,-0.017851946401647556,0.19556001397622277,,1.982148053598352,true,,,,,,0.17969534989697508,1.0503533487446088,5.84518936826584
baseline,206,twostep,true,,-0.20597991734803878,0.1584748253272448,,1.794020082651961,true,,,,,,0.14737695681774415,0.763273728822166,5.17905746802792
baseline,207,twostep,true,,0.19075046175493937,0.24321488340759623,,2.1907504617549387,true,,,,,,0.20173535891691596,1.7151646088591124,8.50205248136742
baseline,208,twostep,true,,0.13171927407940776,0.21114297213885738,,2.1317192740794075,true,,,,,,0.19793786061557894,1.222022273008248,6.173767207586295
baseline,209,twostep,true,,-0.010466375832154595,0.17482532609706372,,1.9895336241678445,true,,,,,,0.18480148735064278,0.8088461857999565,4.376838073090017
baseline,210,twostep,true,,-0.07566921866968412,0.24644027992574927,,1.9243307813303157,true,,,,,,0.14549061788049958,1.6980643744277666,11.671298116435876
baseline,211,twostep,true,,0.15208878682440585,0.21370853410266621,,2.1520887868244056,true,,,,,,0.20587626143233365,1.2908704749100353,6.270127823038559
baseline,212,twostep,true,,0.07963701182563088,0.1820447459474302,,2.0796370118256307,true,,,,,,0.20033988413126527,0.905310928924925,4.518875174809194
baseline,213,twostep,true,,-0.12191508165128351,0.16189518221525465,,1.8780849183487163,true,,,,,,0.16406093706747,0.680992828251612,4.150852972219426
baseline,214,twostep,true,,0.06896819334849846,0.1904698376516777,,2.068968193348498,true,,,,,,0.19903237681603614,0.9633160898491246,4.839996915373769
baseline,215,twostep,true,,-0.044257826171670844,0.17330776719629226,,1.9557421738283285,true,,,,,,0.17794319062895483,0.7568099538881219,4.2530987064642085
baseline,216,twostep,true,,-0.014877806561139462,0.1680744823964391,,1.98512219343886,true,,,,,,0.18746545929061095,0.6999363599787292,3.7336817279693126
baseline,217,twostep,true,,-0.20009689867878344,0.151622206879119,,1.7999031013212161,true,,,,,,0.151133020530814,0.6764512081132471,4.475866397279658
baseline,218,twostep,true,,0.49193559620508265,0.26409124246481963,,2.491935596205082,true,,,,,,0.2744316277294514,1.96588373157257,7.163473641276645
baseline,219,twostep,true,,-0.14702158330647697,0.15995814580768744,,1.8529784166935226,true,,,,,,0.16256741319524787,0.6618152147407478,4.0710201493203915
baseline,220,twostep,true,,-0.06996345994550479,0.19301226448242165,,1.9300365400544948,true,,,,,,0.1558197092262635,1.1376238317102927,7.300898181361421
baseline,221,twostep,true,,0.1641385764145542,0.19398707973595644,,2.1641385764145538,true,,,,,,0.21738898927820913,1.0593519083945155,4.873070673504916
baseline,222,twostep,true,,0.01911833827041165,0.19032369050981773,,2.019118338270412,true,,,,,,0.1855099705181533,0.9636623274037087,5.194665950903207
baseline,223,twostep,true,,0.07891415958516146,0.1894549293831717,,2.0789141595851612,true,,,,,,0.20291769491667186,0.971717571425307,4.788727625869901
baseline,224,twostep,true,,0.23815247054579247,0.2475668325233836,,2.2381524705457925,true,,,,,,0.21148338115465057,1.8053282809059517,8.536501880428027
baseline,225,twostep,true,,-0.12683940436229113,0.16960667725059836,,1.8731605956377084,true,,,,,,0.16411070824219193,0.750768374546865,4.574767744216259
baseline,226,twostep,true,,0.13574472942504756,0.20789826649288137,,2.135744729425048,true,,,,,,0.2039669611539501,1.1877873291382979,5.823430041896738
baseline,227,twostep,true,,0.41755029013214684,0.3438159518066176,,2.417550290132146,true,,,,,,0.21854068362663182,3.293080183443139,15.068499506797725
baseline,228,twostep,true,,0.052259003137635096,0.19509691638780577,,2.052259003137635,true,,,,,,0.19235996106023112,1.009304222590359,5.246955847918523
baseline,229,twostep,true,,0.3239516044941011,0.2430246620392941,,2.3239516044941007,true,,,,,,0.2390880269935877,1.6923448211208258,7.078333626326735
baseline,230,twostep,true,,0.18363877629796943,0.21051626326265654,,2.1836387762979688,true,,,,,,0.21693373472001293,1.201429459590912,5.5382324982398226
baseline,231,twostep,true,,-0.14859852528330353,0.16178228971646083,,1.851401474716696,true,,,,,,0.16129136054631316,0.6761475613280032,4.192087902525036
baseline,232,twostep,true,,-0.1255998898762063,0.18122619543199447,,1.8744001101237935,true,,,,,,0.1584517694319477,0.8901187931058963,5.617600840287158
baseline,233,twostep,true,,-0.1847265851658333,0.1512220123374073,,1.8152734148341663,true,,,,,,0.15084691954412485,0.75833071286756,5.027154118621147
baseline,234,twostep,true,,0.05228985940606501,0.17617395679787515,,2.0522898594060646,true,,,,,,0.19972420776036237,0.7677998094159991,3.84430018787326
baseline,235,twostep,true,,-0.34196240089865615,0.1564976497270237,,1.6580375991013436,true,,,,,,0.11999022308134352,0.6911084791442559,5.75970659439262
baseline,236,twostep,true,,0.08934525369530966,0.2012483364300625,,2.089345253695309,true,,,,,,0.20106136828138216,1.0940100402716322,5.44117474989319
baseline,237,twostep,true,,0.18382530336191483,0.2436029431662465,,2.183825303361915,true,,,,,,0.20433066127364355,1.6789220194641126,8.21669155768878
baseline,238,twostep,true,,-0.26898147059289057,0.1486503272011282,,1.7310185294071088,true,,,,,,0.1421505361842718,0.5401057882439988,3.799533950008123
baseline,239,twostep,true,,0.22242576838796735,0.20052473376363297,,2.2224257683879673,true,,,,,,0.23284898393879291,1.0400427924990046,4.466597942176944
baseline,240,twostep,true,,0.08205407563291467,0.23468416262486072,,2.0820540756329144,true,,,,,,0.18155058999200333,1.5511476198847494,8.543886417295983
baseline,241,twostep,true,,-0.1878463140875941,0.15027807103823465,,1.8121536859124059,true,,,,,,0.15470452554347558,0.5568738763028784,3.599596549270848
baseline,242,twostep,true,,-0.3508130679611403,0.13970420995726815,,1.6491869320388592,true,,,,,,0.12475422657422935,0.6095758972720262,4.886214391376357
baseline,243,twostep,true,,-0.0823210298148116,0.16701169681338981,,1.917678970185188,true,,,,,,0.17171571951194234,0.7871179287901156,4.583843174214308
baseline,244,twostep,true,,-0.1579125430586259,0.19175678821791345,,1.8420874569413737,true,,,,,,0.15101948648725452,1.0281606662284586,6.808132447962148
baseline,245,twostep,true,,0.3751271817265278,0.3281456369547402,,2.3751271817265276,true,,,,,,0.2132676331222191,3.0119874079825055,14.123040444005866
baseline,246,twostep,true,,0.024483501369024996,0.19516564849622497,,2.0244835013690246,true,,,,,,0.18574904050337046,1.0427795912220061,5.613916434755875
baseline,247,twostep,true,,-0.140694827401185,0.1882894285099222,,1.8593051725988148,true,,,,,,0.15375118801401103,1.013626181876992,6.592639673032136
baseline,248,twostep,true,,0.0008624610416725353,0.191453814559119,,2.0008624610416716,true,,,,,,0.1836770139658182,1.0041478427589516,5.466921641843659
baseline,249,twostep,true,,-0.04357610479458862,0.2315797708638399,,1.956423895205411,true,,,,,,0.1593478503777428,1.5345969296699957,9.630484038737578
baseline,250,twostep,true,,-0.07821248160684346,0.16675072812553832,,1.9217875183931559,true,,,,,,0.17442047808212524,0.7172677903672382,4.11229116130226
baseline,251,twostep,true,,0.6683109631809963,0.2500724388405912,,2.6683109631809963,true,,,,,,0.31677450450979816,1.8000001118991702,5.682275834302486
baseline,252,twostep,true,,0.6311587328946642,0.29952002029256053,,2.6311587328946637,true,,,,,,0.2690908907161352,2.632629103478858,9.783419633688109
baseline,253,twostep,true,,0.09948871022331174,0.1813020009521143,,2.0994887102233113,true,,,,,,0.20896509630245133,0.8203359536896024,3.9257080163390867
baseline,254,twostep,true,,0.3452792426064417,0.2723108548930353,,2.3452792426064417,true,,,,,,0.2296411337011769,2.15654269159821,9.390925122345179
baseline,255,twostep,true,,0.23578726921320414,0.24655102612695803,,2.2357872692132035,true,,,,,,0.21569032525150955,1.7100571050309656,7.9282976787990975
baseline,256,twostep,true,,0.219630549429354,0.3258597001735347,,2.2196305494293536,true,,,,,,0.18315822926468095,2.869837145683714,15.66862246487723
baseline,257,twostep,true,,-0.0560194138710588,0.1813307258115622,,1.9439805861289405,true,,,,,,0.17635632894432451,0.8699407971915326,4.932858391865096
baseline,258,twostep,true,,0.09552346304829706,0.20649975299984238,,2.0955234630482966,true,,,,,,0.20005572792454432,1.1756510545149097,5.876617814003976
baseline,259,twostep,true,,-0.07483963525614468,0.16106315869788262,,1.9251603647438558,true,,,,,,0.17213359064712563,0.6566324926177549,3.8146679573067956
baseline,260,twostep,true,,-0.19969385582016153,0.14585811905597632,,1.8003061441798383,true,,,,,,0.14473235583356267,0.6877951305702152,4.752186382989278
baseline,261,twostep,true,,-0.013381083126988269,0.19082466877797452,,1.9866189168730113,true,,,,,,0.18191795956824403,0.9825766013076693,5.401207245506011
baseline,262,twostep,true,,-0.09453871656601653,0.17013430456187442,,1.9054612834339832,true,,,,,,0.16942521429254848,0.8028255259711383,4.738524483049437
baseline,263,twostep,true,,0.15504163360141,0.25526584237973304,,2.1550416336014093,true,,,,,,0.19278200894030267,1.8339215235193014,9.512928792474602
baseline,264,twostep,true,,0.2242968649958028,0.26712388443341145,,2.2242968649958015,true,,,,,,0.19870425296669214,2.033055741286045,10.2315663149235
baseline,265,twostep,true,,0.08950457794919897,0.19980787361674252,,2.0895045779491985,true,,,,,,0.19850852523666213,1.116692351798827,5.625412563352152
baseline,266,twostep,true,,-0.2159629364633897,0.15061982981113456,,1.7840370635366096,true,,,,,,0.1501820870213346,0.5300481636137833,3.5293700741985665
baseline,267,twostep,true,,-0.2141103075169044,0.15562505243202654,,1.7858896924830954,true,,,,,,0.14782405118815942,0.6503432422088513,4.399441342471767
baseline,268,twostep,true,,0.5011678487709816,0.3136418764969923,,2.501167848770981,true,,,,,,0.25162632692161496,2.821645351815709,11.213633272541829
baseline,269,twostep,true,,0.08980554917600259,0.1782835986607879,,2.0898055491760026,true,,,,,,0.20706956839524404,0.7538266617580707,3.640451214536769
baseline,270,twostep,true,,0.034033526005943004,0.16909032664001408,,2.0340335260059432,true,,,,,,0.1920377427116313,0.8448966463558913,4.399638500357763
baseline,271,twostep,true,,0.11172040467675193,0.2223074108223755,,2.1117204046767517,true,,,,,,0.19752460823798437,1.3977569870852276,7.076368861347961
baseline,272,twostep,true,,0.22853615331532318,0.2509343042335908,,2.2285361533153227,true,,,,,,0.2108705441802987,1.8163740678539,8.613692703808182
baseline,273,twostep,true,,0.2559274874811579,0.22477566428499202,,2.255927487481158,true,,,,,,0.2171976352932336,1.4160728785882803,6.519743535312769
baseline,274,twostep,true,,-0.04016712988437554,0.17453631811543155,,1.9598328701156242,true,,,,,,0.1778944763720259,0.7851592093161993,4.4136233194459455
baseline,275,twostep,true,,-0.0022452389236080617,0.17080455799976615,,1.9977547610763922,true,,,,,,0.1872749692321597,0.734784328677438,3.9235586671838982
baseline,276,twostep,true,,0.07845088348266605,0.1925949485108332,,2.0784508834826654,true,,,,,,0.19764957963090524,1.0699583701319855,5.4134108057808525
baseline,277,twostep,true,,0.2419915943333879,0.25349187888781166,,2.241991594333387,true,,,,,,0.2030538209388442,1.95559450248096,9.630917031942712
baseline,278,twostep,true,,0.11251628608616682,0.2335845155829575,,2.1125162860861666,true,,,,,,0.19213505718310137,1.5419974949433835,8.025591568507389
baseline,279,twostep,true,,-0.4133323480897888,0.1321962330659306,,1.5866676519102108,true,,,,,,0.11864327407484176,0.4140593042177383,3.489951768833892
baseline,280,twostep,true,,0.41029439274549917,0.24493621848121735,,2.4102943927454983,true,,,,,,0.26217472579895196,1.6829743463102664,6.41928523499573
baseline,281,twostep,true,,0.047345068271871904,0.19582668139636739,,2.0473450682718717,true,,,,,,0.19115544297400125,1.059123216059211,5.5406385483005085
baseline,282,twostep,true,,0.21896083776836428,0.32985127590916524,,2.218960837768364,true,,,,,,0.16805647551066002,2.9676142829368546,17.6584346061013
baseline,283,twostep,true,,0.2172142152439438,0.276003670066113,,2.217214215243944,true,,,,,,0.19905165516401693,2.1210994447509006,10.65602515589801
baseline,284,twostep,true,,-0.18789107905622338,0.17336715648719134,,1.8121089209437762,true,,,,,,0.14065470604152694,0.937550744965596,6.665619454558408
baseline,285,twostep,true,,0.18771326090344864,0.20154128297370255,,2.1877132609034486,true,,,,,,0.21733266553803998,1.1104871231067774,5.109619027391019
baseline,286,twostep,true,,0.06572736176855498,0.1758998200074712,,2.0657273617685545,true,,,,,,0.20199393283695197,0.7635013156932143,3.7798230123550645
baseline,287,twostep,true,,-0.055307806046888564,0.1665669510772554,,1.9446921939531112,true,,,,,,0.17794997210524882,0.7202093047132505,4.047257193652615
baseline,288,twostep,true,,0.033600584629468466,0.18253356679684907,,2.0336005846294682,true,,,,,,0.1882647980865136,0.9367995437477947,4.975967643814675
baseline,289,twostep,true,,-0.01557023904367738,0.19181969858778497,,1.9844297609563222,true,,,,,,0.18098279834663228,0.9988948243909939,5.519280470389418
baseline,290,twostep,true,,0.3101622905546346,0.2733004248988293,,2.3101622905546337,true,,,,,,0.21705122331570317,2.160464246418724,9.953706841247824
baseline,291,twostep,true,,-0.04051063594434812,0.2034034295493268,,1.9594893640556519,true,,,,,,0.1697171154671315,1.154680950495481,6.803562194168353
baseline,292,twostep,true,,0.06988001043504077,0.20153228955774694,,2.0698800104350408,true,,,,,,0.19490545129857195,1.1444249643412885,5.871692950179036
baseline,293,twostep,true,,0.05815985619612496,0.18987232092301573,,2.0581598561961245,true,,,,,,0.19768151137284995,0.9597730063590855,4.855148059591895
baseline,294,twostep,true,,-0.04258858719533953,0.16257394777827697,,1.9574114128046602,true,,,,,,0.17381716470061437,0.8995145097814725,5.17506145800279
baseline,295,twostep,true,,-0.09436252304687076,0.15540342469362683,,1.9056374769531288,true,,,,,,0.16698480868475335,0.6078050372187731,3.639882226449915
baseline,296,twostep,true,,0.10130662207676333,0.2095816680423258,,2.1013066220767627,true,,,,,,0.19457722629907803,1.2774949445466195,6.565490570736297
baseline,297,twostep,true,,0.3220106561837557,0.2762513516015617,,2.3220106561837555,true,,,,,,0.20139702415703276,2.1235111922263243,10.543905507613587
baseline,298,twostep,true,,-0.0005503217280040662,0.21818986037112792,,1.9994496782719955,true,,,,,,0.17209591481083658,1.3420070030424744,7.798017776991244
baseline,299,twostep,true,,0.041202123867923435,0.17282143151438223,,2.041202123867923,true,,,,,,0.1962199911369723,0.7116582938139762,3.626838884714859
baseline,300,twostep,true,,-0.11575941430872438,0.19534980213775022,,1.8842405856912747,true,,,,,,0.15179075686482008,1.0463110090703656,6.8931141176282305
baseline,301,twostep,true,,0.31063800403580544,0.23328714126638436,,2.3106380040358054,true,,,,,,0.21611763802400163,1.5721133892170291,7.274340972773509
baseline,302,twostep,true,,-0.33121467316566156,0.15309249326697252,,1.6687853268343382,true,,,,,,0.12996189796155996,0.6076008064690716,4.675222630626611
baseline,303,twostep,true,,0.3104014686935943,0.25330794411880764,,2.310401468693594,true,,,,,,0.23054574328560817,1.8427357550830359,7.9929289902359635
baseline,304,twostep,true,,-0.11089655331266779,0.15505194825269958,,1.889103446687332,true,,,,,,0.16557972075078825,0.5679214287183725,3.429897249151321
baseline,305,twostep,true,,-0.09627506725577328,0.18217623617886133,,1.9037249327442265,true,,,,,,0.1672172633343118,0.9088456687509059,5.435118663160283
baseline,306,twostep,true,,-0.033424120573827265,0.21107110009310115,,1.9665758794261723,true,,,,,,0.16499875229300476,1.2881290576975262,7.806901808627418
baseline,307,twostep,true,,0.07963724526702443,0.1754262618312168,,2.079637245267024,true,,,,,,0.2009614264295983,0.780631023054645,3.884481897465627
baseline,308,twostep,true,,0.06696449224176981,0.17332792504493896,,2.06696449224177,true,,,,,,0.17484681236549315,1.4819848975865275,8.475904579196117
baseline,309,twostep,true,,-0.043704256695221266,0.20875995764658123,,1.9562957433047778,true,,,,,,0.16817535631981206,1.2152470265698119,7.226070770195529
baseline,310,twostep,true,,0.48951074925075333,0.24332163539556267,,2.489510749250752,true,,,,,,0.27917711567993875,1.6404216738081,5.875917407531187
baseline,311,twostep,true,,0.06390048066988241,0.17843513725045826,,2.063900480669882,true,,,,,,0.19565503499035536,0.9367722911312901,4.787877251293162
baseline,312,twostep,true,,0.10793933556816993,0.2411872700444071,,2.1079393355681693,true,,,,,,0.18550542647400292,1.6970025476804027,9.147994104195242
baseline,313,twostep,true,,-0.3196097626871268,0.14657985107925908,,1.680390237312873,true,,,,,,0.13392649569683782,0.5347535587942573,3.992888457297876
baseline,314,twostep,true,,-0.18665988088956076,0.16072062569338483,,1.8133401191104386,true,,,,,,0.15178274558852115,0.6657409698868364,4.3861439408379255
baseline,315,twostep,true,,0.011264735165475326,0.1854771875834287,,2.0112647351654758,true,,,,,,0.18389400280558518,0.970034403121125,5.27496486194091
baseline,316,twostep,true,,-0.17822417821734637,0.15020451092615258,,1.8217758217826527,true,,,,,,0.15649003304917958,0.5089708130164072,3.2524168031612257
baseline,317,twostep,true,,0.1762973453268617,0.21056986966622118,,2.1762973453268617,true,,,,,,0.21443189558387288,1.2655271151667187,5.901767140195431
baseline,318,twostep,true,,0.07602919765822747,0.20138582359087134,,2.076029197658227,true,,,,,,0.19485889188061106,1.1417138650675795,5.859182786316476
baseline,319,twostep,true,,-0.26870655350253925,0.1415720379268291,,1.7312934464974608,true,,,,,,0.1373018310326202,0.5399532638843437,3.932600605712691
baseline,320,twostep,true,,0.21830215275787057,0.2598355961590035,,2.21830215275787,true,,,,,,0.20243203704757318,1.9129239771447164,9.449709665744082
baseline,321,twostep,true,,0.23952624643131593,0.2592184410302613,,2.239526246431315,true,,,,,,0.20878004277850004,1.8809364801245954,9.009177577955226
baseline,322,twostep,true,,-0.2568290805172462,0.1480799515731406,,1.7431709194827534,true,,,,,,0.14465218432364196,0.517056559678853,3.5744815199057123
baseline,323,twostep,true,,-0.1224520394083708,0.16348143757319958,,1.8775479605916288,true,,,,,,0.16338414246989658,0.7873917393011092,4.8192665909801224
baseline,324,twostep,true,,-0.07840719602097845,0.16551515788850676,,1.9215928039790209,true,,,,,,0.17500182878192339,0.6665085034035639,3.8085802190908886
baseline,325,twostep,true,,-0.1311094726087052,0.17841972971202383,,1.8688905273912944,true,,,,,,0.1618994784275309,0.8606723233547331,5.316090772583837
baseline,326,twostep,true,,-0.035301334317276334,0.1740246732508467,,1.964698665682723,true,,,,,,0.17228452381950748,0.7755984565804822,4.501846360808541
baseline,327,twostep,true,,-0.18106990168002746,0.15415790930409748,,1.818930098319972,true,,,,,,0.15629485969464066,0.5855692954634548,3.7465678436738377
baseline,328,twostep,true,,0.07339748711176153,0.20048376771555765,,2.073397487111762,true,,,,,,0.19714374317010996,1.083237452292943,5.4946580341545355
baseline,329,twostep,true,,0.10107359716348374,0.1974741148996202,,2.1010735971634835,true,,,,,,0.20544914553005883,1.0435504378796114,5.079361294919242
baseline,330,twostep,true,,0.0561707278891046,0.21250906895231056,,2.0561707278891044,true,,,,,,0.18671395638390464,1.3049456785443843,6.9890098405995476
baseline,331,twostep,true,,0.3717318118334032,0.21687417161731312,,2.3717318118334028,true,,,,,,0.2644222726843634,1.234416396110563,4.668352569467799
baseline,332,twostep,true,,0.20437457338268317,0.21300775219807708,,2.204374573382683,true,,,,,,0.21853272310792446,1.2658509134466458,5.792500525523097
baseline,333,twostep,true,,0.23585218478053527,0.2307347420313934,,2.2358521847805353,true,,,,,,0.21424193009180287,1.548776938790584,7.2291028097391195
baseline,334,twostep,true,,0.32199959905588504,0.2793238918628567,,2.321999599055885,true,,,,,,0.22313024174580523,2.2107826393256396,9.908036768248612
baseline,335,twostep,true,,-0.06231545327020127,0.1822818699500024,,1.937684546729798,true,,,,,,0.1739064213120723,0.9125928156955958,5.24760850582948
baseline,336,twostep,true,,-0.2374619437050698,0.1774398074220118,,1.76253805629493,true,,,,,,0.1379061807313431,0.8663377419980318,6.282080595689588
baseline,337,twostep,true,,0.1503948634173955,0.19170888659396293,,2.1503948634173953,true,,,,,,0.21621991577306368,0.958163581599739,4.431430741122809
baseline,338,twostep,true,,0.07857737390529973,0.2101630955064689,,2.0785773739052993,true,,,,,,0.19351257340116562,1.2402703869741336,6.409249617093164
baseline,339,twostep,true,,-0.12407836844568632,0.1820243490667866,,1.8759216315543126,true,,,,,,0.16112233832473796,0.8978348787480421,5.572379895197889
baseline,340,twostep,true,,-0.09497061073308832,0.19004292921579843,,1.9050293892669112,true,,,,,,0.16407531747953147,1.0041765692468365,6.120217133647225
baseline,341,twostep,true,,-0.0866203170896418,0.1608924338363859,,1.9133796829103582,true,,,,,,0.17422099801947336,0.615745411402922,3.5342778333418674
baseline,342,twostep,true,,-0.15763759431380553,0.20182362775976653,,1.842362405686194,true,,,,,,0.14770386127205315,1.1437365464605074,7.743443784139665
baseline,343,twostep,true,,0.1489324937176042,0.2129396970605312,,2.148932493717604,true,,,,,,0.20781825724268282,1.291612506777003,6.2151060446469995
baseline,344,twostep,true,,-0.14000721175200126,0.16499534093082863,,1.8599927882479985,true,,,,,,0.1593494813369883,0.8028375460767115,5.038218758797782
baseline,345,twostep,true,,0.3001845266481855,0.27834868292183435,,2.3001845266481844,true,,,,,,0.21988171944195986,2.2034812841603952,10.021211812208099
baseline,346,twostep,true,,-0.12762682104115197,0.18549081704783466,,1.8723731789588476,true,,,,,,0.15950073157663533,0.9379101101883962,5.880287199421142
baseline,347,twostep,true,,-0.11264844095273174,0.15925075439723305,,1.8873515590472678,true,,,,,,0.16434981867677903,0.7396654650707103,4.500555406911547
baseline,348,twostep,true,,-0.08199234518587395,0.15726697227218048,,1.9180076548141258,true,,,,,,0.16870290006645766,0.7446310414276669,4.4138603493735555
baseline,349,twostep,true,,-0.20118228902369295,0.14972779125552543,,1.7988177109763068,true,,,,,,0.15258907409551056,0.5305955099009692,3.4772837639007617
baseline,350,twostep,true,,0.19349987560512072,0.1944134621726355,,2.1934998756051205,true,,,,,,0.2188855406959949,1.05381594443684,4.814461206921204
baseline,351,twostep,true,,-0.12082812857808967,0.19370574443233807,,1.8791718714219101,true,,,,,,0.15866338262083007,1.044033617492143,6.580180002761881
baseline,352,twostep,true,,0.21089628466913535,0.2957700673583508,,2.210896284669135,true,,,,,,0.19077167298640638,2.4730989743880167,12.963659308917629
baseline,353,twostep,true,,-0.29105338970972383,0.1551338157858907,,1.7089466102902762,true,,,,,,0.135676511663067,0.6583514685003826,4.852361403094615
baseline,354,twostep,true,,-0.0017382217311154857,0.17995812038869408,,1.9982617782688838,true,,,,,,0.1859201904959477,0.8457584615706056,4.549040420594016
baseline,355,twostep,true,,-0.06537538173047341,0.1963928535373374,,1.9346246182695266,true,,,,,,0.16861155896765284,1.0673162600996253,6.330030198608055
baseline,356,twostep,true,,-0.1070603388029947,0.16929251701055475,,1.8929396611970044,true,,,,,,0.1686583039429088,0.750679625083585,4.450890395160689
baseline,357,twostep,true,,-0.2175344191930002,0.16080259085577886,,1.7824655808069998,true,,,,,,0.14951022098022212,0.671297606489923,4.489978023500649
baseline,358,twostep,true,,-0.09385902157672343,0.16836068175065683,,1.9061409784232763,true,,,,,,0.17013313042380046,0.7775085972965985,4.57000112417746
baseline,359,twostep,true,,0.13548670146676756,0.23039104169896624,,2.135486701466767,true,,,,,,0.19641549623292226,1.554081486060789,7.912214239032638
baseline,360,twostep,true,,-0.23202549125425298,0.18446065231760975,,1.7679745087457466,true,,,,,,0.13390818621096262,0.9747079541019401,7.278927313423233
baseline,361,twostep,true,,0.09557978469305639,0.17918820362460622,,2.095579784693056,true,,,,,,0.20649064497942324,0.8801718003699953,4.262526277922684
baseline,362,twostep,true,,0.45154665638427627,0.25568304171144485,,2.451546656384275,true,,,,,,0.2557635616785678,1.93908829413876,7.581565886135569
baseline,363,twostep,true,,0.3366787341377997,0.2833578295546351,,2.336678734137799,true,,,,,,0.21549990321691914,2.2460306800145045,10.422420829366601
baseline,364,twostep,true,,-0.2977602290172856,0.1673119241287533,,1.7022397709827144,true,,,,,,0.13180693780472155,0.7558727879301592,5.7346965229555815
baseline,365,twostep,true,,0.03219931183616431,0.21038163931614506,,2.0321993118361643,true,,,,,,0.18432887432015388,1.2214368200667316,6.626399822445961
baseline,366,twostep,true,,0.30744370019218126,0.3157450446787676,,2.3074437001921813,true,,,,,,0.19822647710426186,2.789181403083277,14.070680384519177
baseline,367,twostep,true,,-0.1852357018860371,0.16300726323138576,,1.8147642981139627,true,,,,,,0.15403340191873452,0.7169949707868873,4.6548018926775505
baseline,368,twostep,true,,-0.09705750496772247,0.15858223247656983,,1.902942495032277,true,,,,,,0.17154914306256946,0.5705236668399231,3.325715632586021
baseline,369,twostep,true,,-0.23825036272000322,0.15882426972926597,,1.7617496372799961,true,,,,,,0.14522043993997627,0.6890192822116172,4.744643952989045
baseline,370,twostep,true,,-0.10664523830591977,0.1543739532990337,,1.89335476169408,true,,,,,,0.16581684694974208,0.6810241271349013,4.107086461132113
baseline,371,twostep,true,,-0.056955653089749925,0.20162810337148387,,1.9430443469102496,true,,,,,,0.16749562691217104,1.1455009739417417,6.838990336997891
baseline,372,twostep,true,,0.016587151953580515,0.16655426787909128,,2.0165871519535803,true,,,,,,0.1766599724374552,1.0426315911709034,5.901911886350131
baseline,373,twostep,true,,0.1586315856886895,0.21076529966670146,,2.1586315856886897,true,,,,,,0.2086770988595788,1.22389815017013,5.865033378644511
baseline,374,twostep,true,,-0.08222524143180387,0.21220515913309174,,1.9177747585681957,true,,,,,,0.1528211233183806,1.3084630077811057,8.562055947299335
baseline,375,twostep,true,,-0.1281960995777529,0.15921185985527114,,1.8718039004222466,true,,,,,,0.16585588772511073,0.6206544530446936,3.7421309641618827
baseline,376,twostep,true,,-0.19942956945988333,0.15277312993961517,,1.8005704305401167,true,,,,,,0.15381126542557144,0.5548595508326539,3.6074051487545162
baseline,377,twostep,true,,0.11257471584579526,0.2028622750672543,,2.112574715845795,true,,,,,,0.20570283824961105,1.1242108510053201,5.4652179842124555
baseline,378,twostep,true,,-0.096838775065617,0.1620142782595575,,1.9031612249343826,true,,,,,,0.17056635262468367,0.7071566574735451,4.145932926346742
baseline,379,twostep,true,,-0.13662327230665117,0.15638967983295018,,1.8633767276933486,true,,,,,,0.1647396111783319,0.5703026984771796,3.461843174194593
baseline,380,twostep,true,,-0.09098428685046112,0.17097952838842953,,1.9090157131495389,true,,,,,,0.17217854245562592,0.7572601364050923,4.398109808603208
baseline,381,twostep,true,,0.25450725026480114,0.29029837811391784,,2.254507250264801,true,,,,,,0.19445231291386375,2.4173354018384643,12.431507579492088
baseline,382,twostep,true,,0.24300500217896737,0.2611003222775626,,2.243005002178967,true,,,,,,0.20750938946874498,1.911596112866647,9.212094535869527
baseline,383,twostep,true,,-0.05848752398345636,0.20904702221766677,,1.9415124760165434,true,,,,,,0.16230934856552315,1.2228330793599471,7.533965789199739
baseline,384,twostep,true,,-0.23583743407886937,0.1513875603908521,,1.76416256592113,true,,,,,,0.14851306917448054,0.551553572593778,3.7138386248403865
baseline,385,twostep,true,,0.48458048312610824,0.2942068738923081,,2.4845804831261082,true,,,,,,0.2516274802608755,2.428292169480881,9.650345689442752
baseline,386,twostep,true,,-0.19191402494050358,0.16757620714694962,,1.8080859750594958,true,,,,,,0.1525550717230812,0.73895585911698,4.84386294582416
baseline,387,twostep,true,,0.3310581676253832,0.19259548878991142,,2.331058167625383,true,,,,,,0.247160327930173,1.121372385837925,4.5370241868053025
baseline,388,twostep,true,,0.15182550911177972,0.20668817342567394,,2.1518255091117795,true,,,,,,0.2081085767253576,1.199206514762755,5.762407939319852
baseline,389,twostep,true,,-0.059686256941051674,0.1802010037194191,,1.940313743058948,true,,,,,,0.1634462820595745,1.0872179016728514,6.651836236180468
baseline,390,twostep,true,,-0.13342618472713075,0.17273174210818118,,1.866573815272869,true,,,,,,0.15724554893899279,0.8256415562388904,5.250651365395519
baseline,391,twostep,true,,-0.17592425847223914,0.15640908010938245,,1.8240757415277609,true,,,,,,0.1567686991749221,0.6101112095561964,3.8917922567912355
baseline,392,twostep,true,,0.07872973553583895,0.19573252526240772,,2.0787297355358385,true,,,,,,0.2005552505603011,1.0302183008520776,5.136830364569892
baseline,393,twostep,true,,0.588046661301773,0.3572081622565515,,2.5880466613017723,true,,,,,,0.24454134417989531,3.4804656838195234,14.232626779294796
baseline,394,twostep,true,,-0.10632690292556735,0.15488409919029839,,1.8936730970744318,true,,,,,,0.16614416429020204,0.6456043706787971,3.8858082884640326
baseline,395,twostep,true,,0.20983818739939464,0.21197057522940785,,2.209838187399394,true,,,,,,0.22148487245486587,1.2947734978651246,5.845877795238469
baseline,396,twostep,true,,-0.18721270098971865,0.15363536197635724,,1.8127872990102813,true,,,,,,0.15333314767234107,0.606799363038595,3.957391941990716
baseline,397,twostep,true,,-0.10229067465193209,0.21147336915407125,,1.8977093253480675,true,,,,,,0.1498817110406141,1.2516611883851383,8.350993458074216
baseline,398,twostep,true,,0.19042754725438304,0.2766252092990388,,2.1904275472543824,true,,,,,,0.1857212887640072,2.1507736816725007,11.58065236347488
baseline,399,twostep,true,,0.04297472288873072,0.21007000197738024,,2.0429747228887303,true,,,,,,0.1869499478121636,1.2331380168520902,6.5960864460421
baseline,400,twostep,true,,0.3137730645587,0.23167672936310357,,2.3137730645586996,true,,,,,,0.23777634827381192,1.5315837505809031,6.44127879707028
baseline,1,cue,true,,0.18060500287594405,0.27015325444864186,,2.1806050028759434,true,,,,,,0.19454952831820466,2.0481081580800287,10.527438312418568
baseline,2,cue,true,,-0.1311144384684435,0.18429037435013557,,1.8688855615315565,true,,,,,,0.15559742814285943,0.9214334585785453,5.921906740852716
baseline,3,cue,true,,-0.07137750763640116,0.18774284555888163,,1.9286224923635982,true,,,,,,0.16997004375632782,0.9549883514615605,5.618568603951466
baseline,4,cue,true,,-0.0009602908405701438,0.18141022958890834,,1.9990397091594296,true,,,,,,0.18755490370896694,0.8645702510632781,4.609691530139093
baseline,5,cue,true,,-0.1509012415510822,0.15502429904736312,,1.849098758448918,true,,,,,,0.16129917419520762,0.638448657851611,3.9581644545740025
baseline,6,cue,true,,0.3511307837402038,0.23336367867769578,,2.3511307837402033,true,,,,,,0.2494228455739907,1.561718447926077,6.261328806237186
baseline,7,cue,true,,0.1624430932115497,0.2127884232969554,,2.1624430932115493,true,,,,,,0.20637472561561376,1.3216776731296513,6.404261322151247
baseline,8,cue,true,,-0.11554470330966549,0.19142067288047462,,1.8844552966903343,true,,,,,,0.15885320924495488,1.0311255385444034,6.491058905548372
baseline,9,cue,true,,0.16710511494972624,0.22211997151417795,,2.167105114949726,true,,,,,,0.19832239867131346,1.4474873752975084,7.29865806885726
baseline,10,cue,true,,0.21944558946954507,0.24376527716294252,,2.219445589469545,true,,,,,,0.20781786154143342,1.7306418968082014,8.327686003366736
baseline,11,cue,true,,0.06974637099672609,0.1675178117573448,,2.069746370996725,true,,,,,,0.1939371329027881,0.7559383658576085,3.89785264195138
baseline,12,cue,true,,-0.03291897303682512,0.16825545507951944,,1.9670810269631744,true,,,,,,0.18154651738175398,0.6908222788352751,3.8052081020239115
baseline,13,cue,true,,0.14637784844353585,0.22561535142061398,,2.1463778484435356,true,,,,,,0.20251511202562777,1.4303927099818297,7.063140600592893
baseline,14,cue,true,,0.16855748025765038,0.18260389650680717,,2.16855748025765,true,,,,,,0.21866241969815617,0.8351093768949418,3.8191719365757284
baseline,15,cue,true,,0.15423897935189435,0.2150215397657474,,2.154238979351894,true,,,,,,0.20767204121413807,1.2800815584860505,6.163957126834
baseline,16,cue,true,,-0.06735427170728858,0.20050127228576692,,1.932645728292711,true,,,,,,0.1643249759065755,1.110699746439614,6.759165734313484
baseline,17,cue,true,,0.009576920409888334,0.218228725577676,,2.0095769204098874,true,,,,,,0.1718596759328221,1.3420732923695995,7.809122675724119
baseline,18,cue,true,,-0.05736337231809152,0.21919969755766847,,1.9426366276819083,true,,,,,,0.16289456604222902,1.3594771302246293,8.345748807066999
baseline,19,cue,true,,-0.3658809959417375,0.13742999061068417,,1.6341190040582623,true,,,,,,0.12634009389547313,0.43530778046083424,3.4455236420908792
baseline,20,cue,true,,-0.16139708019972465,0.1539755282874828,,1.8386029198002751,true,,,,,,0.15826603107220807,0.58356748084356,3.687256683509744
baseline,21,cue,true,,0.150973008533982,0.2176623994498716,,2.1509730085339815,true,,,,,,0.20305584794830364,1.3595777936503743,6.695585512004125
baseline,22,cue,true,,0.0012260134166950376,0.1777138517735061,,2.0012260134166944,true,,,,,,0.187750803186881,0.8200195829927981,4.367595605844506
baseline,23,cue,true,,0.007578175403451848,0.16858456137364378,,2.0075781754034514,true,,,,,,0.18977707470214553,0.7599619666196005,4.004498266254542
baseline,24,cue,true,,-0.07536777042733811,0.19751229686689104,,1.9246322295726614,true,,,,,,0.15742476242696665,1.10605859390509,7.025950535693003
baseline,25,cue,true,,-0.0001062220659964197,0.17215784566866058,,1.9998937779340031,true,,,,,,0.18792163705832077,0.7276178516068355,3.871921631786456
baseline,26,cue,true,,0.11674735409965953,0.24147160264690085,,2.116747354099659,true,,,,,,0.18593730491290344,1.6285108284414025,8.75838675409557
baseline,27,cue,true,,0.12315381800043324,0.18467746396642046,,2.123153818000433,true,,,,,,0.21199624134727885,0.9337509268784303,4.404563594827224
baseline,28,cue,true,,-0.030293639674303208,0.19266967129962856,,1.9697063603256966,true,,,,,,0.17345306101997834,1.0366697440796795,5.976658687852593
baseline,29,cue,true,,0.058090213761552434,0.28082246998213883,,2.0580902137615524,true,,,,,,0.1539704785307069,2.1652946908174866,14.063050991853961
baseline,30,cue,true,,0.14684052956916815,0.26506625150140156,,2.146840529569168,true,,,,,,0.18610671877689766,1.9802699267439698,10.640507445181987
baseline,31,cue,true,,-0.019241279107513165,0.1882657833363551,,1.9807587208924866,true,,,,,,0.17957919166323488,0.9961025160226036,5.546870474228418
baseline,32,cue,true,,0.1505274550391027,0.2957077136709696,,2.1505274550391027,true,,,,,,0.175329597909592,2.4100065787352456,13.745577514972435
baseline,33,cue,true,,0.25987210487758894,0.19915624361914086,,2.2598721048775885,true,,,,,,0.23603314218029495,1.051472088729547,4.454764610668003
baseline,34,cue,true,,-0.19162932071960603,0.1500204151877239,,1.8083706792803937,true,,,,,,0.15395366187067627,0.5104954800587658,3.3159034598838626
baseline,35,cue,true,,0.4222030284572855,0.3002235962734128,,2.422203028457285,true,,,,,,0.23946812609557194,2.526466508227002,10.550324794451713
baseline,36,cue,true,,0.11676466848177336,0.20157905788886285,,2.1167646684817734,true,,,,,,0.20649296325495065,1.0903434958027036,5.280293713720837
baseline,37,cue,true,,0.292181148259512,0.26747617369889887,,2.2921811482595116,true,,,,,,0.22037530330381794,2.0701326131256828,9.393668809937916
baseline,38,cue,true,,-0.361231978535302,0.14707630559834675,,1.6387680214646978,true,,,,,,0.1260116050151279,0.5567221433296834,4.418022794510458
baseline,39,cue,true,,0.11985740333282324,0.17784342751315144,,2.119857403332823,true,,,,,,0.21269483523917662,0.7534304626870226,3.5423072771832262
baseline,40,cue,true,,0.3733957950907323,0.37134314356346737,,2.3733957950907314,true,,,,,,0.19490091673745502,3.6565789050237987,18.761219630123456
baseline,41,cue,true,,-0.16179600041882702,0.19179092540553566,,1.8382039995811728,true,,,,,,0.14866787084090308,1.0211523067528554,6.86868185423629
baseline,42,cue,true,,0.13752064654666674,0.20183903724935254,,2.1375206465466663,true,,,,,,0.21279344493780167,1.1113916908836592,5.222866198761492
baseline,43,cue,true,,-0.07612471184491576,0.17109522981797798,,1.9238752881550836,true,,,,,,0.17218013329035006,0.7875771788861932,4.574146644189718
baseline,44,cue,true,,0.032419231761474876,0.1885579515629205,,2.0324192317614744,true,,,,,,0.19300574672964227,0.9478829676942017,4.9111644795839835
baseline,45,cue,true,,-0.2853110380483532,0.1485708747801035,,1.7146889619516463,true,,,,,,0.13839277944197628,0.5550557411042245,4.0107276069048226
baseline,46,cue,true,,-0.053392511521535235,0.1922641929232665,,1.9466074884784648,true,,,,,,0.17182308971869384,1.0247972715159506,5.964258198323247
baseline,47,cue,true,,-0.03034133608709899,0.18153977421799183,,1.9696586639129003,true,,,,,,0.17900864849889753,0.9149078177549986,5.110969919202721
baseline,48,cue,true,,0.2948713640126819,0.2679178512686848,,2.2948713640126814,true,,,,,,0.22234072209055641,2.025237484459706,9.1087114650768
baseline,49,cue,true,,0.16221339251092637,0.21411107518712513,,2.162213392510926,true,,,,,,0.2119820171658118,1.2472281823274742,5.883650882291093
baseline,50,cue,true,,-0.10353057475034788,0.17167650292881761,,1.8964694252496515,true,,,,,,0.1679940347486002,0.7914011289249908,4.710888277130239
baseline,51,cue,true,,-0.16513102487882536,0.15291541956067703,,1.8348689751211742,true,,,,,,0.16000134917109415,0.537968201306209,3.362272906404957
baseline,52,cue,true,,0.1040621964008801,0.2090932100794436,,2.104062196400879,true,,,,,,0.20217774614596784,1.2157991025846129,6.013515956928479
baseline,53,cue,true,,-0.21864370178522985,0.1449188160078984,,1.7813562982147695,true,,,,,,0.14774640813982842,0.4815692393102023,3.2594311115464896
baseline,54,cue,true,,0.2729342086894455,0.2395430176860241,,2.2729342086894455,true,,,,,,0.22763784315506513,1.6212100655520345,7.12188291314849
baseline,55,cue,true,,0.04758970311769706,0.21763398849441948,,2.047589703117697,true,,,,,,0.14851150968483975,1.5210623239926622,10.242050109251123
baseline,56,cue,true,,-0.47450052835994305,0.12066327784322708,,1.5254994716400567,true,,,,,,0.10117684456128573,0.3839732765819379,3.795070682890829
baseline,57,cue,true,,0.0582189261612025,0.17348869814458026,,2.0582189261612025,true,,,,,,0.19882479420933957,0.7724157841554933,3.8849067452936907
baseline,58,cue,true,,-0.06873163113259628,0.1721018338677057,,1.9312683688674028,true,,,,,,0.17545260135228316,0.763929356105906,4.354049755991064
baseline,59,cue,true,,-0.16825400754090403,0.16046845648703678,,1.831745992459095,true,,,,,,0.15798999887871093,0.6862160541434031,4.343414513663057
baseline,60,cue,true,,0.17703116835986688,0.21088208334546063,,2.1770311683598664,true,,,,,,0.2168862949353207,1.2255692235624933,5.650745354509281
baseline,61,cue,true,,-0.038527549956759444,0.16644559390535837,,1.9614724500432403,true,,,,,,0.18214990625769634,0.6744260549261104,3.702587988005698
baseline,62,cue,true,,-0.21499390832551013,0.16629236547936932,,1.785006091674489,true,,,,,,0.14697509571580894,0.7444916579327986,5.065427270565265
baseline,63,cue,true,,-0.1174068945272273,0.20652091775318268,,1.8825931054727723,true,,,,,,0.14989432451332255,1.2011320074421101,8.013192036069077
baseline,64,cue,true,,-0.0021914083631531245,0.25430434925742784,,1.9978085916368464,true,,,,,,0.154168305152362,1.8244551696346925,11.834178029210436
baseline,65,cue,true,,0.23806177197419487,0.2976155769761613,,2.2380617719741944,true,,,,,,0.18343971725450967,2.489388619072675,13.57060867913803
baseline,66,cue,true,,0.07014905381690495,0.17401096242043748,,2.0701490538169045,true,,,,,,0.2024161966784938,0.7460977333459633,3.6859586613566395
baseline,67,cue,true,,0.22482248166344587,0.24631554314507847,,2.224822481663445,true,,,,,,0.21276855212342669,1.703777395001703,8.007656103301134
baseline,68,cue,true,,0.05185424954663009,0.19566112880699968,,2.05185424954663,true,,,,,,0.19394550463042484,1.0566132585968322,5.447990457991146
baseline,69,cue,true,,0.010535797408334435,0.22399140749750185,,2.0105357974083344,true,,,,,,0.17291067339142535,1.416472711310568,8.19193334643974
baseline,70,cue,true,,-0.09998699657909516,0.20527795002071675,,1.9000130034209048,true,,,,,,0.15764916366183443,1.198261734607006,7.600812505274934
baseline,71,cue,true,,0.5012525442996709,0.3091145524958237,,2.5012525442996703,true,,,,,,0.23335677226332058,2.7283358802469633,11.691693597682692
baseline,72,cue,true,,0.33868426519624495,0.24395623962863328,,2.338684265196244,true,,,,,,0.23579216078546789,1.688756745156593,7.162056361547507
baseline,73,cue,true,,0.10115618300260865,0.18670036188554737,,2.1011561830026086,true,,,,,,0.20841336572363547,0.9139223066684545,4.385142495517069
baseline,74,cue,true,,0.3018332784480058,0.20833974746780226,,2.3018332784480053,true,,,,,,0.2336863282938022,1.2085993432475184,5.171887256185593
baseline,75,cue,true,,-0.10031259344738297,0.19271724848646957,,1.8996874065526164,true,,,,,,0.16290391833217638,1.0457602138187567,6.419490854028161
baseline,76,cue,true,,0.1433405632212752,0.22890230709619555,,2.1433405632212748,true,,,,,,0.2011131908606944,1.4863428957522078,7.390578854580239
baseline,77,cue,true,,0.020266899383185377,0.2254359179803909,,2.0202668993831856,true,,,,,,0.17458751831606112,1.419504011706904,8.13061566713568
baseline,78,cue,true,,-0.2753947133709358,0.1432315339941395,,1.7246052866290638,true,,,,,,0.13624386877311312,0.5293935877880599,3.885632377847835
baseline,79,cue,true,,-0.2894165213437294,0.1395086702350297,,1.7105834786562706,true,,,,,,0.1368806521576338,0.4264720405236605,3.1156488064692223
baseline,80,cue,true,,0.3297560987562571,0.23995481164795998,,2.3297560987562567,true,,,,,,0.23986108236427978,1.6059913971111128,6.695506337589502
baseline,81,cue,true,,0.0824133369943818,0.23528257194613117,,2.0824133369943816,true,,,,,,0.18048350382758327,1.5884020203915084,8.800815513360801
baseline,82,cue,true,,0.1515294159079359,0.2110905068837433,,2.1515294159079352,true,,,,,,0.2071066746394586,1.2909615420775653,6.233316933531641
baseline,83,cue,true,,0.18461001463037108,0.2011108550457314,,2.1846100146303704,true,,,,,,0.21231046835810327,1.283904512792506,6.047297256331935
baseline,84,cue,true,,0.12189846000544735,0.21239602077336486,,2.1218984600054474,true,,,,,,0.19574847114171914,1.3160671710742817,6.723256449453787
baseline,85,cue,true,,-0.007951762129468243,0.3146721454080648,,1.9920482378705315,true,,,,,,0.13417954967214127,2.624903206482032,19.562617499431227
baseline,86,cue,true,,0.028484881502083725,0.21448654495668934,,2.028484881502083,true,,,,,,0.18041470954246924,1.313923988443423,7.282798568783706
baseline,87,cue,true,,0.3566555905592803,0.29951262626262143,,2.3566555905592796,true,,,,,,0.22329426778637246,2.56628986210486,11.4928604641121
baseline,88,cue,true,,0.041665891395822996,0.21367542437926124,,2.0416658913958226,true,,,,,,0.1846788938477488,1.28011043760023,6.931547027001181
baseline,89,cue,true,,-0.2905463864463831,0.17121191144845047,,1.7094536135536162,true,,,,,,0.12758087637923884,0.8293558054575136,6.50062790752607
baseline,90,cue,true,,-0.053614759740979956,0.15984459640099966,,1.9463852402590196,true,,,,,,0.17608255510307094,0.6925515977403927,3.933107384402751
baseline,91,cue,true,,0.28371873349835175,0.20837739075365705,,2.2837187334983517,true,,,,,,0.23793853965061826,1.2382679369866605,5.204150360865859
baseline,92,cue,true,,0.2081496262527398,0.22526571349008395,,2.208149626252739,true,,,,,,0.22026400708814,1.4068738226455468,6.387216146860425
baseline,93,cue,true,,0.1026870456129041,0.2129497887117244,,2.102687045612904,true,,,,,,0.19415969195227134,1.2465357140135893,6.420157044336549
baseline,94,cue,true,,-0.08394995996549626,0.18213604614100753,,1.9160500400345035,true,,,,,,0.16962371478198718,0.8945304302061214,5.273616553887158
baseline,95,cue,true,,-0.23720150843089405,0.16013594680466806,,1.7627984915691062,true,,,,,,0.14295630866034362,0.6650596774416409,4.652188376112777
baseline,96,cue,true,,-0.21165135373313682,0.15039179741382158,,1.7883486462668625,true,,,,,,0.14410357595178272,0.7126012533650785,4.94506294280661
baseline,97,cue,true,,0.057342691088424935,0.17293815882487487,,2.0573426910884245,true,,,,,,0.20031467812196188,0.7103811961620813,3.546326224429568
baseline,98,cue,true,,0.03259151646647562,0.1820374915675589,,2.0325915164664754,true,,,,,,0.18812672116302595,0.9716069288997853,5.164640742650348
baseline,99,cue,true,,-0.13072416849558577,0.16698490701655508,,1.8692758315044142,true,,,,,,0.16074707145050554,0.7762263306237787,4.828867634224869
baseline,100,cue,true,,-0.11263584469772336,0.19320607948356472,,1.8873641553022762,true,,,,,,0.1608692984335628,1.034183349304898,6.4287179677855315
baseline,101,cue,true,,0.2626377582293591,0.296025060859284,,2.2626377582293586,true,,,,,,0.19824505704119977,2.465314229224121,12.435690786034444
baseline,102,cue,true,,0.24246939134409384,0.21727724962829187,,2.2424693913440934,true,,,,,,0.23025095957837088,1.293380953551116,5.617266290310012
baseline,103,cue,true,,-0.11677610264027272,0.2213136593675452,,1.8832238973597266,true,,,,,,0.14677112844854973,1.4225165915111722,9.692073683345917
baseline,104,cue,true,,-0.011312907176927567,0.19039692241434342,,1.988687092823072,true,,,,,,0.17963231056397927,1.036529980042448,5.770286964456036
baseline,105,cue,true,,-0.13518514564310236,0.16884240663874403,,1.8648148543568968,true,,,,,,0.1623321215953137,0.7521247809619911,4.633246787946273
baseline,106,cue,true,,0.36588444880047355,0.2596988094188412,,2.365884448800473,true,,,,,,0.244066073643757,1.901640391287823,7.791498272977873
baseline,107,cue,true,,0.627097587737554,0.44859161017368687,,2.627097587737554,true,,,,,,0.23530027378094232,5.270155615971694,22.397575367371033
baseline,108,cue,true,,0.20495823943393132,0.20022589979508335,,2.204958239433931,true,,,,,,0.2224559181969746,1.0754087655311158,4.834255587567196
baseline,109,cue,true,,-0.006653516219309097,0.22421826409139456,,1.9933464837806902,true,,,,,,0.16961882692741515,1.4193994076412384,8.368171348388353
baseline,110,cue,true,,0.13880403820231701,0.21475660795094037,,2.1388040382023163,true,,,,,,0.20500818036318538,1.270693185734424,6.1982560085324785
baseline,111,cue,true,,-0.3362839612130839,0.14902779441629357,,1.6637160387869159,true,,,,,,0.1282367754929469,0.5740961662475121,4.4768449927149625
baseline,112,cue,true,,-0.08663729795122266,0.1701965285441653,,1.9133627020487765,true,,,,,,0.17161923630957623,0.7572528034064652,4.412400495947265
baseline,113,cue,true,,-0.02042514296741027,0.17236691080612132,,1.9795748570325893,true,,,,,,0.18081192079318026,0.8074872773554364,4.465896240763195
baseline,114,cue,true,,-0.35170831053496876,0.1367360536856081,,1.648291689465031,true,,,,,,0.12851502007136403,0.47113425636868933,3.665985937729845
baseline,115,cue,true,,0.6506008814744872,0.4966555039472367,,2.6506008814744866,true,,,,,,0.23015896017876078,6.287405440439258,27.317665302084833
baseline,116,cue,true,,0.13409832343702077,0.18828819451151912,,2.134098323437021,true,,,,,,0.21484176769763777,0.9207378984176438,4.28565594243976
baseline,117,cue,true,,-0.11577764385115885,0.1525689880218539,,1.8842223561488411,true,,,,,,0.16092284192661946,0.7017437570101672,4.360746731841594
baseline,118,cue,true,,-0.27145514795266124,0.14793086454666873,,1.7285448520473385,true,,,,,,0.13907920591266998,0.5377169276901047,3.8662640051866966
baseline,119,cue,true,,-0.17822675487927953,0.15914934627204746,,1.8217732451207205,true,,,,,,0.15022399797993755,0.8228934241499045,5.4777760891425755
baseline,120,cue,true,,0.6486264617555735,0.37073194060257625,,2.648626461755573,true,,,,,,0.2161992487447392,3.884089860979066,17.965325427957012
baseline,121,cue,true,,0.004928083415314477,0.27398784483377403,,2.0049280834153143,true,,,,,,0.1584089199375325,2.08578931692119,13.167120372664032
baseline,122,cue,true,,0.11931014142516094,0.3024644102819339,,2.119310141425161,true,,,,,,0.16063244945245608,2.482609309518116,15.45521666375957
baseline,123,cue,true,,-0.16540624112273417,0.17404099218924193,,1.8345937588772656,true,,,,,,0.1553265643793554,0.8289996643740374,5.337140286894934
baseline,124,cue,true,,0.23722766392221906,0.25114973780752486,,2.2372276639222184,true,,,,,,0.21113765689476055,1.8021489099521104,8.535421565516252
baseline,125,cue,true,,-0.04323695490673396,0.18979211525839385,,1.9567630450932656,true,,,,,,0.1753199884775975,0.9911821975691177,5.65356070449304
baseline,126,cue,true,,-0.13683544063440523,0.16915630693981298,,1.863164559365594,true,,,,,,0.1588102625905414,0.8339042410929818,5.2509468058939435
baseline,127,cue,true,,0.27261521797932664,0.19980081665995875,,2.272615217979326,true,,,,,,0.24274547536890811,1.0360552662522766,4.268072410732889
baseline,128,cue,true,,-0.0576757125932994,0.1739449327758833,,1.9423242874067004,true,,,,,,0.1774469312631681,0.7708639444275911,4.344194283553643
baseline,129,cue,true,,-0.2148990883035229,0.15426586182605168,,1.7851009116964769,true,,,,,,0.15080660765101778,0.584130609600029,3.8733754355894554
baseline,130,cue,true,,-0.041727673078094885,0.20417126465949573,,1.9582723269219051,true,,,,,,0.16432389030028177,1.2011361240041243,7.309564797968179
baseline,131,cue,true,,0.014272496744188068,0.17442305413453024,,2.0142724967441885,true,,,,,,0.18968518175687857,0.7896475163120267,4.162937289029387
baseline,132,cue,true,,-0.055097782209477364,0.1900698059703694,,1.9449022177905222,true,,,,,,0.1728523651366881,1.015295265167569,5.873771321350994
baseline,133,cue,true,,0.10615574507949432,0.1843141469186567,,2.106155745079494,true,,,,,,0.20913776974308926,0.8423831490889434,4.027886259491773
baseline,134,cue,true,,0.182307678161439,0.18249922595671111,,2.182307678161439,true,,,,,,0.2229204943974628,0.8699652644900258,3.9025809037499037
baseline,135,cue,true,,-0.055376307517644774,0.1900779357857032,,1.9446236924823548,true,,,,,,0.17360094245334276,0.9824970418363894,5.659514447051154
baseline,136,cue,true,,-0.010927440196911942,0.1790314761807842,,1.9890725598030878,true,,,,,,0.18498737176246022,0.8601411428219443,4.649728976778155
baseline,137,cue,true,,-0.05514838926981258,0.17373979266006523,,1.9448516107301872,true,,,,,,0.17191398359962504,0.9022818105036985,5.248449204719996
baseline,138,cue,true,,-0.1799870033742481,0.1618691884163883,,1.8200129966257519,true,,,,,,0.15657129077290058,0.6802030348862005,4.344366272567833
baseline,139,cue,true,,-0.020743522093773503,0.1721373368564532,,1.979256477906226,true,,,,,,0.18427617505871657,0.7619535097102019,4.1348454810689335
baseline,140,cue,true,,-0.3811366569940038,0.1313542261754294,,1.6188633430059958,true,,,,,,0.12138928666278381,0.41913285752088725,3.452799411246456
baseline,141,cue,true,,0.11722919675642407,0.20545951619268227,,2.1172291967564236,true,,,,,,0.20540187975560206,1.1525576659538443,5.6112323184443005
baseline,142,cue,true,,-0.19998197034451226,0.14668313884777273,,1.8000180296554873,true,,,,,,0.15030169203242325,0.5600372047867768,3.726087159856889
baseline,143,cue,true,,-0.29987386160863094,0.15219817484743473,,1.7001261383913686,true,,,,,,0.13393940260721895,0.6218360442433821,4.64266699820167
baseline,144,cue,true,,0.06614510163201404,0.23239171435424172,,2.066145101632014,true,,,,,,0.18293630621583562,1.5400166045653365,8.418321307681609
baseline,145,cue,true,,-0.2739939885772582,0.15452251512772022,,1.7260060114227411,true,,,,,,0.13788615172343197,0.6611443767716412,4.794856978079607
baseline,146,cue,true,,-0.2467202468133849,0.16993235657615607,,1.7532797531866147,true,,,,,,0.14147676456065797,0.7760189642575768,5.485133666064717
baseline,147,cue,true,,-0.050279117007828056,0.15748678191161158,,1.9497208829921713,true,,,,,,0.17030035328012602,0.7249515589323005,4.256899912238185
baseline,148,cue,true,,0.2185210805356499,0.24562291888291082,,2.2185210805356497,true,,,,,,0.21149187321687957,1.709200828448778,8.08163832704832
baseline,149,cue,true,,0.08828647736030826,0.1919580670993527,,2.0882864773603074,true,,,,,,0.20287740784402739,0.9913238827501881,4.886319740009298
baseline,150,cue,true,,-0.23529513475902508,0.15190589929596673,,1.764704865240974,true,,,,,,0.1478628760326001,0.5684385591923456,3.844362928981708
baseline,151,cue,true,,0.18770497864637337,0.20293181633514806,,2.187704978646373,true,,,,,,0.21878879157921077,1.1113160494482113,5.079401195220131
baseline,152,cue,true,,-0.14579975641949416,0.17367570198843377,,1.8542002435805054,true,,,,,,0.1607773798925671,0.8099549593273837,5.037741999954241
baseline,153,cue,true,,0.12435049699520206,0.2663084968673131,,2.124350496995202,true,,,,,,0.1838794828193454,2.002129709567747,10.888271376827632
baseline,154,cue,true,,-0.0673971580871282,0.15909030110462866,,1.9326028419128718,true,,,,,,0.1693880416716218,0.8529735357230452,5.035618378401425
baseline,155,cue,true,,-0.2199824626576754,0.21762227095804706,,1.7800175373423242,true,,,,,,0.12992463825042008,1.3216456505425858,10.172402004269676
baseline,156,cue,true,,0.27590110415435887,0.23472015019394155,,2.2759011041543578,true,,,,,,0.23086973403021976,1.5441673894455419,6.688479093770765
baseline,157,cue,true,,-0.24042190029070665,0.16195224195059288,,1.759578099709293,true,,,,,,0.1357076935717696,0.7050699748007034,5.195504810696854
baseline,158,cue,true,,0.01850025722454829,0.16866329503078242,,2.018500257224548,true,,,,,,0.1929926708462045,0.6511501372224879,3.3739630337640554
baseline,159,cue,true,,0.1927179394996441,0.18509156471448684,,2.1927179394996443,true,,,,,,0.22762691857910547,0.8354785539792767,3.670385555427748
baseline,160,cue,true,,0.139425188922778,0.17433409819146034,,2.139425188922778,true,,,,,,0.20636035202443556,0.9740370151589937,4.720078278620381
baseline,161,cue,true,,0.34349469880969696,0.2625018350211537,,2.343494698809697,true,,,,,,0.2363001727026932,1.9663588795061826,8.321444952899821
baseline,162,cue,true,,0.37805555573659877,0.26037502328636103,,2.3780555557365983,true,,,,,,0.2417186596731039,1.95980298066441,8.107785238073111
baseline,163,cue,true,,0.13916184765951822,0.19412712697710466,,2.139161847659518,true,,,,,,0.2146679528695939,0.9992069205779652,4.654662734800297
baseline,164,cue,true,,0.38871846777477037,0.24663580458651274,,2.38871846777477,true,,,,,,0.2407666433386181,1.747688275576769,7.25884720301056
baseline,165,cue,true,,-0.005449181498638378,0.20561945940791765,,1.994550818501361,true,,,,,,0.17473756833733062,1.188750102326098,6.80305966048021
baseline,166,cue,true,,0.05296598220950677,0.17951479707354737,,2.0529659822095065,true,,,,,,0.19364244058014315,0.8779338182836899,4.533788231822753
baseline,167,cue,true,,-0.1848118459686019,0.16007687560620099,,1.815188154031398,true,,,,,,0.15291428633530274,0.6732174025696662,4.402580155875489
baseline,168,cue,true,,0.05973880697296852,0.18719254201042954,,2.059738806972968,true,,,,,,0.1966920104969685,0.9498328141584045,4.829036074004866
baseline,169,cue,true,,0.10461834864078412,0.19556730289993746,,2.1046183486407837,true,,,,,,0.20434969805074482,1.0350791645013597,5.065234616810274
baseline,170,cue,true,,0.0164519700875303,0.17077126880336774,,2.0164519700875303,true,,,,,,0.19236009307368843,0.6945106951929527,3.6104718192608836
baseline,171,cue,true,,0.20211545006413356,0.20854524565565696,,2.2021154500641336,true,,,,,,0.22510631861644675,1.1938144730953706,5.303336132156656
baseline,172,cue,true,,0.16929004485552834,0.20171867508236557,,2.169290044855528,true,,,,,,0.21008500203203795,1.2068920645012684,5.744779745472822
baseline,173,cue,true,,0.08737810735665485,0.22642296213616273,,2.0873781073566544,true,,,,,,0.1905350224621722,1.4348012828389871,7.5303808417890465
baseline,174,cue,true,,0.6543270878004415,0.29486493554018894,,2.6543270878004415,true,,,,,,0.2912858030992212,2.4359244571347674,8.362661108838916
baseline,175,cue,true,,-0.035434548716439807,0.21303107139617647,,1.9645654512835597,true,,,,,,0.16527709651020445,1.2880677112232113,7.7933829817955695
baseline,176,cue,true,,-0.026029138167759758,0.17373787683812214,,1.9739708618322396,true,,,,,,0.1834711470164141,0.7557217620975161,4.119022387917519
baseline,177,cue,true,,-0.37260591334670634,0.15331993361479623,,1.627394086653293,true,,,,,,0.12095408801803449,0.6253575458655468,5.170205952628114
baseline,178,cue,true,,-0.24574545291008043,0.15356055622976672,,1.7542545470899193,true,,,,,,0.14547715187944874,0.611883524131412,4.206045528293378
baseline,179,cue,true,,0.5315978387806883,0.5446833383184531,,2.5315978387806877,true,,,,,,0.17687927964963665,7.2362235077394,40.91052113098237
baseline,180,cue,true,,-0.36662641519420314,0.13523010159222235,,1.6333735848057964,true,,,,,,0.12132681447996217,0.5821149419753875,4.7979083970059
baseline,181,cue,true,,-0.19212659994333547,0.1593071818740924,,1.8078734000566643,true,,,,,,0.15182780442169824,0.7056937924346531,4.647987864427025
baseline,182,cue,true,,0.1736404270639016,0.2359428880701828,,2.1736404270639014,true,,,,,,0.1960787667975904,1.647422035814294,8.401838009899903
baseline,183,cue,true,,-0.1702246630770745,0.1494070916077984,,1.8297753369229246,true,,,,,,0.15535657120111174,0.5776340169442803,3.7181176983915485
baseline,184,cue,true,,-0.10639277156861215,0.17898194434092687,,1.8936072284313876,true,,,,,,0.16670213699074848,0.8578186650541183,5.145816847577215
baseline,185,cue,true,,0.16710219976149854,0.19280932464547879,,2.167102199761498,true,,,,,,0.20959965782845433,1.1796136880821868,5.62793708875057
baseline,186,cue,true,,0.2100532060650191,0.22967850089020572,,2.2100532060650186,true,,,,,,0.2102195367677137,1.5041844808453986,7.155302994066995
baseline,187,cue,true,,-0.12463283285195637,0.16064642361360898,,1.8753671671480436,true,,,,,,0.1655523788978267,0.6387688932221504,3.858409631288819
baseline,188,cue,true,,0.4378286790260921,0.23361981911477808,,2.4378286790260915,true,,,,,,0.27382365510391,1.485892015334381,5.426455996909829
baseline,189,cue,true,,0.04307915661079709,0.19012366509736517,,2.043079156610797,true,,,,,,0.18792025828955228,1.0268365733760372,5.464214357314588
baseline,190,cue,true,,-0.1162335979244924,0.17404136785088994,,1.8837664020755074,true,,,,,,0.15796553124938467,0.838654244095709,5.309096468467553
baseline,191,cue,true,,-0.1178353963455363,0.1730014556554775,,1.8821646036544633,true,,,,,,0.16594830898746415,0.7880464634751269,4.748746572251341
baseline,192,cue,true,,0.05747458804483685,0.20954027283829607,,2.057474588044836,true,,,,,,0.185247720574529,1.286800324699748,6.946376024001015
baseline,193,cue,true,,-0.3518636303668292,0.14018699554182137,,1.6481363696331701,true,,,,,,0.12832102788841515,0.47832536244999124,3.727568040258619
baseline,194,cue,true,,0.49995490404066345,0.5084637976385903,,2.499954904040663,true,,,,,,0.1925461823429544,6.372057812606416,33.09365958373976
baseline,195,cue,true,,-0.18398494847933988,0.17187900978957577,,1.8160150515206597,true,,,,,,0.14932005065919807,0.8303496196854625,5.560871537477698
baseline,196,cue,true,,0.40327924748971733,0.2790985852839814,,2.403279247489717,true,,,,,,0.23824144569621358,2.2730532004189357,9.54096460326786
baseline,197,cue,true,,-0.10697489249238123,0.1661517890244778,,1.893025107507619,true,,,,,,0.16660453032745556,0.7836325154671242,4.703548660573161
baseline,198,cue,true,,0.004903214744012896,0.17480511002374352,,2.0049032147440125,true,,,,,,0.18984626645576483,0.7724835438586867,4.068995183735569
baseline,199,cue,true,,0.18330223696733539,0.2246664625519342,,2.183302236967335,true,,,,,,0.21425939573637565,1.413380527795025,6.59658598838786
baseline,200,cue,true,,-0.16691171817673567,0.1497916540878239,,1.8330882818232637,true,,,,,,0.15254054368793132,0.6858230365856177,4.496004930916465
baseline,201,cue,true,,-0.1530485874272809,0.1588802140999887,,1.8469514125727189,true,,,,,,0.16005551818794408,0.679195395819643,4.24349877785596
baseline,202,cue,true,,-0.2581100183818148,0.14421440412079436,,1.741889981618185,true,,,,,,0.1369208600162457,0.6857964627290629,5.0087069468282115
baseline,203,cue,true,,0.04574098769268464,0.22849679716964136,,2.045740987692684,true,,,,,,0.17780548152576367,1.4622569313086475,8.223913676681388
baseline,204,cue,true,,0.05966767765101366,0.1740481783200525,,2.0596676776510128,true,,,,,,0.1904595272956397,1.0102867578695656,5.30446952281549
baseline,205,cue,true,,-0.019120840624823332,0.19527339332103755,,1.980879159375176,true,,,,,,0.17952701208266092,1.0468827753552503,5.831338488902308
baseline,206,cue,true,,-0.20608461846914872,0.15843681005576316,,1.793915381530851,true,,,,,,0.14733391514654148,0.7637034412945292,5.183487050723747
baseline,207,cue,true,,0.19080331940153816,0.2432346991477599,,2.1908033194015375,true,,,,,,0.201739410300628,1.7154526914033803,8.503309734310452
baseline,208,cue,true,,0.13169059179004106,0.2111452640971911,,2.131690591790041,true,,,,,,0.19792809708384318,1.2220607982593745,6.174266394031487
baseline,209,cue,true,,-0.011502484835054227,0.1746615062857301,,1.9884975151649449,true,,,,,,0.18462259411343107,0.8072547371323681,4.372459075276536
baseline,210,cue,true,,-0.07720793821047134,0.24592091177250155,,1.9227920617895284,true,,,,,,0.14536243116668987,1.6912523357136533,11.634727915180932
baseline,211,cue,true,,0.1521479438337454,0.21373717859332228,,2.152147943833745,true,,,,,,0.20588078497915346,1.2912485198952344,6.271826290277552
baseline,212,cue,true,,0.07792988753191499,0.18177916421704463,,2.077929887531915,true,,,,,,0.2000331459952312,0.9027511820393215,4.513007969493431
baseline,213,cue,true,,-0.12191179438672495,0.16189472801160817,,1.8780882056132748,true,,,,,,0.16405991044933635,0.6809874832603084,4.150846367008139
baseline,214,cue,true,,0.06883551435319868,0.19044406745927467,,2.0688355143531982,true,,,,,,0.19901193090347108,0.9629999804039279,4.838905768272869
baseline,215,cue,true,,-0.04425451939717462,0.17330741697008617,,1.9557454806028247,true,,,,,,0.17794193722016577,0.7568088795132968,4.253122627168573
baseline,216,cue,true,,-0.014977216141337513,0.1680611543240452,,1.985022783858662,true,,,,,,0.1874458738014168,0.6998161978842574,3.7334307962716426
baseline,217,cue,true,,-0.20014690301870353,0.15161481491742101,,1.799853096981296,true,,,,,,0.15112236064063875,0.6764121460933683,4.475923637150175
baseline,218,cue,true,,0.49198623531642727,0.26427737828465375,,2.4919862353164266,true,,,,,,0.27436023844886015,1.96885529736341,7.1761684874406395
baseline,219,cue,true,,-0.14711448370668623,0.159944708639895,,1.8528855162933133,true,,,,,,0.16255196461949598,0.661679340312018,4.070571166955052
baseline,220,cue,true,,-0.07029890459332666,0.19292126326708786,,1.929701095406673,true,,,,,,0.15579070316282279,1.1365622446315218,7.295443319513471
baseline,221,cue,true,,0.16402889065136028,0.193972198260887,,2.16402889065136,true,,,,,,0.21736754479924378,1.0592035294414863,4.87286881038172
baseline,222,cue,true,,0.019044904147614394,0.19030965585053883,,2.019044904147614,true,,,,,,0.1854995050022929,0.9634998993997714,5.194083398701586
baseline,223,cue,true,,0.07891585283221958,0.18945281445251203,,2.07891585283222,true,,,,,,0.20291830096551394,0.9716942286651642,4.788598288285018
baseline,224,cue,true,,0.2383218268810361,0.2476341225210637,,2.238321826881035,true,,,,,,0.21149418847172755,1.8062844301863792,8.540586591237908
baseline,225,cue,true,,-0.12682638871179264,0.1696051240186361,,1.8731736112882071,true,,,,,,0.16410730471945534,0.7507393256652011,4.574685611640534
baseline,226,cue,true,,0.13574300786606863,0.20789501581514938,,2.1357430078660684,true,,,,,,0.20396184434460812,1.1877304905693995,5.823297462257911
baseline,227,cue,true,,0.41754560073582936,0.3438132794716445,,2.417545600735829,true,,,,,,0.21853958460811848,3.2930280276260984,15.068336628950316
baseline,228,cue,true,,0.052260946427600485,0.19509604689793364,,2.0522609464276003,true,,,,,,0.1923527258242349,1.0093120351587244,5.247193824957791
baseline,229,cue,true,,0.32423668509520365,0.2431979410665991,,2.3242366850952036,true,,,,,,0.23908873311069423,1.6948328315166865,7.08871894323856
baseline,230,cue,true,,0.18345040137089064,0.21048485769495534,,2.18345040137089,true,,,,,,0.2169017327067102,1.2010302835441393,5.537209263183463
baseline,231,cue,true,,-0.1486153665663632,0.16178002934575245,,1.8513846334336366,true,,,,,,0.16128857935077245,0.6761263008690355,4.192028372936359
baseline,232,cue,true,,-0.12560070329852047,0.18122361110059815,,1.8743992967014793,true,,,,,,0.15845000863060577,0.8900831249249241,5.617438159943389
baseline,233,cue,true,,-0.1851988285846664,0.1511703990783918,,1.8148011714153334,true,,,,,,0.1507671955145648,0.7578095109827647,5.026355424310833
baseline,234,cue,true,,0.052286963547448995,0.17617436873662126,,2.0522869635474486,true,,,,,,0.19972471304300166,0.7678034486874381,3.8443086836335896
baseline,235,cue,true,,-0.34201986537167484,0.1564878602584114,,1.657980134628325,true,,,,,,0.11998407800991379,0.6910158748799395,5.759229777327986
baseline,236,cue,true,,0.08928630871367749,0.20123870542488406,,2.0892863087136764,true,,,,,,0.20105164579602025,1.0938911380560636,5.440846473676152
baseline,237,cue,true,,0.1836061099489461,0.2435983740465898,,2.1836061099489465,true,,,,,,0.20428156457247768,1.6788250915817389,8.218191862272052
baseline,238,cue,true,,-0.2690796983071635,0.14864245805494902,,1.730920301692836,true,,,,,,0.14213428550082835,0.5400458327694874,3.799546540558928
baseline,239,cue,true,,0.22215763780008935,0.2004850047554447,,2.22215763780009,true,,,,,,0.23279772390728498,1.0395568346916222,4.465493980111423
baseline,240,cue,true,,0.07937713743210817,0.23395414173768828,,2.079377137432108,true,,,,,,0.18126262739072502,1.5413800205932109,8.503573200837765
baseline,241,cue,true,,-0.1878743431421901,0.15027427184831932,,1.8121256568578097,true,,,,,,0.15469846795389475,0.5568452952172409,3.5995527465934516
baseline,242,cue,true,,-0.35087776187588915,0.13969867437294298,,1.6491222381241104,true,,,,,,0.12474381779185577,0.6095377340316394,4.886316170382871
baseline,243,cue,true,,-0.08225119054181995,0.16702064469600614,,1.91774880945818,true,,,,,,0.17172685064528445,0.7872234393780302,4.584160464248559
baseline,244,cue,true,,-0.1579640092230159,0.19174226302456326,,1.8420359907769837,true,,,,,,0.15101432632218315,1.0279935971130387,6.8072587690776745
baseline,245,cue,true,,0.37512487872748657,0.3281433090971868,,2.3751248787274855,true,,,,,,0.2132673685298232,3.0119340693158367,14.122807863569852
baseline,246,cue,true,,0.024382586282685637,0.19514777004695555,,2.024382586282685,true,,,,,,0.1857344880096963,1.0425593266084516,5.6131703798274915
baseline,247,cue,true,,-0.14074546685630174,0.1882797426542013,,1.8592545331436978,true,,,,,,0.15374474498459298,1.01351210949574,6.592173993311484
baseline,248,cue,true,,0.0008580851890771513,0.19145437889051053,,2.000858085189077,true,,,,,,0.18367890014512261,1.0041563692958186,5.466911923484113
baseline,249,cue,true,,-0.04531479920163828,0.23158221087076047,,1.9546852007983613,true,,,,,,0.15899238089499756,1.5345489446975153,9.651713724011522
baseline,250,cue,true,,-0.0782130913642074,0.16674896225226968,,1.9217869086357922,true,,,,,,0.17441866423810393,0.7172491390514415,4.112226992360772
baseline,251,cue,true,,0.6681007864544459,0.2500959278639788,,2.668100786454446,true,,,,,,0.3166562823927127,1.8005821546831338,5.686235375081164
baseline,252,cue,true,,0.6309119748797931,0.29982905566758844,,2.6309119748797927,true,,,,,,0.2688561418815104,2.638046845370699,9.812113001805002
baseline,253,cue,true,,0.09924173892206012,0.181266430021112,,2.0992417389220592,true,,,,,,0.20891670639311347,0.8199419492692535,3.924731360288577
baseline,254,cue,true,,0.3417873147871031,0.27153813744071686,,2.341787314787103,true,,,,,,0.2291431973432218,2.1440476347807067,9.356802469545924
baseline,255,cue,true,,0.23474669775526436,0.2464385664655188,,2.2347466977552637,true,,,,,,0.21546096999843656,1.7084292875713065,7.929182197516809
baseline,256,cue,true,,0.21981317268977518,0.3259488360394602,,2.2198131726897747,true,,,,,,0.18316980649400244,2.871281386634261,15.675516841954384
baseline,257,cue,true,,-0.056349115642912784,0.18125607195105436,,1.9436508843570866,true,,,,,,0.1763119951919399,0.86906808415973,4.929148939716947
baseline,258,cue,true,,0.09520738944998097,0.2064761594167736,,2.0952073894499805,true,,,,,,0.19999064806338387,1.1753784794632591,5.877167211792531
baseline,259,cue,true,,-0.07646198753440725,0.16086796634049577,,1.9235380124655928,true,,,,,,0.17183910084359844,0.6549181708638325,3.8112290372137987
baseline,260,cue,true,,-0.2025798430740029,0.14559147912403841,,1.7974201569259969,true,,,,,,0.14403755389449122,0.6891975213104748,4.7848460535182245
baseline,261,cue,true,,-0.013316395380938317,0.1908613228716407,,1.9866836046190612,true,,,,,,0.18192067405290707,0.9830425458955743,5.403687904155857
baseline,262,cue,true,,-0.09455472736452686,0.1701295558651931,,1.9054452726354725,true,,,,,,0.16942313808236636,0.8027782531368438,4.738303529394946
baseline,263,cue,true,,0.15470766677882364,0.25517315254977757,,2.154707666778823,true,,,,,,0.19274093560066236,1.832649645140389,9.508357108618762
baseline,264,cue,true,,0.21814221205272455,0.2653639857052676,,2.2181422120527237,true,,,,,,0.19807098607176854,2.006776181159019,10.131600902071991
baseline,265,cue,true,,0.08924784176035416,0.1997553659004678,,2.089247841760354,true,,,,,,0.19847202743601955,1.1160317295282045,5.623118501613403
baseline,266,cue,true,,-0.21770988960548165,0.1504453840720535,,1.7822901103945177,true,,,,,,0.1498760192666035,0.5286162538870007,3.527023579046918
baseline,267,cue,true,,-0.21415799098722244,0.15562492434591252,,1.7858420090127771,true,,,,,,0.1478165609270107,0.6503221339693324,4.399521473716672
baseline,268,cue,true,,0.5017862644688895,0.3142797122940235,,2.5017862644688895,true,,,,,,0.2515721288755204,2.8318615125905504,11.256658379640198
baseline,269,cue,true,,0.08976920246393938,0.17828072486652857,,2.089769202463939,true,,,,,,0.20706272856825592,0.7538037942329424,3.640461030554127
baseline,270,cue,true,,0.03319730294277323,0.16897646865521118,,2.033197302942773,true,,,,,,0.19184777540134954,0.8445236679163952,4.402050876793511
baseline,271,cue,true,,0.11153423180282807,0.22226594479493864,,2.111534231802828,true,,,,,,0.19749916737632886,1.3972042654488137,7.074481801669989
baseline,272,cue,true,,0.2283578441185692,0.2509390670000395,,2.2283578441185687,true,,,,,,0.21083637158052498,1.8163771051883773,8.615103227076009
baseline,273,cue,true,,0.25574334373083074,0.2247317651904634,,2.2557433437308303,true,,,,,,0.21717602826302312,1.4154801951739509,6.5176631440172335
baseline,274,cue,true,,-0.040173051276914284,0.1745354585522221,,1.9598269487230853,true,,,,,,0.17789425846717777,0.7851527472840776,4.413592400616693
baseline,275,cue,true,,-0.0022552445432029167,0.17080691811077975,,1.9977447554567973,true,,,,,,0.1872781175002481,0.7348182869164246,3.923674034770513
baseline,276,cue,true,,0.07839952450859466,0.19258845619890985,,2.0783995245085944,true,,,,,,0.19763981162686517,1.0698894593177595,5.413329685507196
baseline,277,cue,true,,0.2418251722359943,0.2534615890833359,,2.2418251722359934,true,,,,,,0.2030229435199847,1.9551760970669467,9.630320904467073
baseline,278,cue,true,,0.11231758376505563,0.233535812903899,,2.112317583765056,true,,,,,,0.19210981444156253,1.5413410521470283,8.023229092316289
baseline,279,cue,true,,-0.4134212651812692,0.13219285058416486,,1.5865787348187304,true,,,,,,0.11863099494068982,0.4140584755417215,3.4903060178221734
baseline,280,cue,true,,0.4103257145404591,0.24498263638972126,,2.410325714540459,true,,,,,,0.2621594051773545,1.6837132246616617,6.422478810258997
baseline,281,cue,true,,0.047340912235520394,0.19582553036443037,,2.04734091223552,true,,,,,,0.19115460520218638,1.0591115819529149,5.540601968928138
baseline,282,cue,true,,0.21536760695453316,0.32837427858279505,,2.215367606954533,true,,,,,,0.16782426021768315,2.9433043535920937,17.538014764816264
baseline,283,cue,true,,0.2168875361351703,0.2759830856794401,,2.2168875361351703,true,,,,,,0.19897838668732803,2.120725005452133,10.658067143667276
baseline,284,cue,true,,-0.18793098595836133,0.17335856304713004,,1.8120690140416382,true,,,,,,0.14065030513892807,0.9374607391256322,6.665188093261871
baseline,285,cue,true,,0.18574483052410384,0.20117991622172413,,2.185744830524104,true,,,,,,0.21702226551015263,1.1058473675392357,5.0955479841652584
baseline,286,cue,true,,0.06511767266877078,0.17584917428399505,,2.0651176726687703,true,,,,,,0.20186851412026302,0.7632125448249542,3.780740885476924
baseline,287,cue,true,,-0.05544240175552129,0.16654913308492625,,1.9445575982444785,true,,,,,,0.17792125566397315,0.7201551796322241,4.047606211774542
baseline,288,cue,true,,0.033643071546935355,0.18254051551483086,,2.033643071546935,true,,,,,,0.18827145549738378,0.9368961256751077,4.976304683043824
baseline,289,cue,true,,-0.015575851245662298,0.19181911848248737,,1.9844241487543373,true,,,,,,0.1809815743983394,0.9988908961161392,5.519296090979881
baseline,290,cue,true,,0.30988884916213877,0.2732197648899388,,2.3098888491621383,true,,,,,,0.21701422035431148,2.1592500356195923,9.949808966869824
baseline,291,cue,true,,-0.0406427687710873,0.2033702909424115,,1.9593572312289125,true,,,,,,0.1697013620779328,1.154286451813699,6.801869105114256
baseline,292,cue,true,,0.06989516725430223,0.20153586123939612,,2.0698951672543022,true,,,,,,0.19490711820896162,1.1444748936983125,5.87189890351419
baseline,293,cue,true,,0.05815947475950267,0.1898720404034594,,2.0581594747595022,true,,,,,,0.19768088343391216,0.959768971604573,4.855143071663978
baseline,294,cue,true,,-0.04263479684423532,0.16257296381010872,,1.9573652031557645,true,,,,,,0.1738121882587476,0.8994013286385556,5.174558456738667
baseline,295,cue,true,,-0.09486062613164803,0.15535004984544137,,1.9051393738683517,true,,,,,,0.1668773510624041,0.6077626511837361,3.6419720669970492
baseline,296,cue,true,,0.10121018645012936,0.209565756073816,,2.1012101864501287,true,,,,,,0.19456158104695362,1.2772906681436518,6.564968588713322
baseline,297,cue,true,,0.3220118126367375,0.276251680076991,,2.3220118126367373,true,,,,,,0.20139678225662289,2.1235143323008536,10.543933763524777
baseline,298,cue,true,,-0.0005626451036899738,0.21818873847860568,,1.9994373548963096,true,,,,,,0.1720947581125905,1.3419933918481002,7.797991098427998
baseline,299,cue,true,,0.041020198129495755,0.17280062264032287,,2.0410201981294955,true,,,,,,0.19618529051824204,0.7114351263934924,3.6263428543198577
baseline,300,cue,true,,-0.11602002381081489,0.19528239397921124,,1.8839799761891842,true,,,,,,0.15176683712742042,1.045532280059065,6.889069442629662
baseline,301,cue,true,,0.3100144279959305,0.23312797093210122,,2.3100144279959305,true,,,,,,0.21604379097522752,1.5698358283318063,7.266285326903055
baseline,302,cue,true,,-0.33125538644640784,0.1530910756206612,,1.6687446135535917,true,,,,,,0.1299550895906016,0.6075976808893946,4.6754435151675375
baseline,303,cue,true,,0.30713419364266725,0.25254497954979416,,2.307134193642667,true,,,,,,0.23008859519771419,1.8312263289130573,7.958787906630018
baseline,304,cue,true,,-0.11093339649172429,0.15506033952121642,,1.8890666035082755,true,,,,,,0.16558208206191755,0.5678879279462027,3.429646015284718
baseline,305,cue,true,,-0.09629914601363887,0.18217182178938518,,1.9037008539863605,true,,,,,,0.1672113721284847,0.9087917035404114,5.434987417255919
baseline,306,cue,true,,-0.03588809670155957,0.21044065089290245,,1.96411190329844,true,,,,,,0.1647310684304304,1.2802298577545912,7.771635733032721
baseline,307,cue,true,,0.07595647327593058,0.17493669683163954,,2.07595647327593,true,,,,,,0.2002279102772372,0.7758827000611636,3.8749977412582997
baseline,308,cue,true,,0.06607125412517179,0.17321261960233889,,2.0660712541251716,true,,,,,,0.17478536695828945,1.4779661514416196,8.45589180125313
baseline,309,cue,true,,-0.04367867526861646,0.2087688922869987,,1.9563213247313829,true,,,,,,0.16817807261921908,1.2153582706214232,7.2266155253971815
baseline,310,cue,true,,0.4894279079700665,0.24332855353048488,,2.489427907970066,true,,,,,,0.27914111922994994,1.640591434489175,5.877283286013101
baseline,311,cue,true,,0.06365341417944181,0.17840452105169463,,2.0636534141794414,true,,,,,,0.19561345072386052,0.9363936568126507,4.786959451650997
baseline,312,cue,true,,0.10793693223999345,0.24118288502188956,,2.107936932239993,true,,,,,,0.18549896456212225,1.6969333014755232,9.147939480315712
baseline,313,cue,true,,-0.3196346306639595,0.14657961284891885,,1.6803653693360405,true,,,,,,0.1339220396072656,0.5347625762560804,3.99308864936872
baseline,314,cue,true,,-0.1869659055302928,0.16067426476355331,,1.8130340944697068,true,,,,,,0.15174065491609665,0.6652624019749628,4.38420673973506
baseline,315,cue,true,,0.011133027227278713,0.18545141741910917,,2.0111330272272787,true,,,,,,0.18387574899814832,0.9697239600475007,5.273800190242956
baseline,316,cue,true,,-0.178324407404449,0.15019663823724835,,1.8216755925955506,true,,,,,,0.1564723105537329,0.508935273432855,3.2525580508896854
baseline,317,cue,true,,0.17628220237754721,0.21057064813506587,,2.1762822023775468,true,,,,,,0.21442809523179424,1.265542937734138,5.901945528015352
baseline,318,cue,true,,0.07601091012954053,0.20138270080879614,,2.0760109101295403,true,,,,,,0.19485568200169784,1.1416770283638442,5.859090259189344
baseline,319,cue,true,,-0.2692809818877928,0.14151090657682153,,1.7307190181122072,true,,,,,,0.13719125162405718,0.5398874499277057,3.9352906510915866
baseline,320,cue,true,,0.21875963246768415,0.2599963528593497,,2.2187596324676835,true,,,,,,0.20246755872896305,1.9153199506122078,9.459885636178319
baseline,321,cue,true,,0.2379005243298904,0.25920933467929497,,2.2379005243298895,true,,,,,,0.20836007130530732,1.8806277597099803,9.025854847948871
baseline,322,cue,true,,-0.25691742991325195,0.14807789357182485,,1.7430825700867474,true,,,,,,0.14463792535283002,0.5170692705955056,3.5749217871741856
baseline,323,cue,true,,-0.12298967820885554,0.16341886373505726,,1.877010321791144,true,,,,,,0.16330201614098078,0.7866031565285913,4.81686126795585
baseline,324,cue,true,,-0.07859362192135766,0.16548460007831065,,1.921406378078642,true,,,,,,0.1749694999484335,0.6661745688277836,3.807375394135073
baseline,325,cue,true,,-0.13107589400841446,0.17843184118221295,,1.868924105991585,true,,,,,,0.1619022857543517,0.860817998292833,5.3168983642326095
baseline,326,cue,true,,-0.03872936250861092,0.1735712892098889,,1.9612706374913886,true,,,,,,0.17175835974616327,0.7708740704196202,4.488131300036125
baseline,327,cue,true,,-0.18119513260317555,0.15414114102677237,,1.8188048673968238,true,,,,,,0.15627202574449975,0.585419582717194,3.746157253213944
baseline,328,cue,true,,0.07339125467633867,0.20048102913619448,,2.0733912546763387,true,,,,,,0.1971408982306815,1.0832072389932956,5.4945840701496484
baseline,329,cue,true,,0.1010735539324934,0.19747271328648458,,2.101073553932493,true,,,,,,0.20544645984355397,1.0435326387799955,5.0793410583693595
baseline,330,cue,true,,0.056074280837425716,0.21248054363257005,,2.0560742808374255,true,,,,,,0.18670388138455818,1.3045768181767707,6.987411340901395
baseline,331,cue,true,,0.371780872967884,0.21688518186073721,,2.3717808729678835,true,,,,,,0.2644300421060301,1.2345813420553704,4.668839184166272
baseline,332,cue,true,,0.20390175685867584,0.21297185912707284,,2.2039017568586754,true,,,,,,0.21843142971128024,1.265521736722651,5.793679684262474
baseline,333,cue,true,,0.23569969734696894,0.23072605285217299,,2.2356996973469685,true,,,,,,0.21421043153629563,1.548707164082574,7.22984008283538
baseline,334,cue,true,,0.3217134634605625,0.2792542808914695,,2.3217134634605623,true,,,,,,0.22309329498899075,2.2097024461285,9.90483576047207
baseline,335,cue,true,,-0.06292287204742464,0.18215001196613803,,1.937077127952575,true,,,,,,0.17382277003611105,0.9110805263739556,5.241433709661179
baseline,336,cue,true,,-0.23778625591189373,0.1773692864916787,,1.762213744088106,true,,,,,,0.13786896634358814,0.8655873718148202,6.278333658190046
baseline,337,cue,true,,0.14999840025489752,0.19165015759321224,,2.1499984002548973,true,,,,,,0.2161474858259644,0.9574686547132791,4.429700632669883
baseline,338,cue,true,,0.07859442851181919,0.2101824947361735,,2.0785944285118187,true,,,,,,0.1935085760853682,1.240529678067961,6.410721959530565
baseline,339,cue,true,,-0.12410111149607084,0.18201974972337642,,1.875898888503928,true,,,,,,0.16111936167633412,0.897783718669382,5.572165314761499
baseline,340,cue,true,,-0.09515476572124681,0.19000438134231035,,1.9048452342787525,true,,,,,,0.16405124108134655,1.0037270345917255,6.118375136790442
baseline,341,cue,true,,-0.08670463845906085,0.1608806597436063,,1.9132953615409392,true,,,,,,0.17420459402996938,0.6156333986749384,3.5339676436376157
baseline,342,cue,true,,-0.15802205245333378,0.20172202958665167,,1.841977947546666,true,,,,,,0.14766367998928548,1.1425509508322391,7.737521853140481
baseline,343,cue,true,,0.14883795893532326,0.21292395845746437,,2.1488379589353235,true,,,,,,0.20780332419707787,1.2914054260292895,6.2145561483152125
baseline,344,cue,true,,-0.1412986577616131,0.16484469877309543,,1.8587013422383865,true,,,,,,0.15916189753164356,0.8008849557399165,5.031888713067709
baseline,345,cue,true,,0.3041926205770087,0.28001447808582647,,2.304192620577008,true,,,,,,0.22015067970664287,2.2294234193223468,10.126806886506632
baseline,346,cue,true,,-0.12764524324371318,0.18548746376352096,,1.8723547567562864,true,,,,,,0.1594981061343132,0.937873250100677,5.880152892291366
baseline,347,cue,true,,-0.11263895940898183,0.15924723605298824,,1.887361040591018,true,,,,,,0.16435010172503015,0.7396864030629083,4.500675054649241
baseline,348,cue,true,,-0.08482067449420039,0.15697400137770628,,1.9151793255057992,true,,,,,,0.16814205971237284,0.7422103159480236,4.414185940255896
baseline,349,cue,true,,-0.20156367600586278,0.14970226583560117,,1.798436323994137,true,,,,,,0.15252950701056844,0.5302794073136383,3.4765693386584955
baseline,350,cue,true,,0.19343371488789196,0.19440351683997747,,2.1934337148878913,true,,,,,,0.2188732893128141,1.0537142176073513,4.81426592032151
baseline,351,cue,true,,-0.12234343284281923,0.19335472257443778,,1.8776565671571803,true,,,,,,0.15847673848845434,1.039924824570961,6.562002944342041
baseline,352,cue,true,,0.20910334021577182,0.29531794604634676,,2.2091033402157714,true,,,,,,0.19054278490876525,2.46566820130024,12.94023388227919
baseline,353,cue,true,,-0.2911093872835018,0.1551315544823077,,1.7088906127164982,true,,,,,,0.13566650751929663,0.6583407396713921,4.852640137270081
baseline,354,cue,true,,-0.0017368907500405761,0.17995540665866888,,1.9982631092499588,true,,,,,,0.18591546611758022,0.8457488098611844,4.549104103723677
baseline,355,cue,true,,-0.06597684577671181,0.19623387324944985,,1.934023154223288,true,,,,,,0.1685442041420696,1.0654239649506443,6.321332557081435
baseline,356,cue,true,,-0.10719271631102156,0.16927468723371228,,1.8928072836889778,true,,,,,,0.1686364706624066,0.7504956834634363,4.4503758914989024
baseline,357,cue,true,,-0.2179470228262177,0.16078902321079708,,1.782052977173782,true,,,,,,0.149435881663979,0.6712221992989682,4.491707023941386
baseline,358,cue,true,,-0.09391828643817224,0.16835319707053084,,1.9060817135618275,true,,,,,,0.17012369848712278,0.7774216302762522,4.569743293789829
baseline,359,cue,true,,0.13561220384463946,0.23044111830947564,,2.135612203844639,true,,,,,,0.19642980613154368,1.554712366419627,7.914849569104999
baseline,360,cue,true,,-0.2322031481936604,0.18442770540529166,,1.7677968518063392,true,,,,,,0.1338863969515292,0.9743383966408177,7.277351686396914
baseline,361,cue,true,,0.09543573758361767,0.1791675701243653,,2.0954357375836175,true,,,,,,0.20646252660847114,0.8799762712667438,4.2621597522900725
baseline,362,cue,true,,0.45044257379728414,0.25556510802880583,,2.4504425737972833,true,,,,,,0.25553251037046976,1.9375211890496833,7.5822883993926045
baseline,363,cue,true,,0.3366723067604711,0.2833548974754385,,2.336672306760471,true,,,,,,0.21549824861758943,2.245981855669113,10.42227428796742
baseline,364,cue,true,,-0.29834041509566545,0.16719956180454662,,1.7016595849043343,true,,,,,,0.1317348290726822,0.7547349671755812,5.72919836377645
baseline,365,cue,true,,0.032189682186285484,0.210382984590992,,2.0321896821862855,true,,,,,,0.18433171679500993,1.2214476515180297,6.626356401141574
baseline,366,cue,true,,0.30778334113708317,0.31608562423545816,,2.307783341137083,true,,,,,,0.19821299420336166,2.7944312175501986,14.098123227396387
baseline,367,cue,true,,-0.18542446737325102,0.16297355596912497,,1.8145755326267488,true,,,,,,0.1540061305540045,0.7166481743955959,4.65337432878552
baseline,368,cue,true,,-0.0971490854396373,0.15857238675236365,,1.9028509145603623,true,,,,,,0.17153216800565937,0.5704393224925481,3.3255530383882723
baseline,369,cue,true,,-0.23826519971136917,0.15882688566187178,,1.7617348002886306,true,,,,,,0.14521752860784484,0.6890397666012497,4.744880134009021
baseline,370,cue,true,,-0.10761215227598742,0.1542898555657202,,1.8923878477240124,true,,,,,,0.1656334066110904,0.6810518661452447,4.111802564952154
baseline,371,cue,true,,-0.05835277753880197,0.20129825667544282,,1.9416472224611971,true,,,,,,0.1673293511417351,1.1415283212029324,6.822044748359833
baseline,372,cue,true,,0.01661871319324626,0.16655772970090865,,2.016618713193246,true,,,,,,0.17666453684676084,1.0426994851393099,5.902143711183809
baseline,373,cue,true,,0.15867107579664963,0.21078148760005672,,2.1586710757966494,true,,,,,,0.2086800933602182,1.2241208439394897,5.866016370935985
baseline,374,cue,true,,-0.08220461848691851,0.21220377260522974,,1.917795381513081,true,,,,,,0.1528252337178737,1.3084484084203578,8.56173013179124
baseline,375,cue,true,,-0.12806788444535022,0.15922998025565296,,1.8719321155546496,true,,,,,,0.1658775516613044,0.6208402491974714,3.7427623146086004
baseline,376,cue,true,,-0.19955374241921775,0.15276421316790295,,1.8004462575807822,true,,,,,,0.15378922881812684,0.554791260679875,3.607478007032459
baseline,377,cue,true,,0.11064127263889367,0.2024577606109203,,2.1106412726388935,true,,,,,,0.205414930852937,1.119088344358397,5.447940613234135
baseline,378,cue,true,,-0.09700854392789693,0.16198612517244135,,1.902991456072103,true,,,,,,0.1705351462720399,0.706931088317724,4.14536888009008
baseline,379,cue,true,,-0.13671022741325456,0.1563806229747602,,1.8632897725867452,true,,,,,,0.16472373073437255,0.5702219880499626,3.4616869439988687
baseline,380,cue,true,,-0.09098112930258329,0.1709778462580682,,1.9090188706974167,true,,,,,,0.17217448784361125,0.7572420261331928,4.3981081960354516
baseline,381,cue,true,,0.253605555782769,0.2899854813008774,,2.253605555782769,true,,,,,,0.1943604372150545,2.4124602121928245,12.412300809570125
baseline,382,cue,true,,0.24152066231047487,0.26075235999650953,,2.2415206623104744,true,,,,,,0.20730626106291083,1.9064607757261598,9.1963492368791
baseline,383,cue,true,,-0.05858426860145127,0.2090415039676342,,1.9414157313985485,true,,,,,,0.16228878724326806,1.2227685062551756,7.534522421578436
baseline,384,cue,true,,-0.2360621536127241,0.15135256713405004,,1.7639378463872755,true,,,,,,0.1484757761558471,0.5512053801168486,3.712426325613397
baseline,385,cue,true,,0.4853537629334497,0.29479525924959915,,2.4853537629334492,true,,,,,,0.2515453962958303,2.4377627073429684,9.69114419600045
baseline,386,cue,true,,-0.1919189323959769,0.16757744172084077,,1.8080810676040227,true,,,,,,0.1525537353607876,0.7389724293465034,4.844013996765423
baseline,387,cue,true,,0.33099262034742183,0.19258405317105573,,2.3309926203474216,true,,,,,,0.2471344568971774,1.1213042163554654,4.537223301168378
baseline,388,cue,true,,0.15177573082063112,0.2066824746199764,,2.151775730820631,true,,,,,,0.20809821914598142,1.1991346044729534,5.762349189695648
baseline,389,cue,true,,-0.059682902851545316,0.18020122595824042,,1.9403170971484547,true,,,,,,0.16344619328306456,1.0872102201090459,6.65179285164604
baseline,390,cue,true,,-0.1371728478695451,0.1720828275772573,,1.8628271521304545,true,,,,,,0.15673394801600804,0.8186381499546092,5.223106801795087
baseline,391,cue,true,,-0.17597387473058923,0.15640271959647453,,1.8240261252694105,true,,,,,,0.1567602228709063,0.6100538262898402,3.891636635348662
baseline,392,cue,true,,0.07840190301041616,0.19565421448182016,,2.0784019030104157,true,,,,,,0.200510111663029,1.029235344774142,5.1330844925359305
baseline,393,cue,true,,0.5895788572241549,0.3581024863454467,,2.5895788572241543,true,,,,,,0.2445581604303408,3.4965848104825428,14.297559338562737
baseline,394,cue,true,,-0.10685495739433182,0.15482491365371892,,1.8931450426056677,true,,,,,,0.1660273151929489,0.6454981109272897,3.8879030849660077
baseline,395,cue,true,,0.20725204936557517,0.21143591017473884,,2.2072520493655747,true,,,,,,0.2210931163712701,1.2876317606496985,5.823934194710277
baseline,396,cue,true,,-0.18718660014746913,0.1536417564689383,,1.8128133998525309,true,,,,,,0.15333533631499766,0.606829269947456,3.9575304983897723
baseline,397,cue,true,,-0.10205461035397723,0.21158069350057426,,1.8979453896460223,true,,,,,,0.14990217735536446,1.252952317741698,8.358466433555504
baseline,398,cue,true,,0.19083109347763005,0.2768546965953001,,2.1908310934776294,true,,,,,,0.18574297301353718,2.1541427743233346,11.597438866052489
baseline,399,cue,true,,0.042951200128732214,0.21006826504082443,,2.0429512001287318,true,,,,,,0.18694608707045235,1.2331406125627957,6.596236550798067
baseline,400,cue,true,,0.313469993780072,0.2316166984028521,,2.3134699937800716,true,,,,,,0.23772133141860194,1.5307691573501052,6.439342856676937
baseline,1,oracle,true,,0.1825215718585642,0.24970201515002516,1.7209557494091144e-6,2.1825215718585635,true,0.016574072465053963,0.019656781893368863,1.1859958941783753,0.1512098754836783,7.41859302024234,0.16235854861445764,2.4468395078168057,15.070592393796014
baseline,2,oracle,true,,-0.1310797513748645,0.18131096353413287,6.622153808644171e-10,1.8689202486251355,true,0.018820776458390406,0.022321363604900054,1.1859958941783757,0.2167553943213609,5.216383966774196,0.14810288590669643,0.9389811657287803,6.340059884588141
baseline,3,oracle,true,,-0.06881197307492126,0.18693824687715804,4.358248440138601e-6,1.9311880269250783,true,0.019090902065457067,0.022641731465793548,1.1859958941783755,0.20767388081399027,5.149923404200009,0.16679763714021464,0.9730000049404692,5.833415998108768
baseline,4,oracle,true,,-0.0009482043987354416,0.18013016122084102,1.036313283208995e-5,1.9990517956012643,true,0.01277145899797702,0.015146897934268209,1.185995894178375,0.2172671132579677,4.596841006402969,0.18399804637262834,0.8785026128597548,4.7745214157363
baseline,5,oracle,true,,-0.15076184161311024,0.1458182895965325,2.756397474357186e-7,1.84923815838689,true,0.012845337798737009,0.015234517888636383,1.1859958941783753,0.2629552734787568,4.021592791683613,0.14202516438910354,0.7273936354918897,5.12158277457834
baseline,6,oracle,true,,0.35116209469567394,0.23201826360690841,1.7295698107044898e-8,2.3511620946956735,true,0.012905122026953675,0.015305421737837974,1.1859958941783755,0.17748169863553714,5.457403083013528,0.24498884442418034,1.5731617341579827,6.421360686261158
baseline,7,oracle,true,,0.16249132165665392,0.21094275543395924,4.113968785857125e-8,2.1624913216566535,true,0.014292514002697428,0.016950862924686085,1.1859958941783753,0.19714071821483306,5.446480089791702,0.19988421042647259,1.3318093286259494,6.662904117260705
baseline,8,oracle,true,,-0.113856043073016,0.18982488356029312,3.4800468306217526e-6,1.8861439569269838,true,0.014962660188538313,0.017745653549592677,1.1859958941783755,0.19640347183313892,5.579463874454434,0.15450790608635512,1.0548364202385496,6.827070840303778
baseline,9,oracle,true,,0.16705093049237818,0.2184285709934063,1.2746267049723592e-7,2.167050930492378,true,0.017475610622840015,0.020726002446948263,1.1859958941783757,0.18248043748279336,5.787795700709863,0.18734354631737044,1.4731692492196773,7.863464091386667
baseline,10,oracle,true,,0.21986286084206563,0.2359775620145545,1.1121257723956113e-7,2.2198628608420656,true,0.014533424386234905,0.017236581650426474,1.1859958941783755,0.16604306761231152,6.3688271536647605,0.19122966474335443,1.8405454642167907,9.624790519226975
baseline,11,oracle,true,,0.06982359338930832,0.14698850204125935,2.0829093570287616e-5,2.069823593389308,true,0.013294237686324087,0.015766911312211793,1.1859958941783755,0.25978161443498127,3.6426148050182445,0.15031247043938936,0.8771848900148516,5.835742619695414
baseline,12,oracle,true,,-0.03292901915308066,0.16226226976563501,9.933271064830385e-5,1.9670709808469193,true,0.011483588094719022,0.013619488330772435,1.1859958941783755,0.24829439031075146,4.03519671858732,0.1646325264231063,0.7787586451898258,4.730284240359726
baseline,13,oracle,true,,0.14640284378699087,0.220924153079053,1.7668344082233389e-9,2.14640284378699,true,0.01633002278129316,0.019367339970453024,1.1859958941783755,0.1887060677073748,5.835000789347928,0.19198335403294337,1.4871281713772215,7.746130797996361
baseline,14,oracle,true,,0.16862633945058159,0.17280784769941085,1.7212019431944724e-9,2.168626339450581,true,0.010263526413941671,0.012172500186726132,1.185995894178376,0.22726723477827707,3.9585380993612103,0.19308897073043715,0.9714695486327865,5.0312016525739915
baseline,15,oracle,true,,0.15422448198273986,0.21259462603009466,1.1062875472367394e-8,2.1542244819827396,true,0.013728669381426714,0.01628214551890446,1.1859958941783755,0.1704934007243331,5.371535991740654,0.20077235851892164,1.3003260211999157,6.47661874768168
baseline,16,oracle,true,,-0.06735640444505675,0.19615828667334248,5.82267993618868e-5,1.9326435955549426,true,0.016869897082322474,0.020007628674846206,1.1859958941783753,0.19981556512818854,5.655827042954762,0.15465578673283129,1.1480547894679116,7.423290222248085
baseline,17,oracle,true,,0.009381084958965058,0.21118805849512673,9.526445845953191e-8,2.0093810849589646,true,0.016578737480915876,0.019662314583027373,1.1859958941783755,0.1818058774468384,6.122582029928179,0.15818846375629936,1.4233635984931041,8.99789760071188
baseline,18,oracle,true,,-0.05710069375930371,0.2108137368160302,7.10158059645527e-8,1.942899306240696,true,0.015913326854999667,0.01887314031274808,1.1859958941783753,0.18769502007461858,6.484813931524896,0.14865480975392625,1.4858440015808725,9.995263550775414
baseline,19,oracle,true,,-0.36581113520959363,0.13138689814801421,1.957238027161523e-7,1.6341888647904061,true,0.01876589396336875,0.022256273191142095,1.1859958941783753,0.28039933901308056,3.8769480279023516,0.11255684092628357,0.4920812344506858,4.371846530171922
baseline,20,oracle,true,,-0.16112598874478623,0.1451748800682518,6.756125494167265e-7,1.8388740112552133,true,0.01741793841568894,0.020657603446058884,1.1859958941783757,0.25830606738595496,3.944155025790636,0.13879204550674754,0.6718749958273682,4.840875378515149
baseline,21,oracle,true,,0.15116199895314386,0.2148729809114423,2.8120424291344648e-8,2.1511619989531434,true,0.014622745197503216,0.017342515765855375,1.1859958941783757,0.1781591963753165,5.616005478141166,0.19488824426109647,1.3821328029372886,7.09192495513281
baseline,22,oracle,true,,0.0012856985205755844,0.17498968482011892,6.228724886980785e-9,2.001285698520575,true,0.013069970205409792,0.015500931000649712,1.1859958941783755,0.2181804951727413,4.441975881789794,0.18058501663880383,0.8501174986475154,4.707574938777304
baseline,23,oracle,true,,0.007902571662515179,0.1585153946304297,4.836306354560893e-8,2.0079025716625147,true,0.01491689270448981,0.017691373501424273,1.1859958941783753,0.24467058123788216,4.036169447193701,0.16742517149253744,0.8674956625435863,5.181393304305218
baseline,24,oracle,true,,-0.07317712026967538,0.19466264846237746,4.052541121764009e-6,1.9268228797303244,true,0.01972063384704477,0.023388590773190193,1.1859958941783753,0.20548864650252027,5.6929352582087756,0.1489194383092831,1.1400784714651715,7.655672653676019
baseline,25,oracle,true,,-5.6273713078480725e-5,0.16652362167740759,5.259224659659445e-9,1.999943726286921,true,0.013679854947037884,0.01622425180014266,1.1859958941783748,0.25511397856286977,4.098479298155453,0.17301371984972186,0.7967932855333558,4.605376303251807
baseline,26,oracle,true,,0.11696193779500552,0.22839857259960075,6.967068590479908e-7,2.116961937795005,true,0.01605106086370416,0.019036492281560343,1.1859958941783755,0.16651978871008935,6.5197805943193226,0.16267285406866405,1.7950846628238377,11.034936794470541
baseline,27,oracle,true,,0.12316172089758903,0.1790441617336022,8.775588522524914e-10,2.123161720897589,true,0.017307863661095314,0.020527055239058144,1.1859958941783753,0.21709748393955433,4.373913582258742,0.19902547966675865,1.0143456267509832,5.096561648535495
baseline,28,oracle,true,,-0.027163879242478872,0.19188948642205084,7.432661715109923e-6,1.972836120757521,true,0.015539143828156203,0.0184293607792405,1.1859958941783755,0.20790137742322426,5.256674143549539,0.1698124899012506,1.0449758950967076,6.153704569695564
baseline,29,oracle,true,,0.05598946015257722,0.24433825662808709,3.17363751667854e-6,2.0559894601525768,true,0.02190952191012503,0.025984603028819445,1.1859958941783757,0.14295168643635528,8.424826282481629,0.1152548215734541,2.7884417845049443,24.193710479416403
baseline,30,oracle,true,,0.1510918220714248,0.2453038374164001,1.1512054190432331e-5,2.151091822071425,true,0.016146507564459168,0.019149691676768655,1.1859958941783755,0.15720485845722398,7.429219249004119,0.15515423683226404,2.3736435077174773,15.298605801423287
baseline,31,oracle,true,,-0.019219530033934173,0.18749030359977104,9.331156201272922e-5,1.9807804699660656,true,0.01417331128562193,0.016809488991659637,1.1859958941783753,0.21607004913915734,5.078950197167175,0.17704724895674667,1.0008216504294685,5.652850616582995
baseline,32,oracle,true,,0.15074679774821087,0.2580033507927241,7.3692548990811346e-9,2.150746797748211,true,0.01775163217152163,0.02105336287038941,1.1859958941783753,0.13087362766943345,8.597630687371748,0.13046983006274,3.1831489487654707,24.397586378665217
baseline,33,oracle,true,,0.2603077709980419,0.19437231843845892,1.584942932586486e-7,2.2603077709980415,true,0.012720623167698982,0.015086606848281309,1.185995894178375,0.2235939078638814,4.414692848334391,0.22334292520645765,1.1223736373271667,5.0253377683203855
baseline,34,oracle,true,,-0.19146619152040145,0.14136807800886014,5.314460676575372e-7,1.8085338084795985,true,0.013120419922956763,0.015560764158522882,1.1859958941783757,0.2540287831941064,3.7563230612266714,0.13297264900582226,0.5964272230363736,4.485337605105986
baseline,35,oracle,true,,0.42144779712463,0.27644795507684533,4.133009540225885e-6,2.4214477971246295,true,0.01242162431365764,0.014731995435024249,1.185995894178376,0.14436835936151737,7.3894240681972425,0.1987459669405155,2.9896521625555303,15.042580277618065
baseline,36,oracle,true,,0.11713059324272956,0.2005896699738925,5.7870316876318386e-8,2.1171305932427296,true,0.012944720160613446,0.015352384961775593,1.185995894178376,0.18414215407621717,4.957169682146582,0.2030655489331457,1.1001406954206208,5.4176629231323465
baseline,37,oracle,true,,0.29225636024254964,0.25420610332783433,2.3780677709694942e-7,2.292256360242549,true,0.012814380149677788,0.015197802243958735,1.1859958941783757,0.15891574992304447,6.925954352215325,0.19581553522144488,2.3143881246341813,11.819226304066602
baseline,38,oracle,true,,-0.36112234304918944,0.14548317392395807,1.2146802921123023e-7,1.6388776569508103,true,0.019140154773619324,0.022700144975451156,1.1859958941783757,0.2635899091960855,4.48051342758724,0.12229659733635732,0.571524149032408,4.6732628828627325
baseline,39,oracle,true,,0.12048849388380845,0.16895950907579463,8.013137779094848e-8,2.1204884938838076,true,0.009097307379303619,0.010789369199932725,1.185995894178375,0.2195605946947349,3.9100102384131,0.18935174486983042,0.8541378853297088,4.51085299434069
baseline,40,oracle,true,,0.3748166097837875,0.3016083737106553,8.542548610274148e-6,2.3748166097837866,true,0.01566493758460961,0.018578551657907515,1.1859958941783755,0.1160862474007359,10.303003553427878,0.12652444213879924,5.609221536016058,44.33310624569012
baseline,41,oracle,true,,-0.16181255975189668,0.18770855723220578,1.038000989161958e-8,1.8381874402481029,true,0.019943660495125116,0.023653099462105847,1.185995894178375,0.1916688036109722,5.7211967519608145,0.1404362698697698,1.0582105495719114,7.535165598981073
baseline,42,oracle,true,,0.1376398322779635,0.20169303743595043,9.03706307731067e-9,2.137639832277963,true,0.01227136172582848,0.014553784622810238,1.1859958941783753,0.20146767421805606,4.952821726005244,0.21213311336891316,1.1128896315066927,5.246185349532422
baseline,43,oracle,true,,-0.07611713013350929,0.16792061814178147,6.345862472050268e-5,1.9238828698664905,true,0.012579980763449643,0.01491980553429422,1.1859958941783753,0.2300991905832381,4.519294586876997,0.16480739443501247,0.8257409745304718,5.010339356199709
baseline,44,oracle,true,,0.03392549032648695,0.18832536735969652,4.0165984195789094e-7,2.0339254903264865,true,0.013756294203450883,0.016314908444402535,1.1859958941783755,0.2123138110227195,4.781623115625443,0.19144347188037805,0.9554649824932692,4.990846504759817
baseline,45,oracle,true,,-0.2852916430366179,0.14458781225683934,4.014971137777934e-8,1.7147083569633814,true,0.020569767919745522,0.024395660297020255,1.1859958941783757,0.2613037573532437,4.221028400267449,0.12943411071583447,0.5977658256752517,4.618302102662984
baseline,46,oracle,true,,-0.053391242492776714,0.19111521972605544,9.913387962309229e-6,1.9466087575072228,true,0.014864176538951944,0.01762885234553954,1.1859958941783753,0.20445686328633791,5.3122562018227235,0.16865801707600023,1.0343664289124619,6.132921795507405
baseline,47,oracle,true,,-0.030249430407078393,0.18015092281111925,8.488461551436899e-9,1.9697505695929207,true,0.015802073159600576,0.01874119388679259,1.1859958941783755,0.23389957076218829,4.8259520282842585,0.17550245192967512,0.9300255840450156,5.2992170412393005
baseline,48,oracle,true,,0.29494468604893953,0.2537551429473817,1.1624865066561796e-7,2.294944686048939,true,0.012416197736785354,0.01472555953713427,1.1859958941783757,0.14741938991879475,6.801067718299795,0.19615522187495613,2.2769936351235667,11.608121432398528
baseline,49,oracle,true,,0.1622004829517949,0.21188024928894547,9.789459840536807e-9,2.162200482951794,true,0.013338143746869665,0.015818983719748388,1.1859958941783748,0.1881700733381148,5.257771246119461,0.20553578273436685,1.2641255442529529,6.150391564113685
baseline,50,oracle,true,,-0.10348200213354275,0.17015730719948804,2.433965158865625e-9,1.8965179978664564,true,0.016780047607727517,0.019901067566882504,1.1859958941783753,0.2323035476993934,4.628176511420511,0.16433762477820843,0.8077874375467171,4.915413853868914
baseline,51,oracle,true,,-0.16511332968498604,0.14488906233701643,3.841722817683031e-5,1.8348866703150135,true,0.01716496999187854,0.020357583934062964,1.185995894178375,0.2848157918330793,3.8332441213882262,0.14083034574977166,0.6087637368286836,4.322674446247112
baseline,52,oracle,true,,0.10406137861613352,0.20813903198990782,6.287243442875124e-5,2.104061378616133,true,0.014221497905543903,0.016866638125041435,1.1859958941783755,0.1964035981059946,5.365718655865458,0.19964634904195103,1.2270134357559752,6.145934757355102
baseline,53,oracle,true,,-0.21616708561534748,0.13195008812328757,1.6211369517460384e-6,1.7838329143846519,true,0.016125832458751634,0.019125171086287814,1.1859958941783755,0.2997533073167702,3.617151014022777,0.12079043690665552,0.5696726262450353,4.716206355684161
baseline,54,oracle,true,,0.27303284639264724,0.23518691814615406,1.9745336012233495e-7,2.2730328463926477,true,0.011253209996244328,0.013346260851872823,1.1859958941783753,0.1632751312401191,5.880151026645977,0.21715702280824106,1.6836537350394374,7.753162726522437
baseline,55,oracle,true,,0.047661985589250166,0.20914039405490753,6.290644301576442e-9,2.04766198558925,true,0.018631319442342864,0.022096668361744377,1.1859958941783755,0.1833927555479003,6.460466298959415,0.1350800617620803,1.569574779599566,11.619588850678017
baseline,56,oracle,true,,-0.4736590681597912,0.10150855545457893,6.03774210852781e-8,1.5263409318402086,true,0.01811253092386311,0.021481387308880506,1.1859958941783755,0.3407523512933934,3.315477702899698,0.07225212448437865,0.41757764351375437,5.779451420892644
baseline,57,oracle,true,,0.05825506748393394,0.16488420585756744,4.5975751856996986e-9,2.0582550674839335,true,0.011228443029808646,0.013316887331368855,1.1859958941783757,0.2304051581473594,3.933403883713253,0.17558105632959203,0.8973149507854818,5.110545348930392
baseline,58,oracle,true,,-0.06855250689751591,0.170003126589558,1.5443849594731774e-8,1.9314474931024832,true,0.013170941466942717,0.015620682502257783,1.1859958941783761,0.21746916261013938,4.446383135707403,0.16999227958779103,0.7869010840770994,4.6290401304414015
baseline,59,oracle,true,,-0.16819123579406625,0.1567939560958333,8.676576521704504e-9,1.8318087642059335,true,0.016001021527614703,0.018977145834410836,1.1859958941783755,0.23695643752353465,4.387481936296232,0.15042899773818275,0.7287263149698171,4.844320748836895
baseline,60,oracle,true,,0.17786399955004217,0.21019656239363857,2.18784705601216e-7,2.177863999550042,true,0.013562928767264726,0.016085577831009744,1.1859958941783757,0.20019598312400375,5.154134994312199,0.21419524084248698,1.233968515502235,5.760952067136076
baseline,61,oracle,true,,-0.038421364001522074,0.1598374539823708,5.4142112482225006e-9,1.961578635998478,true,0.013830736453222903,0.016403196646985554,1.1859958941783757,0.26812251748377447,4.016564932150397,0.16551907525572165,0.7534716766602838,4.552174276567182
baseline,62,oracle,true,,-0.21499507637976256,0.16526623992162195,6.768431022319277e-9,1.7850049236202368,true,0.016073057584923188,0.019062580302611494,1.1859958941783753,0.2420366554810471,4.814703257064922,0.1441209558095297,0.7530589420744671,5.225186981619176
baseline,63,oracle,true,,-0.11739086591114067,0.199134505313109,8.358287876358616e-5,1.8826091340888589,true,0.01895961735292182,0.022486028335758357,1.1859958941783755,0.18720748900153647,6.212011774446603,0.13683406694691067,1.2847904298126678,9.389404689046808
baseline,64,oracle,true,,-0.002187257064206083,0.23126947387822058,2.342992149489964e-5,1.9978127429357935,true,0.01581085229326876,0.0187516059032775,1.1859958941783753,0.1491915403940519,7.7534455829693965,0.12613587538568383,2.220578218276966,17.6046522171994
baseline,65,oracle,true,,0.23777284078696592,0.2635231763860688,3.5048367891921117e-7,2.2377728407869655,true,0.01372897787313224,0.016282511388800602,1.1859958941783755,0.13361947515687964,8.271887628850136,0.14323033603993635,3.1498814295887687,21.991719887541837
baseline,66,oracle,true,,0.07550094844424216,0.16618554200387803,7.998726144247125e-6,2.0755009484442417,true,0.012966828809710746,0.015378605728830817,1.1859958941783755,0.21928382610337274,3.984134752805379,0.1819402906494322,0.8429025698167346,4.632852716723772
baseline,67,oracle,true,,0.224919626487331,0.236921105726187,7.173904916779606e-9,2.2249196264873303,true,0.010129767691833233,0.01201386289149497,1.185995894178375,0.15241874572968805,6.271640274842405,0.19401639116132857,1.8377479107100805,9.472127069830691
baseline,68,oracle,true,,0.05218630333060581,0.19533307978117576,7.615287686751904e-8,2.052186303330606,true,0.017960363908589877,0.021300917853537073,1.1859958941783755,0.20999074967383996,5.052794299475778,0.19238870629379395,1.059514081438265,5.507153210024173
baseline,69,oracle,true,,0.01047349666654851,0.21541655545427896,1.2193489980494298e-8,2.0104734966665485,true,0.014432637892289492,0.01711704928241859,1.1859958941783761,0.1810243459461017,6.354161132417167,0.15761601493133312,1.5317814619815024,9.718437955996015
baseline,70,oracle,true,,-0.09999939666757873,0.2000605175137964,7.814933924312567e-5,1.9000006033324208,true,0.020351542369513077,0.024136845690439758,1.1859958941783755,0.19278353572785534,6.116867571386407,0.148138475558959,1.2650987587606308,8.539974196353347
baseline,71,oracle,true,,0.5010689564627546,0.2826082580527582,1.9668634616110125e-7,2.501068956462754,true,0.013862701615224973,0.01644110719787675,1.1859958941783753,0.1391628963653217,7.474829482174644,0.19313293059151299,3.2012257310975203,16.57524546069408
baseline,72,oracle,true,,0.3385666567058714,0.2387231957321789,6.785155939137422e-7,2.3385666567058707,true,0.011984635415516962,0.014213728396027869,1.1859958941783757,0.1683414430601467,5.807896420849108,0.22223697724027142,1.7446106857697994,7.850226849889226
baseline,73,oracle,true,,0.10212124630368358,0.18435535799357608,2.6891533021378143e-7,2.1021212463036836,true,0.013011901274062298,0.015432061486492264,1.185995894178376,0.22607261414045796,4.458771400475934,0.20230984423331916,0.946460079099861,4.678270020357146
baseline,74,oracle,true,,0.30202956606630327,0.20380309769925878,5.0448899890920273e-8,2.302029566066303,true,0.009924046190028405,0.011769878035010239,1.1859958941783755,0.2001246497445386,4.715839674063932,0.22014947252754496,1.2590714469230653,5.719166312176974
baseline,75,oracle,true,,-0.1003046239055152,0.19114912679086193,9.503563894952549e-5,1.8996953760944844,true,0.020781041129803664,0.024646229456699097,1.1859958941783755,0.2197442146166593,5.564918749748019,0.1593768122699779,1.0633958802754504,6.6722120058098575
baseline,76,oracle,true,,0.14340007158031298,0.22361808267148034,2.360461081041265e-9,2.1434000715803125,true,0.015585545881391693,0.018484393423859238,1.1859958941783755,0.17414174770979332,6.008989139068698,0.18988359860989767,1.5592751627411925,8.211742215527588
baseline,77,oracle,true,,0.020470993300410134,0.21612956548284726,2.0862684468880843e-8,2.0204709933004104,true,0.015006205766029445,0.01779729842570679,1.1859958941783757,0.16832711764609504,6.323670231192709,0.15779151696646315,1.5409499823011292,9.765734000951655
baseline,78,oracle,true,,-0.2753972757221854,0.13227148100536482,1.0093107536413016e-8,1.7246027242778141,true,0.01592128450384169,0.018882578051602043,1.1859958941783757,0.28030931557309896,3.9209005947682716,0.11577452585384439,0.6188036816997486,5.344903614469873
baseline,79,oracle,true,,-0.2892645744431148,0.12854501469809462,2.6852611789141002e-8,1.7107354255568854,true,0.0156036974002935,0.018505921050749878,1.1859958941783753,0.2833187799281865,3.59808749994181,0.11306187829223599,0.5124979452865753,4.532897852288456
baseline,80,oracle,true,,0.3305618339615872,0.2366369156666781,3.0786932035814505e-7,2.330561833961587,true,0.010141835577466691,0.012028175354307665,1.185995894178375,0.16308621313587038,5.646363650623704,0.23042966863010378,1.6512027127160414,7.165755705558156
baseline,81,oracle,true,,0.0837614110486069,0.22579360668463186,1.0514690773238967e-6,2.0837614110486067,true,0.014186976126350006,0.016825695436657743,1.1859958941783757,0.18105032290075657,6.564698372558999,0.16301552945681932,1.7364194283241785,10.651865095982362
baseline,82,oracle,true,,0.15195836092802373,0.2094572912959548,9.597328700428064e-8,2.151958360928023,true,0.01442432690638421,0.01710719248725834,1.1859958941783755,0.19720540549623244,5.403281454549351,0.2019283490696795,1.302222529136142,6.448933669470964
baseline,83,oracle,true,,0.18582252422944134,0.1962297284994595,1.60512583103678e-6,2.185822524229441,true,0.017016289523049167,0.020181249508486813,1.1859958941783753,0.2172954755536306,5.132407008577428,0.2011749114506839,1.380579102739506,6.8625808893567815
baseline,84,oracle,true,,0.12190763537003102,0.2093154314484982,8.002957985198122e-10,2.1219076353700306,true,0.01717774129396796,0.02037273064590434,1.1859958941783757,0.21727496468367566,5.582810775936911,0.18675652566737175,1.334662019239736,7.146534850497677
baseline,85,oracle,true,,-0.007931091539325807,0.2526391244050243,3.4371630830420942e-9,1.992068908460674,true,0.021383323962692,0.02536053442363879,1.185995894178376,0.13361279049215624,10.450690078608336,0.08594033999016029,4.025978180927247,46.846197971618444
baseline,86,oracle,true,,0.029002684230589937,0.21043147307813567,2.2630121001232518e-7,2.0290026842305893,true,0.014753647345403156,0.01749776517580383,1.1859958941783753,0.17809987487919843,5.9538518731196906,0.1714084529730573,1.3676367251516366,7.978817272019878
baseline,87,oracle,true,,0.3568055489337427,0.274404941615992,6.488121958447835e-7,2.3568055489337425,true,0.015221799904068252,0.018052992188229745,1.185995894178376,0.14669293908317205,7.81578830130491,0.18372513040261845,3.1194608260082326,16.97895556896431
baseline,88,oracle,true,,0.041635955420861404,0.20957581321421426,4.0786587796048935e-9,2.041635955420861,true,0.013422301347062435,0.015918794288040924,1.1859958941783753,0.18945120311678962,5.7825399009091525,0.17595222880857972,1.3268577094133107,7.541011093737342
baseline,89,oracle,true,,-0.28949013271878,0.16921280788293766,5.252191297611119e-6,1.7105098672812193,true,0.024526770013786163,0.029088648533807687,1.1859958941783755,0.20629257690110425,5.4896180255427485,0.12193504311729947,0.8444678515882117,6.925555033230666
baseline,90,oracle,true,,-0.05361704515251087,0.14498268659888716,9.484133496140413e-6,1.9463829548474887,true,0.01649121106281129,0.019558508610523197,1.1859958941783757,0.2702398481772396,3.8246316544879075,0.1446652533673679,0.8098056646629878,5.597789695957878
baseline,91,oracle,true,,0.28378658264342516,0.20512426126728256,1.5170503541717117e-8,2.283786582643425,true,0.01027276399698713,0.012183455922290169,1.1859958941783748,0.18486394662356928,4.81997033489675,0.22931239971982847,1.2863003450475472,5.609379809461397
baseline,92,oracle,true,,0.2099744241164203,0.22320642933845733,8.530769572723251e-7,2.20997442411642,true,0.010642667305328472,0.012622159727226004,1.1859958941783755,0.1711779605060121,5.562049385946665,0.21465487605597336,1.4447792358359528,6.730707740639502
baseline,93,oracle,true,,0.10285051483278629,0.2085907697096573,7.364862777081704e-8,2.102850514832786,true,0.01196186204229705,0.014186719268892459,1.1859958941783755,0.20121014591854652,5.447524366897043,0.18274757263343716,1.2769806036306064,6.98767477580689
baseline,94,oracle,true,,-0.08389366752634841,0.1811765949619794,1.721274436594644e-8,1.9161063324736516,true,0.019119711138929345,0.022675898908646755,1.1859958941783755,0.22746509287912342,4.950446829644395,0.16699737774129828,0.901782268172068,5.399978612652539
baseline,95,oracle,true,,-0.2370093571053098,0.15743318293815886,7.591223002201274e-8,1.7629906428946902,true,0.018198946553125695,0.021583875890378777,1.1859958941783757,0.22918027381492767,4.545111976619077,0.1361467824415599,0.6910550101081621,5.075808606823249
baseline,96,oracle,true,,-0.21162232316732954,0.13759990739727998,5.959601512034451e-7,1.7883776768326698,true,0.02136114650050376,0.025334232044540227,1.1859958941783753,0.2770674626856231,4.253139904191695,0.12325968409451826,0.861113463834971,6.986172893114428
baseline,97,oracle,true,,0.06073855552566032,0.1652510690404301,3.784548044407643e-6,2.06073855552566,true,0.014848645066829733,0.017610432083372048,1.185995894178375,0.2565549551701836,3.917821177046681,0.17971395578525762,0.8076941938849667,4.494332064283812
baseline,98,oracle,true,,0.0325860807777929,0.1775641666941361,4.8950193564785135e-5,2.0325860807777927,true,0.015137136702923175,0.017952581979283677,1.1859958941783755,0.22751836161441488,4.727740711777987,0.17863975309453778,1.0410326069725904,5.827552876327961
baseline,99,oracle,true,,-0.13073069889915612,0.16350587196420444,4.923989747285251e-7,1.8692693011008439,true,0.016939447316593113,0.020090114967130337,1.1859958941783757,0.2168934477241245,4.615625960800156,0.15333157579706908,0.8180643554841359,5.335263472194572
baseline,100,oracle,true,,-0.11127486622126015,0.1912767992915976,1.0432002662828094e-6,1.8887251337787394,true,0.016928830734774348,0.02007752374468307,1.1859958941783755,0.19533787805482597,5.584554791085237,0.1564538660796582,1.0639604415299626,6.800473955614808
baseline,101,oracle,true,,0.26880661366825853,0.26759260664575735,3.0630711169452595e-5,2.2688066136682576,true,0.014049802169756362,0.01666300768734948,1.1859958941783757,0.14243389641541454,8.121330339554378,0.15830257537792453,3.1438605121893803,19.859819113390085
baseline,102,oracle,true,,0.24399159101269818,0.2163047546081426,9.912182327265207e-7,2.243991591012698,true,0.013681158226833851,0.016225797484629653,1.1859958941783757,0.1930277322801293,5.133293197806532,0.2265534157989647,1.309071214124513,5.7782011783310985
baseline,103,oracle,true,,-0.11455802712496066,0.20992289569734732,4.526504843891388e-6,1.885441972875039,true,0.01840112273570651,0.021823656012820273,1.1859958941783753,0.17209529917079416,7.038382298798578,0.1290010062604705,1.6105730701434573,12.484965170670778
baseline,104,oracle,true,,-0.011311772855905566,0.18920539595724933,3.426263782270178e-6,1.988688227144094,true,0.01512912231804195,0.017943076951720174,1.185995894178375,0.2145503276848134,5.181048380674144,0.17627950453858576,1.0443373036074015,5.92432629273023
baseline,105,oracle,true,,-0.13515925505516102,0.1672169975415526,6.142687189458762e-9,1.8648407449448383,true,0.01707626478525503,0.020252379923215245,1.1859958941783757,0.22902823858289642,4.597134786823186,0.1581296413381987,0.7678341094190213,4.855725358769526
baseline,106,oracle,true,,0.36588289246756167,0.25169940790538836,7.55594019707928e-8,2.3658828924675612,true,0.014207869874846006,0.016850475336587987,1.185995894178375,0.1698439187625661,6.212972084404555,0.22668571219619976,2.0329568244092893,8.968173621148807
baseline,107,oracle,true,,0.6270980521662717,0.34724907573797054,1.4897026097145939e-5,2.627098052166271,true,0.014760456875217265,0.017505841250204646,1.1859958941783753,0.10104311786677488,11.818018442247025,0.13787660069334567,9.020781405244074,65.42648542160819
baseline,108,oracle,true,,0.2049774402959974,0.1980040384477447,4.1186629703982016e-9,2.2049774402959974,true,0.012731170621899402,0.01509911608565704,1.185995894178375,0.20524374376985902,4.6448475032929055,0.21533715476039406,1.1002073774209498,5.109231514854703
baseline,109,oracle,true,,-0.006636454927177127,0.21487229279839784,1.0395507287590255e-8,1.9933635450728224,true,0.0181932002576548,0.021577060807543555,1.1859958941783755,0.19038480297971996,6.436331665378816,0.15322898754255865,1.5450368529963967,10.083189073916381
baseline,110,oracle,true,,0.1390975713626148,0.2119234243887105,3.203086887282325e-8,2.139097571362614,true,0.01509262099158783,0.017899786528413522,1.185995894178375,0.19165015208526281,5.3980630182427864,0.19730850161992683,1.2957158815580916,6.566954139938757
baseline,111,oracle,true,,-0.3361817816436532,0.14617077245026702,2.5317566435423266e-7,1.6638182183563466,true,0.020990811398298677,0.024895016133854878,1.1859958941783755,0.27123582646772104,4.4439021129999965,0.12179477342849881,0.6034357314174361,4.954528954164776
baseline,112,oracle,true,,-0.08664822339301392,0.1677833522928972,6.540307515333077e-5,1.9133517766069854,true,0.013467032956985528,0.015971845793749693,1.1859958941783748,0.21539307658784076,4.460292699778211,0.16582609774835608,0.7827162879310374,4.720103159629449
baseline,113,oracle,true,,-0.02030473619513229,0.1668626417344644,9.712498359569999e-5,1.9796952638048675,true,0.01488931679421186,0.017658668585056398,1.1859958941783755,0.23772915546667428,4.375643319788186,0.16901838703771854,0.8753775881092583,5.179185551651885
baseline,114,oracle,true,,-0.3516471221337161,0.12759810222488494,4.842407453153896e-7,1.6483528778662837,true,0.018999225804749036,0.02253300379700019,1.185995894178375,0.2995791680714439,3.866049967779945,0.11088157249943577,0.5369090874640364,4.842185002983869
baseline,115,oracle,true,,0.6506028577899803,0.36303837294589597,5.167553244782575e-5,2.65060285778998,true,0.012773468286667342,0.015149280942405153,1.1859958941783753,0.08761484768371974,13.585818047757767,0.12018022585516647,12.171581610150978,101.27773952446546
baseline,116,oracle,true,,0.13569538105606882,0.1854424914373005,6.475178679377081e-7,2.135695381056068,true,0.012712586948126693,0.015077075924863867,1.1859958941783757,0.23174838729712982,4.396271886016443,0.2071291863699619,0.9613502706349561,4.641307618125093
baseline,117,oracle,true,,-0.11540307750119805,0.13159243690357103,9.370875764247444e-9,1.8845969224988024,true,0.014158405068148956,0.016791810278938966,1.1859958941783757,0.2570647941918909,3.740023106752923,0.1222489843502523,0.8337854570888318,6.820387600930698
baseline,118,oracle,true,,-0.2714401447479964,0.14266344297451708,4.2784404234719187e-8,1.7285598552520034,true,0.016382658145440116,0.01942976529621989,1.185995894178375,0.2588353857010982,4.075091700805679,0.1263953986072426,0.6058424145211068,4.793231566947179
baseline,119,oracle,true,,-0.17796689618651995,0.15090346153069895,3.0496358843334904e-7,1.82203310381348,true,0.017989900490444872,0.02133594811834516,1.1859958941783755,0.26582345075491653,4.69630786030699,0.1363103721686262,0.9613231327639968,7.052457692469416
baseline,120,oracle,true,,0.6482832036148833,0.3214056611513103,4.025830922776419e-6,2.6482832036148816,true,0.013734171593173592,0.016288671119445156,1.1859958941783755,0.11991067095766764,9.017335762898135,0.1786762328067663,5.188619535775476,29.039226170538488
baseline,121,oracle,true,,0.0049188877236441275,0.24187953760786393,2.4824303628003807e-5,2.004918887723644,true,0.017169569019919357,0.02036303836243659,1.1859958941783755,0.1380136411046719,8.571907431316674,0.12012301115934765,2.7539715184845783,22.926261104388505
baseline,122,oracle,true,,0.12034672260014023,0.25779652587086965,1.0243552874045213e-6,2.12034672260014,true,0.014765875717671892,0.017512267975107045,1.185995894178376,0.13138188783719063,9.019291602523138,0.11477719825246763,3.4075425115721965,29.688322798025233
baseline,123,oracle,true,,-0.16534165487852048,0.17359476406388608,6.9516630346599935e-9,1.834658345121479,true,0.015854986949521328,0.01880394942438402,1.1859958941783755,0.22525434373494282,4.99038860612612,0.15379245126745872,0.8314218562351385,5.4061291655285615
baseline,124,oracle,true,,0.2381669515951106,0.24135565312336038,8.492668017445748e-7,2.2381669515951104,true,0.012778857847372102,0.015155672939272433,1.185995894178376,0.15554254288302205,6.483738448665094,0.19163220857176178,1.9582881320869596,10.218992656203858
baseline,125,oracle,true,,-0.0421736065101046,0.18884837143327887,2.138587159924389e-5,1.957826393489895,true,0.019621241985035953,0.023270712432933,1.1859958941783757,0.22945967949189938,5.154064691627231,0.17317615329891095,0.9951925960066843,5.74670690536087
baseline,126,oracle,true,,-0.13668904837019924,0.1660171702859869,1.267405752014561e-8,1.8633109516298,true,0.01874870958375893,0.02223589258748085,1.1859958941783755,0.22562383919293452,4.827549128396584,0.15253421596410677,0.8769849631641398,5.749431087451916
baseline,127,oracle,true,,0.2731640138254994,0.19585476689712986,4.0219541911801217e-7,2.273164013825499,true,0.014464595275905526,0.017154950608175876,1.1859958941783753,0.20803647459713642,4.3652198041877135,0.23186592622166594,1.0915888288209934,4.7078449456063005
baseline,128,oracle,true,,-0.05767357447004762,0.17191987399218256,8.693403074961914e-5,1.942326425529952,true,0.01739034912898404,0.020624882665303556,1.1859958941783753,0.21375049255505726,4.444960343298339,0.17182363985318141,0.792461985967161,4.6120661082741465
baseline,129,oracle,true,,-0.21485852736340938,0.150217795082674,1.0421733380727716e-8,1.7851414726365904,true,0.014430772938236813,0.01711483745456927,1.1859958941783753,0.25290908954714325,4.154214472340046,0.14113389163791912,0.6269669802366149,4.442355928546965
baseline,130,oracle,true,,-0.040638976921323344,0.20090417613982134,8.918417579018012e-7,1.9593610230786767,true,0.018334068468649628,0.021744129927403672,1.1859958941783753,0.20474859126813102,5.86902449389259,0.15576893393908095,1.238681229919889,7.952042802092489
baseline,131,oracle,true,,0.014566416705686702,0.16926807618057207,2.0331973075993216e-8,2.0145664167056867,true,0.012425682468872873,0.014736808390447446,1.1859958941783753,0.2337744281139831,4.2667961132143954,0.17756459969595378,0.848729760174411,4.779836530635624
baseline,132,oracle,true,,-0.05515628602258538,0.1894862428648412,8.419899446554524e-9,1.9448437139774137,true,0.01708353998757404,0.020261008283294905,1.1859958941783753,0.19732817818357878,5.278686736175341,0.1710978090889741,1.0190279508958298,5.955821154705236
baseline,133,oracle,true,,0.10626000568971739,0.18044547068611846,7.576086935578984e-9,2.106260005689717,true,0.011268843092951073,0.013364801640380319,1.1859958941783755,0.22502770747279188,4.240380567385388,0.1977767647336002,0.8922325676537741,4.511311370956981
baseline,134,oracle,true,,0.18236809871934567,0.17093345917957953,1.7033474897232282e-9,2.1823680987193455,true,0.011707566552169786,0.013885125861693446,1.1859958941783755,0.23155413516713202,3.981482921054718,0.1948165081748889,0.993961619859242,5.102040012784501
baseline,135,oracle,true,,-0.05519971200638096,0.18915679963340687,2.5537842610404148e-8,1.9448002879936188,true,0.016981691407634916,0.020140216285659204,1.1859958941783753,0.21484355541248598,5.1744601894344475,0.1710774969487866,0.9907483022867203,5.791225146246491
baseline,136,oracle,true,,-0.007263252763266115,0.177752049784514,1.725116736482346e-6,1.9927367472367337,true,0.016476470038429558,0.019541025816130476,1.1859958941783755,0.21868934985509633,4.605452382757998,0.18096796947502009,0.8892022189137345,4.913588970983485
baseline,137,oracle,true,,-0.05514534292133866,0.16866999594577295,3.0258494827061776e-5,1.9448546570786611,true,0.01539009695255981,0.01825259179674306,1.1859958941783753,0.21758833999533098,4.748194707137138,0.16198673304806838,0.9801170511317066,6.050600766427359
baseline,138,oracle,true,,-0.17997599837382294,0.15986168100502102,4.823822203903205e-9,1.8200240016261768,true,0.014547583426985776,0.017253374214622513,1.1859958941783755,0.23142885110193834,4.450755004887983,0.151885752912587,0.700936223870744,4.614891195714357
baseline,139,oracle,true,,-0.018870281697528357,0.16811997454689262,7.358752001795921e-6,1.9811297183024708,true,0.012989450512822498,0.015405434975840668,1.1859958941783748,0.21806719433132712,4.288138418533378,0.1741404187300348,0.8142762241668702,4.675974883402691
baseline,140,oracle,true,,-0.38113859618382384,0.11836604723912895,1.588292737553232e-5,1.6188614038161757,true,0.022266609980242196,0.02640810801383848,1.1859958941783753,0.2982456000432872,3.621768833408089,0.09736587284562384,0.4841887856062988,4.972879834128256
baseline,141,oracle,true,,0.1176464886000037,0.2046933652215232,1.3722719193642874e-7,2.1176464886000033,true,0.017137260460836235,0.02032472054401718,1.1859958941783748,0.20985695284801834,5.144977713991876,0.2025077026593236,1.1602346147075604,5.729335721414063
baseline,142,oracle,true,,-0.1992710791149701,0.1322547773590079,5.161621292204544e-7,1.8007289208850294,true,0.014890526613483319,0.017660103425745047,1.1859958941783755,0.27807617807170754,3.7084566265869343,0.12163438019411843,0.648032336821819,5.327706983729542
baseline,143,oracle,true,,-0.29965194346636137,0.14984619869708932,1.4128779061994834e-6,1.7003480565336384,true,0.022586860296880267,0.02678792357448055,1.185995894178375,0.27188734847980633,4.551820154877209,0.12912168538604984,0.6450661610256505,4.995800349856204
baseline,144,oracle,true,,0.0669539375197461,0.2237168495419422,3.109720940930316e-7,2.066953937519746,true,0.013993869256175523,0.016596671481493165,1.1859958941783753,0.16489560831706832,6.499276620191627,0.16699584797655326,1.6788703513042162,10.053365827035023
baseline,145,oracle,true,,-0.2736540123948985,0.15174828760341483,3.449743399919214e-7,1.7263459876051008,true,0.023725273639331114,0.02813807712450515,1.1859958941783757,0.2537972005620904,4.617787896974194,0.1324277859529747,0.6923782452267787,5.228345699841597
baseline,146,oracle,true,,-0.24671262334934796,0.16894574023873876,2.770632182791388e-8,1.7532873766506516,true,0.017909992984212704,0.02124117814403978,1.1859958941783757,0.23315893294296042,5.080466378840706,0.1390895022045999,0.7825328460693517,5.626110049040582
baseline,147,oracle,true,,-0.04999472771883284,0.13550755402843456,2.0222155560745137e-7,1.9500052722811667,true,0.0153149792301129,0.018163502486340997,1.1859958941783755,0.25541654660232144,3.6949787754063514,0.12833528969605493,0.8508108453937235,6.629593835092093
baseline,148,oracle,true,,0.21847346141422785,0.2369377330719102,4.0441226163423493e-7,2.2184734614142276,true,0.014454725796948781,0.01714324544665551,1.1859958941783761,0.1726298239001052,6.3054583179855115,0.19419050836995083,1.8362846458235618,9.456098865168375
baseline,149,oracle,true,,0.08828774243529258,0.19083958838340367,3.0487513507777564e-5,2.088287742435292,true,0.01633022880039903,0.019367584308266707,1.1859958941783755,0.23532184185545676,4.733759868237728,0.19957029145000238,1.002732328042438,5.024456900658729
baseline,150,oracle,true,,-0.23522718625054928,0.14767587681047004,7.312994783903459e-8,1.76477281374945,true,0.018177759935682675,0.02155874864907983,1.185995894178376,0.2712600838595736,4.142923906935208,0.1382774895635344,0.6080196927373844,4.397098144148889
baseline,151,oracle,true,,0.18810380351427236,0.20067018541028542,1.058109672191776e-7,2.188103803514272,true,0.014428213313807442,0.017111801750505393,1.185995894178375,0.21108487155782601,4.778655051571608,0.21178186729211032,1.1417470886534073,5.391146575729252
baseline,152,oracle,true,,-0.14581772826005812,0.17339878854633814,3.641287830508988e-5,1.8541822717399414,true,0.017437343490129535,0.020680617784671656,1.1859958941783757,0.22923424596859635,4.851246457961582,0.15993846675946904,0.811967437442249,5.076748914089343
baseline,153,oracle,true,,0.13023789485443338,0.2460690541649033,3.063746324397876e-5,2.1302378948544334,true,0.0166648533899072,0.019764447697514516,1.185995894178375,0.15127572282886687,7.623248138709159,0.1518354483508306,2.45039393190649,16.138483855526385
baseline,154,oracle,true,,-0.0673438199329337,0.1380662302014243,5.049262495893103e-9,1.9326561800670663,true,0.016571548618643704,0.019653788621888758,1.1859958941783753,0.27802254194230047,4.060405956202222,0.1316629362302898,1.0642880835898034,8.083429658049491
baseline,155,oracle,true,,-0.2195743432075079,0.20148844089190052,4.253941369836145e-7,1.7804256567924917,true,0.01995961560385733,0.02367202215555343,1.1859958941783755,0.1848384129281459,7.234965809434444,0.10888712599478417,1.553920779001864,14.27093207581123
baseline,156,oracle,true,,0.27613267164868005,0.23142756018577548,3.8746464348093924e-8,2.2761326716486794,true,0.014798523228263416,0.017550987788623726,1.1859958941783753,0.18288929071796142,5.675723316552793,0.2223783951220012,1.5871475780958022,7.137148270294251
baseline,157,oracle,true,,-0.2403087814576319,0.15940686227498302,5.9063891975214e-8,1.7596912185423679,true,0.01847460619780917,0.021910807097164045,1.1859958941783755,0.229414121411392,4.753126910263388,0.12850791681990695,0.7212265427671816,5.61231214865867
baseline,158,oracle,true,,0.01850048842664087,0.1602543823650791,1.4701466740539293e-5,2.0185004884266404,true,0.012127122057905174,0.01438271696887554,1.1859958941783748,0.2508197416072063,3.8351929003224976,0.1701739839109019,0.7436958425480051,4.370208803111658
baseline,159,oracle,true,,0.1928429164039891,0.17690165642848427,6.209395981837673e-9,2.192842916403989,true,0.01234785270704381,0.014644502612473296,1.1859958941783753,0.2222119905720634,3.9936006999492073,0.20527233217458696,0.926974668479705,4.515828600277704
baseline,160,oracle,true,,0.1394821022509718,0.1502169762519817,2.9803746022623033e-5,2.139482102250972,true,0.00927903985118022,0.011004903165417265,1.1859958941783755,0.2271913008755095,3.9065301777261823,0.15735545207514973,1.1890461767512468,7.556434563089576
baseline,161,oracle,true,,0.3433681846732277,0.25294218435237625,2.0986052113425301e-7,2.3433681846732273,true,0.012389990083156025,0.014694477367533836,1.1859958941783755,0.15607510016433623,6.446621790605825,0.21666621351549523,2.1284468889732775,9.82362157181031
baseline,162,oracle,true,,0.3780552386739102,0.2528161105217377,1.0304220627607163e-5,2.3780552386739098,true,0.014486017896754343,0.01718035774854512,1.1859958941783755,0.16307464369799063,6.304710185911942,0.22434160418060778,2.080339944563809,9.273090259660515
baseline,163,oracle,true,,0.14417994708001114,0.19370846310078807,5.275146007619469e-6,2.1441799470800107,true,0.012404026964438366,0.014711125051101755,1.185995894178375,0.21314757193797848,4.641905031341922,0.2117606226527636,1.02597295172701,4.844965692273008
baseline,164,oracle,true,,0.38917788452441915,0.2424641368638409,3.332243770337584e-7,2.3891778845244187,true,0.010580230781556729,0.012548110266385947,1.1859958941783757,0.1731323399519763,5.772377198631061,0.22823675083752928,1.7905424708841418,7.845110238879726
baseline,165,oracle,true,,-0.005404092544078143,0.20246266995372564,8.984966200089373e-5,1.9945959074559216,true,0.015504371087705197,0.018388120451836274,1.1859958941783753,0.18281732162144967,5.688634666515291,0.16712804515044777,1.2217804779719814,7.310445574063534
baseline,166,oracle,true,,0.052985717558350354,0.17382352828828018,2.6602665927910607e-8,2.0529857175583506,true,0.015412321659102998,0.018278950207452606,1.1859958941783757,0.2320848801376193,4.407766683207095,0.18123558613600146,0.950856372320069,5.246521351532665
baseline,167,oracle,true,,-0.18477305619478246,0.15644025713026155,4.566348039691803e-9,1.8152269438052175,true,0.020511219126358553,0.024326221668454204,1.1859958941783753,0.25949502889448794,4.367817445244682,0.14457636763662607,0.7262079046357464,5.023005602554462
baseline,168,oracle,true,,0.059738898707272226,0.18539886570132702,3.3375207115815543e-6,2.0597388987072716,true,0.014048023438951649,0.01666089811991824,1.1859958941783755,0.22705023785099412,4.67708107757711,0.19195659434583984,0.9703901082029313,5.055257994703853
baseline,169,oracle,true,,0.10461883728545285,0.19462940933332495,9.709294329367068e-5,2.1046188372854524,true,0.015077380415516692,0.017881711267768247,1.1859958941783755,0.2170430219914549,4.818146570797678,0.20092672931956487,1.0427822326504603,5.189863171424855
baseline,170,oracle,true,,0.01742610349379392,0.16412949709703245,4.610203567112503e-7,2.0174261034937935,true,0.010815542230086532,0.012827188678195456,1.1859958941783753,0.23996843366906576,3.989374134124803,0.17518605349346472,0.7625095118998997,4.3525697205590905
baseline,171,oracle,true,,0.20226544875094277,0.20822904844030415,1.9850071137916815e-8,2.2022654487509428,true,0.012404128834874743,0.014711245869021046,1.185995894178376,0.18871648693927084,4.991877812266485,0.22392350467203107,1.1964420051778957,5.343083598706
baseline,172,oracle,true,,0.1703172608087553,0.1986240216616622,3.1870188585525485e-7,2.1703172608087553,true,0.011952240528311663,0.014175308192810009,1.1859958941783755,0.1923524821821072,5.057144446656836,0.20171712337056705,1.2500093332830509,6.196842947173627
baseline,173,oracle,true,,0.08737056736804538,0.21987543660198872,2.5765022249046867e-9,2.087370567368045,true,0.013541818104196796,0.01606054067128779,1.1859958941783755,0.17905992220601946,6.07884251371657,0.17750049619934685,1.5226561928978004,8.57832076811627
baseline,174,oracle,true,,0.6544248663216012,0.28282880705509583,1.8686357175656809e-6,2.6544248663216017,true,0.011115715034718178,0.013183192392032604,1.1859958941783761,0.1413249499997647,6.290961151929224,0.2641806782822765,2.628249880244585,9.948683216856253
baseline,175,oracle,true,,-0.035319390250212024,0.20710633483087912,2.5789930531150418e-8,1.9646806097497875,true,0.018798674585397933,0.022295150874277324,1.1859958941783755,0.17429265472965805,6.139630089037176,0.15373344694901506,1.3634348289996445,8.868823642859065
baseline,176,oracle,true,,-0.024626336376341706,0.17089691196106271,9.140506019889027e-7,1.9753736636236576,true,0.010277436892212348,0.012188997956841209,1.1859958941783755,0.22275918015966806,4.311703950728244,0.17533231724091952,0.7922949351487458,4.518818593266375
baseline,177,oracle,true,,-0.3725909162380596,0.15185714711170803,2.0644351691290197e-6,1.6274090837619402,true,0.019686386723986298,0.023347973825855423,1.1859958941783753,0.235660760025397,4.851945940397888,0.11731978030243567,0.6341494721861952,5.405307362078564
baseline,178,oracle,true,,-0.2456491559742071,0.15043185526190567,5.3918314240064544e-8,1.7543508440257927,true,0.016574808981462547,0.01965765539880544,1.1859958941783753,0.2439859152204364,4.343494776389587,0.13872845564565234,0.6459379454840611,4.656131595193062
baseline,179,oracle,true,,0.5315425722476068,0.36091317041760124,1.7612118034943114e-8,2.531542572247606,true,0.015592421576348513,0.01849254796984765,1.1859958941783757,0.08310852124256085,16.740630458185212,0.08249577912104801,16.621547089575305,201.48360639380246
baseline,180,oracle,true,,-0.3664764269474903,0.12041157708414005,5.004861497315271e-6,1.6335235730525093,true,0.020045886117651773,0.023774338630702295,1.1859958941783753,0.30962579073988483,4.069237044705258,0.09862614684578369,0.7118406946377132,7.217565700409847
baseline,181,oracle,true,,-0.1920803209510542,0.15520899877000927,5.26083147844858e-8,1.8079196790489458,true,0.017186124663841094,0.02038267328815325,1.1859958941783755,0.22722810491829668,4.505414674169892,0.1438372459195353,0.7567714087444064,5.261303523343012
baseline,182,oracle,true,,0.17429487765182805,0.22909455503143575,3.527804084080266e-7,2.174294877651828,true,0.014048390143387664,0.01666133302987373,1.1859958941783755,0.17400490909539146,6.330486779535037,0.18067594648497337,1.7330259986899776,9.591902145281479
baseline,183,oracle,true,,-0.16668639897889226,0.1355084674711003,2.290442082705235e-6,1.8333136010211069,true,0.014350959918281884,0.017020179540600745,1.185995894178375,0.264370708748713,3.73316828065805,0.12700528612852405,0.6731658040431906,5.300297527474368
baseline,184,oracle,true,,-0.10641111219662869,0.17850206115619457,6.8455932882243e-5,1.8935888878033715,true,0.01227187974261517,0.014554398988592373,1.1859958941783757,0.20426255256317144,4.90730791791743,0.165228067439771,0.8612386205278859,5.212423251526712
baseline,185,oracle,true,,0.16730321178845808,0.18515328337642256,2.8038592702062103e-8,2.1673032117884574,true,0.013115093145603272,0.015554446622452435,1.1859958941783755,0.205764068877792,4.824824469803316,0.19400271598871466,1.3267900803998336,6.83902837977286
baseline,186,oracle,true,,0.21008684538071254,0.22574492112882158,2.8066853987041007e-8,2.210086845380712,true,0.013104029591668318,0.015541325292910553,1.185995894178375,0.1697176185736737,5.793062132179634,0.19953725940927308,1.5473027157587955,7.754455084426643
baseline,187,oracle,true,,-0.1245849909546255,0.1551842916479588,2.1021346210403634e-8,1.8754150090453747,true,0.014799119665371974,0.01755169516058561,1.185995894178375,0.24863458131818902,4.109167174230688,0.15256950605836694,0.7013806052118052,4.5971218189792475
baseline,188,oracle,true,,0.4379250675395052,0.2328798389291907,2.1867865717783986e-7,2.4379250675395046,true,0.008352149765325043,0.009905615329238377,1.1859958941783748,0.16100409650706582,5.046285238818223,0.2708701766135719,1.493062217984947,5.512095265160829
baseline,189,oracle,true,,0.04322452295247836,0.18771292532324468,1.89841509046218e-8,2.043224522952478,true,0.014595145509022639,0.017309782648636807,1.1859958941783755,0.20979818202223105,4.961432080689442,0.1812358219253376,1.050445427389898,5.796014365320352
baseline,190,oracle,true,,-0.11544715170324849,0.17177994347794553,2.4422510621846525e-7,1.884552848296751,true,0.014850249109211957,0.017612334471051455,1.1859958941783753,0.19358095519714583,4.854133742919862,0.15127922541225097,0.8598576035698215,5.683910670659662
baseline,191,oracle,true,,-0.11781382139126162,0.1721200300772117,3.071538916543659e-9,1.8821861786087382,true,0.015586159938333032,0.018485121692870463,1.185995894178376,0.21546463652083286,4.677743619654409,0.16350565950357723,0.7959769774277365,4.868192207195873
baseline,192,oracle,true,,0.058753616971933376,0.20718374947501864,1.076705403288969e-6,2.058753616971933,true,0.017373687145500968,0.02060512162130377,1.1859958941783755,0.201896990930458,5.739662216592748,0.17815036704289633,1.3106730251884389,7.357116614151267
baseline,193,oracle,true,,-0.3517517854220482,0.13501423743145094,2.3731870422913358e-8,1.6482482145779513,true,0.019882985195514957,0.023581138805890165,1.1859958941783755,0.2874825555440037,3.990828012017529,0.11616971849359091,0.540765133181366,4.654957765187319
baseline,194,oracle,true,,0.49995755163563516,0.35000273423842854,2.2697650972922644e-5,2.4999575516356343,true,0.01729038404905782,0.020506324490949846,1.1859958941783753,0.09075102156541982,15.261277886857105,0.0904812550590327,13.612581152438116,150.44642278178895
baseline,195,oracle,true,,-0.18374202654299499,0.17059787036785448,5.210747245976144e-7,1.8162579734570041,true,0.017011704845887224,0.020175812100196627,1.1859958941783757,0.21391706599705837,5.054694816162067,0.1455350281929612,0.8418644301520328,5.784617219682852
baseline,196,oracle,true,,0.4027931563446099,0.2649409342036673,1.1631143098564389e-6,2.4027931563446097,true,0.013876933604839404,0.016457986279125453,1.1859958941783753,0.15819646897957432,6.9161956475124695,0.2107231356366811,2.5174025949962644,11.946493617751832
baseline,197,oracle,true,,-0.10694543992974137,0.16124781294943222,1.1317920511899615e-9,1.8930545600702589,true,0.017308402870042035,0.020527694738655067,1.1859958941783757,0.2371740247653409,4.504515830155485,0.15701286114732388,0.852202948362158,5.427599638239463
baseline,198,oracle,true,,0.005078374866924751,0.17095663064110067,1.513421280296967e-8,2.0050783748669243,true,0.013263604925461693,0.015730580983601646,1.1859958941783755,0.21794268790093185,4.262872086512746,0.1797302371416856,0.8242361555210894,4.585962655083599
baseline,199,oracle,true,,0.1832804919604092,0.2220111443892309,3.524117577313746e-8,2.1832804919604087,true,0.014186085555065345,0.016824639222770665,1.185995894178376,0.17808128543662777,5.656379220638339,0.2080598573839215,1.4488551027544943,6.963645563214056
baseline,200,oracle,true,,-0.16681762484374096,0.13082174886104717,4.8090507243081506e-9,1.833182375156258,true,0.01801022153012208,0.021360048787967763,1.1859958941783753,0.27423207362951324,3.8629189919158367,0.11911289531757945,0.8244187937482528,6.921322763166683
baseline,201,oracle,true,,-0.1530683676258464,0.15285657448009535,8.984400925449164e-9,1.8469316323741534,true,0.016683001144371667,0.01978597085979793,1.185995894178375,0.27694933011449113,4.256384795565976,0.1479823658535062,0.7475318555883352,5.051492799678225
baseline,202,oracle,true,,-0.2572178949927697,0.1272101610037307,6.140316829714721e-6,1.7427821050072299,true,0.016473119077632544,0.019537051590383665,1.1859958941783755,0.252224988294855,4.138909684141762,0.1093580905674703,0.8543338124479285,7.812259778994888
baseline,203,oracle,true,,0.045744300974735586,0.2187753695025488,8.289269207964022e-5,2.0457443009747354,true,0.01403129193874871,0.016641054629374107,1.1859958941783755,0.168088966024981,6.342815349435266,0.16026008589104535,1.5867306625929216,9.900972246275211
baseline,204,oracle,true,,0.060808492456260854,0.15864850331720198,1.3636731778451927e-6,2.0608084924562604,true,0.012800145657501075,0.01518092019468144,1.1859958941783757,0.23254173782352625,4.403089011063052,0.1613516937097419,1.2462663533683123,7.723912434475218
baseline,205,oracle,true,,-0.017851946401647334,0.19447887732696112,9.612177025741798e-7,1.982148053598352,true,0.016649139677031015,0.019745811298561067,1.1859958941783755,0.19920098224091246,5.2703736203095,0.17699953703237947,1.0604321196182491,5.991157589436285
baseline,206,oracle,true,,-0.20597991734803878,0.15287225826899806,3.1767580836228325e-6,1.7940200826519612,true,0.0207869923889224,0.024653287625579102,1.1859958941783753,0.2386438643791493,4.677430303170795,0.13763892269204034,0.8485134832926251,6.164778586585775
baseline,207,oracle,true,,0.19075046175493937,0.23488012539792769,1.865031077463719e-8,2.1907504617549387,true,0.015413248261001475,0.01828004915349973,1.1859958941783753,0.1717628373286363,6.4450991645361535,0.18494808881568175,1.8385242159591502,9.940758121547356
baseline,208,oracle,true,,0.1317004855510333,0.20647197931059047,9.706162885079084e-5,2.131700485551033,true,0.011929137553849787,0.01414790815995491,1.1859958941783748,0.1831713986813078,5.267855544771519,0.18480605284747387,1.2496959792891587,6.762202644523614
baseline,209,oracle,true,,-0.010466375832154595,0.1710783078158034,1.1805184446843365e-6,1.9895336241678445,true,0.013877179909101287,0.01645827839496877,1.1859958941783755,0.2060514232987981,4.399876564826019,0.17609582954500627,0.8526952229217672,4.842222698430441
baseline,210,oracle,true,,-0.07566921866968457,0.22228435617460918,4.636042880377112e-6,1.9243307813303154,true,0.017788884907387063,0.02109754446217272,1.185995894178375,0.1541318118009732,7.769251595090664,0.1159647450751403,2.076914498465551,17.9098785335129
baseline,211,oracle,true,,0.15208878682440585,0.21154109965139642,5.123418452601669e-8,2.1520887868244056,true,0.017016368406822416,0.020181343064318014,1.1859958941783757,0.19761873693802273,5.40259968829108,0.19932270786523004,1.3071944163357057,6.558181104079479
baseline,212,oracle,true,,0.07963701182563088,0.1767224267330232,3.024757492524621e-6,2.0796370118256307,true,0.014825118420679247,0.01758252957763379,1.1859958941783757,0.24227551734043568,4.422870633586275,0.18848212460042804,0.9756371486248034,5.176284757470246
baseline,213,oracle,true,,-0.12191508165128351,0.1561215652214057,2.067859851687337e-5,1.8780849183487163,true,0.01715758984793162,0.020348831113643478,1.1859958941783753,0.24909442157486802,4.239729498086991,0.15107755081590465,0.7478238906219856,4.949933902047733
baseline,214,oracle,true,,0.06896819334849891,0.1892261818787927,1.636136052696191e-8,2.0689681933484985,true,0.013822464496628245,0.01639338614042746,1.1859958941783753,0.22261881123370145,4.7122988326449615,0.19512921184301324,0.9761187838677173,5.002422623697324
baseline,215,oracle,true,,-0.044257826171670844,0.16948155779135166,1.5235516839107177e-5,1.9557421738283285,true,0.014561859872068733,0.01727030601987437,1.185995894178376,0.24544378101219716,4.329974824885461,0.16734923844326735,0.8013787996045793,4.788661167862157
baseline,216,oracle,true,,-0.01487780656113924,0.16103240365185642,3.832912781609465e-9,1.9851221934388603,true,0.01486785567120961,0.017633215781291272,1.1859958941783755,0.24148540773415114,4.030419805465145,0.17048346446261375,0.770481989080475,4.519394250399213
baseline,217,oracle,true,,-0.20009689867878344,0.1411570962175498,7.38088864867803e-5,1.799903101321216,true,0.015344925561838276,0.018199018712812993,1.1859958941783753,0.27198827570696116,4.1761945455021845,0.13191590189168909,0.7938991708337138,6.018221908421268
baseline,218,oracle,true,,0.49193559620508265,0.25900705362361115,1.805837779258468e-6,2.491935596205082,true,0.012699724510276036,0.01506182112638386,1.1859958941783755,0.1552349032160436,5.914814466716,0.26149143932656405,2.050210335090725,7.84044915722964
baseline,219,oracle,true,,-0.14702158330647697,0.1552263229241214,7.772279766778828e-9,1.8529784166935226,true,0.01630611850323267,0.01933898959481998,1.1859958941783753,0.2502937368787206,4.236416117379288,0.15213403087283506,0.7131368229932407,4.687556221982533
baseline,220,oracle,true,,-0.06996345994550435,0.1891176354006743,1.3049791370844943e-8,1.930036540054495,true,0.018353866505896686,0.021767610318291473,1.1859958941783753,0.19138448951249626,5.724885372466983,0.14580344827502792,1.155672843122297,7.926238074578046
baseline,221,oracle,true,,0.16413857641455376,0.19052193449954616,1.2505793900996486e-8,2.1641385764145533,true,0.012430460745111366,0.014742475406447552,1.1859958941783757,0.20770450531419368,4.655737062952449,0.2093268222026946,1.1130833357291712,5.317442475916222
baseline,222,oracle,true,,0.019118338270412094,0.18805404748904253,3.725329581483194e-9,2.019118338270412,true,0.012903033369128958,0.015302944598233517,1.1859958941783757,0.21104981775589626,4.850493345913191,0.1780982234571051,1.003040229379017,5.631949661870709
baseline,223,oracle,true,,0.07891415958516146,0.18829753404443864,6.378509447291236e-9,2.0789141595851617,true,0.01522701924165414,0.018059182301176927,1.1859958941783753,0.23349542812631582,4.693621700069947,0.2001349921066057,0.9868095561926137,4.930719739739319
baseline,224,oracle,true,,0.23815247054579247,0.23946432759874536,1.4248861186505478e-7,2.238152470545792,true,0.01201550863465781,0.014250343907168981,1.1859958941783755,0.16410088752432633,6.479640411555052,0.1944381040617647,1.923018125184095,9.890129995164086
baseline,225,oracle,true,,-0.12683940436229157,0.16797411636234977,4.965756441220492e-5,1.8731605956377084,true,0.02078458043845602,0.02465042706222901,1.185995894178375,0.26063552452237176,4.561334746689248,0.1598296403611128,0.7682786257007639,4.8068595034371935
baseline,226,oracle,true,,0.13574472942504845,0.20455221138836158,4.5177500719604246e-5,2.135744729425048,true,0.01463231689428528,0.017353867758939226,1.1859958941783757,0.18126120659729117,5.146831232753906,0.19460217591087742,1.2136728305912983,6.236686845408799
baseline,227,oracle,true,,0.41755029013214595,0.29733884071709815,2.972676746153091e-5,2.4175502901321457,true,0.011580891493718532,0.013734889762475453,1.1859958941783755,0.11648436919854936,9.157977291965995,0.1609482074720212,4.534973924379683,28.176604111406647
baseline,228,oracle,true,,0.05225900313763465,0.19299492967554235,7.300281234700279e-5,2.0522590031376344,true,0.012165839398569347,0.01442863557593677,1.185995894178376,0.19373853229601554,4.9045278695819,0.18595329174526212,1.0248408215425147,5.511280880934588
baseline,229,oracle,true,,0.3239516044941011,0.23942380363007826,1.1410829371910625e-6,2.323951604494101,true,0.013386625944540891,0.01587648340712722,1.185995894178376,0.18004087720955733,5.869915367517843,0.22975921786191064,1.744400380145719,7.592297694859558
baseline,230,oracle,true,,0.18363877629796943,0.20890011352459206,9.655922024176533e-9,2.1836387762979688,true,0.017055420073513385,0.02022765818067431,1.1859958941783748,0.1831447538219242,5.072257323561478,0.2115465828358938,1.2157196735661036,5.746817827396399
baseline,231,oracle,true,,-0.14859852528330353,0.15809531933660811,1.2272656113587744e-9,1.8514014747166962,true,0.017824455177661482,0.021139730656673,1.1859958941783753,0.24633080320622994,4.323423328789966,0.15260005438740615,0.7200834585959356,4.718762791314988
baseline,232,oracle,true,,-0.1255998898762063,0.17877198339297343,3.144316540955483e-5,1.8744001101237935,true,0.013945560526546816,0.016539377526500542,1.185995894178375,0.2032351292145566,5.0672051337560875,0.1520025526947474,0.9048228630790589,5.952682024335016
baseline,233,oracle,true,,-0.1847265851658333,0.1353908033232344,2.2436585529028718e-7,1.8152734148341665,true,0.017433218235395443,0.020675725249494577,1.1859958941783753,0.2737515146931032,4.215947398784914,0.123358711923986,0.9413120988009452,7.630690075468562
baseline,234,oracle,true,,0.05228985940606501,0.17080604452588694,2.600211117619988e-5,2.0522898594060646,true,0.012482685324119126,0.014804413542725945,1.1859958941783753,0.2281904224733035,4.129396029595483,0.18578256826551848,0.8276448967957638,4.4549114834762245
baseline,235,oracle,true,,-0.34196240089865615,0.15429844778869609,2.3036943272103372e-7,1.6580375991013436,true,0.021892366597106076,0.02596425689801562,1.1859958941783755,0.2433502087997552,5.04314267729663,0.11419322571954751,0.702688446758436,6.153503785629118
baseline,236,oracle,true,,0.08934525369530966,0.2004263967787999,3.843904572420342e-9,2.089345253695309,true,0.01354667517080425,0.01606630113234198,1.185995894178375,0.197616211212885,5.055595954518409,0.19844727279814475,1.1002855894828056,5.544473219352259
baseline,237,oracle,true,,0.18382530336191438,0.23467780080438483,1.2511939624260115e-7,2.1838253033619144,true,0.016106804153896877,0.0191026035948569,1.1859958941783755,0.1632117795904986,6.374801238282842,0.18692436114681096,1.8158567669298655,9.714393328880691
baseline,238,oracle,true,,-0.26898147059289057,0.14416790046620284,9.509372060456656e-8,1.7310185294071088,true,0.021327436059459533,0.025294251599870827,1.185995894178375,0.2684407895993584,4.104923823679202,0.13217131858484063,0.5828157870495866,4.409548102340205
baseline,239,oracle,true,,0.2224257683879669,0.1988648001548013,3.412301162630804e-8,2.222425768387967,true,0.01006955841824959,0.011942454940233311,1.1859958941783755,0.1906958930452453,4.52395749799144,0.22774841320792036,1.0597898012095965,4.653335609596864
baseline,240,oracle,true,,0.08205407563291511,0.22414358668659204,1.8891884009808456e-6,2.0820540756329144,true,0.01769342221889815,0.02098432610557765,1.1859958941783755,0.17434887990766304,6.456552069419312,0.16260927409509732,1.693217980334849,10.412800805842227
baseline,241,oracle,true,,-0.1878463140875941,0.14016687286881008,2.9169964914398384e-5,1.8121536859124057,true,0.014165912262368185,0.01680071378045977,1.1859958941783755,0.26702761574997225,3.8493808123907107,0.13327386747478115,0.6365137520263073,4.775983199757838
baseline,242,oracle,true,,-0.3508130679611403,0.12943669863913906,4.678027042182009e-8,1.6491869320388592,true,0.021401835591894524,0.02538248913986753,1.1859958941783755,0.26615253329663685,4.327903425421917,0.10832986672532244,0.7289204262326552,6.72871155727424
baseline,243,oracle,true,,-0.08232102981481204,0.16142839097622866,4.033752477559938e-8,1.9176789701851877,true,0.015978324769803116,0.018950227572835137,1.1859958941783757,0.25243447993652524,4.429237655647097,0.16066923606934427,0.8643609214664932,5.379753726428612
baseline,244,oracle,true,,-0.15791254305862568,0.18854782071628448,6.708460706938979e-9,1.8420874569413739,true,0.01810888872224821,0.021477067672719466,1.1859958941783755,0.19363410735812756,5.742948667355354,0.1448636923459136,1.0636528359985893,7.342439080309646
baseline,245,oracle,true,,0.37512718172652826,0.2878079957031564,7.759720528394916e-5,2.3751271817265276,true,0.014399611697721198,0.017077880351260247,1.1859958941783755,0.1354611006850669,8.765657776868396,0.16163707246070813,4.010547267983465,24.81205089233707
baseline,246,oracle,true,,0.024483501369024996,0.19392654871378737,7.018805741609846e-9,2.0244835013690246,true,0.015921683391918396,0.018883051131223252,1.1859958941783757,0.20355959686178085,5.106270296305593,0.18155275631891626,1.0515750725961497,5.792118466926214
baseline,247,oracle,true,,-0.140694827401185,0.18651884793921775,2.6923647600263222e-9,1.8593051725988148,true,0.022068900392393467,0.026173625254410186,1.1859958941783753,0.22355487969950907,5.5988281596948095,0.14922450534126155,1.028503724346788,6.892324568238324
baseline,248,oracle,true,,0.0008624610416720913,0.190800844970628,3.3005546294744284e-5,2.0008624610416716,true,0.01534034586986667,0.018193587216938065,1.1859958941783753,0.2119989385439807,5.05021811776971,0.18123130404698318,1.0083600525146712,5.563939727836752
baseline,249,oracle,true,,-0.04357610479458862,0.21844928418095613,2.2737548687823407e-6,1.956423895205411,true,0.01706386938726311,0.020237679032090117,1.1859958941783753,0.1731544940232338,7.012849193509561,0.13937159085774234,1.7417981825264195,12.497512382593712
baseline,250,oracle,true,,-0.07821248160684391,0.1623241763989196,1.1856599404063139e-5,1.921787518393156,true,0.015191392946472112,0.018016929661366258,1.1859958941783755,0.2243294265806779,4.2698009933164425,0.1641852733847349,0.7652788995689298,4.661069070279244
baseline,251,oracle,true,,0.6683109631809963,0.24758555548899183,5.6942436473469626e-6,2.6683109631809963,true,0.010040741200033471,0.01190827783774735,1.1859958941783755,0.17101705000586748,5.037492279154962,0.30619028144698457,1.8287927294818354,5.972732775316653
baseline,252,oracle,true,,0.6311587328946642,0.28593446744714707,7.74064081981718e-6,2.6311587328946637,true,0.010850326190555218,0.012868442312494581,1.1859958941783755,0.14407098346109481,6.740543993185864,0.2422522163546008,2.8674225090862464,11.836517131752503
baseline,253,oracle,true,,0.09948871022331174,0.17624342473420007,2.736078835496869e-8,2.0994887102233113,true,0.015727282956045033,0.018652493012450953,1.1859958941783755,0.23747192915271578,4.16547459463419,0.19550608553982862,0.8861070312479337,4.532375699719155
baseline,254,oracle,true,,0.3452792426064417,0.2591018117748963,5.281735325990411e-6,2.3452792426064417,true,0.016586916022256183,0.019672014299477354,1.1859958941783761,0.1578759438252851,6.8999660157403975,0.20418529995328571,2.3965824366578126,11.737291750219589
baseline,255,oracle,true,,0.23578726921320414,0.23780692880346582,5.215144416070849e-7,2.235787269213203,true,0.012364609037857587,0.014664375552019932,1.1859958941783755,0.15363844082098155,6.239046697354567,0.19755187851424383,1.834192925905985,9.284613943945548
baseline,256,oracle,true,,0.21963054942935445,0.2751855960233927,1.0542750802811085e-7,2.219630549429354,true,0.01560253276836162,0.018504539802060443,1.1859958941783755,0.12613346714901869,9.409606465957726,0.12699655789013192,4.093922089965149,32.23648072026416
baseline,257,oracle,true,,-0.05601941387105902,0.1806327869325511,1.2544703146932788e-7,1.9439805861289405,true,0.014652762275431276,0.017378115897033284,1.1859958941783755,0.21153391551885806,4.786478016607932,0.17417055865494366,0.8756610877380689,5.027606815414059
baseline,258,oracle,true,,0.09552346304829706,0.2049686705636891,4.30220187030983e-8,2.0955234630482966,true,0.009801368455342203,0.011624382745365296,1.1859958941783753,0.16836657494836918,5.264491349244367,0.1960471730184663,1.188983966224443,6.06478506125895
baseline,259,oracle,true,,-0.07483963525614468,0.1510174487696862,5.039038979015587e-7,1.9251603647438555,true,0.014554043188156113,0.017261035464847904,1.1859958941783755,0.26404771081647627,3.9494774335942324,0.15100844849682515,0.748485924102477,4.9565831021581115
baseline,260,oracle,true,,-0.19969385582016153,0.12336879803741684,1.5890616266371893e-5,1.8003061441798383,true,0.012739745542817794,0.015109285906659166,1.1859958941783757,0.26903762428956873,3.827473263437235,0.1072311008446998,0.8354070677671095,7.790716137261421
baseline,261,oracle,true,,-0.013381083126988269,0.18972438932508334,1.2777058498336657e-7,1.9866189168730113,true,0.01558237749726575,0.01848063573329468,1.1859958941783748,0.2255430201059974,5.0215238609028345,0.1787948118412369,0.9897896329484972,5.535896834788435
baseline,262,oracle,true,,-0.09453871656601653,0.16723697331237306,3.260784273706463e-9,1.9054612834339832,true,0.015364511552450595,0.01822224761726262,1.1859958941783753,0.2178833462401293,4.597328009648367,0.16344248961217822,0.8418081289413639,5.150485231464806
baseline,263,oracle,true,,0.15504163360141,0.23959907880421716,5.13222876619146e-7,2.1550416336014098,true,0.015952771226615384,0.01891992117553277,1.1859958941783755,0.1516308946771158,6.936352305675039,0.16669672626252052,2.087942555434799,12.525396282507824
baseline,264,oracle,true,,0.2242968649958028,0.24936314827724418,3.03447000342949e-5,2.224296864995802,true,0.012836247500530782,0.015223736832286939,1.1859958941783753,0.15086775895333865,7.150768927202981,0.17003142803915922,2.336729676967232,13.742928021689437
baseline,265,oracle,true,,0.08950457794919897,0.19870533711974311,2.2654476516947852e-8,2.0895045779491985,true,0.014020012789555902,0.016627677604741608,1.1859958941783753,0.19015018422327848,5.110468869277153,0.19465628405565144,1.1224884280489298,5.766515237329893
baseline,266,oracle,true,,-0.2159629364633897,0.14428735963680195,5.731748340320753e-6,1.7840370635366096,true,0.01759246584293051,0.020864592258188895,1.1859958941783753,0.2869206510704242,3.9312617408447936,0.13506985897481838,0.5931752739972683,4.391618370667407
baseline,267,oracle,true,,-0.2141103075169044,0.15096221690818173,3.741748430652336e-8,1.7858896924830954,true,0.016585617757191782,0.01967047456244141,1.1859958941783755,0.23711361160175073,4.361136966034786,0.13870849260778817,0.7010128056253413,5.053856418204497
baseline,268,oracle,true,,0.5011678487709808,0.28872062477149296,8.010807671994246e-6,2.501167848770981,true,0.013120337760717785,0.015560666714444798,1.1859958941783757,0.1306086480741304,7.675844853275576,0.2090467917076947,3.380219361750214,16.169678253071194
baseline,269,oracle,true,,0.08980554917600303,0.17227766157114688,2.93962575979162e-9,2.0898055491760026,true,0.014768497285255056,0.017515377143496984,1.1859958941783757,0.24859670952459795,4.0144753996805305,0.1897033987384083,0.8258280598083532,4.353259168261554
baseline,270,oracle,true,,0.034033526005943004,0.15447288234443426,1.4257376419654806e-6,2.0340335260059432,true,0.012933550308390305,0.015339137562900364,1.1859958941783755,0.21432926849203704,4.050383304506296,0.16143192423850897,1.0048101512093979,6.224358384806419
baseline,271,oracle,true,,0.11172040467675193,0.21850849159784141,2.247569198310373e-8,2.1117204046767517,true,0.01720243083110429,0.02040201233557719,1.1859958941783757,0.1814087236006172,5.8757114903405485,0.18908000061562316,1.450289578792876,7.670243146133365
baseline,272,oracle,true,,0.22853615331532318,0.24161421320039594,1.5704518636978915e-7,2.2285361533153227,true,0.015376122868863216,0.018236018590853997,1.1859958941783755,0.17909592359661855,6.553858726046044,0.19248114951399964,1.9714097972856202,10.242092808897292
baseline,273,oracle,true,,0.25592748748115834,0.21806599976417193,3.5669752722622404e-8,2.255927487481158,true,0.013101351799948823,0.015538149442925774,1.1859958941783755,0.18388384740161806,5.3540055599143095,0.19953044294325814,1.4935273925780397,7.485210630253372
baseline,274,oracle,true,,-0.04016712988437554,0.17185545567503877,1.3426027178966571e-5,1.9598328701156242,true,0.014278620723502144,0.01693438555260381,1.1859958941783757,0.2409631666799425,4.437810214649006,0.17052546821463294,0.8145251780473085,4.776560279090401
baseline,275,oracle,true,,-0.0022452389236078396,0.16425478857367484,7.265926366009683e-5,1.9977547610763922,true,0.016097558036801712,0.019091637737944936,1.185995894178375,0.2589872788339368,4.128009906176079,0.1715094009801927,0.8086866332268294,4.7151154899096355
baseline,276,oracle,true,,0.07845088348266605,0.1904826008531274,1.2608850175066521e-9,2.0784508834826654,true,0.013428985222944096,0.015926721337393777,1.1859958941783757,0.21288642365180574,4.959317357711672,0.1925536032135537,1.0970252956007083,5.697246259183425
baseline,277,oracle,true,,0.2419915943333888,0.24204347805982732,3.1778609042021345e-8,2.2419915943333875,true,0.013917752565078503,0.01650639739837366,1.1859958941783755,0.15884407434343079,6.844494187469282,0.18097166174422488,2.1005449800419007,11.607038139544148
baseline,278,oracle,true,,0.11251628608616637,0.22563163831183142,5.040685627344388e-8,2.1125162860861666,true,0.015724382911175484,0.01864905357114273,1.185995894178375,0.18706175939703074,6.294445357659845,0.17677107035462827,1.6572434061862382,9.37508271495765
baseline,279,oracle,true,,-0.4133323480897888,0.12455859396145728,5.368690313289903e-7,1.5866676519102108,true,0.01975159512697499,0.023425310724065947,1.1859958941783755,0.2953090651867641,3.8643698630836023,0.10358606111732506,0.4724885620637783,4.561314108938093
baseline,280,oracle,true,,0.4102943927454987,0.24276532157419753,3.536893471300928e-7,2.4102943927454983,true,0.011225641958084719,0.013313565271804977,1.1859958941783757,0.17268203054445258,5.558516765665844,0.256129140689256,1.713628891407604,6.690487801568167
baseline,281,oracle,true,,0.04734506827187235,0.19514864759082226,1.9251242736349337e-5,2.0473450682718717,true,0.015875668403619217,0.01882847754402976,1.1859958941783757,0.21162267609369706,5.070028541460053,0.18822240614882502,1.0623967920221653,5.644369412545613
baseline,282,oracle,true,,0.21896083776836428,0.2752706953818227,3.02002084195091e-6,2.2189608377683645,true,0.015907864612898125,0.018866662116042647,1.1859958941783753,0.12372465091373963,9.672535196515403,0.11867433787084265,4.254593098699964,35.85099504267201
baseline,283,oracle,true,,0.21721421524394424,0.25323764339436833,8.595434775979238e-8,2.2172142152439442,true,0.015514735916785184,0.018400413096568997,1.185995894178375,0.14839871745152267,7.419818015625529,0.16383040452867548,2.5329568306624504,15.460847075056225
baseline,284,oracle,true,,-0.1878910790562236,0.1695337487607206,3.5862195613134418e-9,1.8121089209437762,true,0.021167319602837215,0.025104354139726386,1.185995894178376,0.23987131102491607,5.418134212002768,0.13250093712099145,0.9697441571373246,7.318772064621821
baseline,285,oracle,true,,0.18771326090344864,0.19887166284449248,5.769080088380285e-7,2.1877132609034486,true,0.014056574936195285,0.016671040160538265,1.1859958941783753,0.21333371953806216,4.758638945448266,0.20932294575640092,1.1491923426638846,5.4900447655712545
baseline,286,oracle,true,,0.06572736176855498,0.16913628004343878,9.036901420494958e-7,2.0657273617685545,true,0.014199210624567095,0.016840205501310542,1.1859958941783755,0.23831038989402356,4.026849199737028,0.18397334015600522,0.8551935101613523,4.648464334213683
baseline,287,oracle,true,,-0.055307806046888564,0.16035775000650718,1.8984163777435725e-7,1.9446921939531112,true,0.017732024031855136,0.02103010769725248,1.185995894178376,0.2603946863772256,4.18202180478687,0.16399220208400953,0.7884746402429041,4.808000808715199
baseline,288,oracle,true,,0.033600584629468466,0.1791219453992702,9.629653252574143e-9,2.0336005846294682,true,0.013414896918353967,0.015910012665993945,1.1859958941783755,0.23430531306166308,4.6611879115763415,0.18032155554680204,0.982333945251757,5.447678965905962
baseline,289,oracle,true,,-0.01557023904367738,0.19097142957022872,1.8191454852862775e-5,1.9844297609563222,true,0.01207603694332479,0.01432213023272958,1.1859958941783755,0.19171671912680358,5.090922220863414,0.17843401867069558,1.0051443072021065,5.633142798050888
baseline,290,oracle,true,,0.3101622905546346,0.2576836892816619,1.146806629348518e-7,2.310162290554634,true,0.014543554084121042,0.017248595430528698,1.1859958941783753,0.15319030775031087,7.064468445182649,0.18947510732910655,2.443412943934601,12.895693679120306
baseline,291,oracle,true,,-0.04051063594434812,0.19986660116362004,1.063843233473083e-7,1.9594893640556517,true,0.015519109137823171,0.01840559971876439,1.1859958941783755,0.18813892689580936,5.70377313988009,0.1620016633162169,1.1915791878884208,7.35535156551161
baseline,292,oracle,true,,0.06988001043504077,0.20080853423678746,2.1975441377719564e-9,2.0698800104350408,true,0.01867592313668968,0.022149568160104886,1.1859958941783753,0.22443589917459653,5.258183350093479,0.1923429067395892,1.1485534974784533,5.971384736498062
baseline,293,oracle,true,,0.05815985619612496,0.18900395790349064,5.107049075259162e-6,2.0581598561961245,true,0.014019703849068093,0.016627311202591522,1.1859958941783753,0.22880097133586594,4.732670102457383,0.1950119643788708,0.968297485781545,4.965323480872839
baseline,294,oracle,true,,-0.04258858719533931,0.1439413442079469,1.790448184069149e-7,1.9574114128046602,true,0.01530973196282688,0.018157279248884117,1.185995894178375,0.25028813574352343,4.208956479535527,0.1399644974970751,1.1295438793209582,8.070217087333614
baseline,295,oracle,true,,-0.09436252304687098,0.14027144109292794,4.869173061550214e-7,1.9056374769531288,true,0.014159794156138814,0.016793457731591587,1.1859958941783755,0.2641254222494206,3.709610150801276,0.1350454436179668,0.7098925970685521,5.256694176789732
baseline,296,oracle,true,,0.10130662207676333,0.20757548586273736,4.0586599192593555e-9,2.1013066220767627,true,0.01588535525501544,0.018839966110013193,1.1859958941783755,0.19607976986300776,5.540492534708718,0.18811408593982304,1.2895619806511003,6.855212219799564
baseline,297,oracle,true,,0.3220106561837561,0.2542845024548768,1.1690829446284746e-5,2.322010656183756,true,0.012860726230268408,0.015252768505250468,1.1859958941783755,0.14832735369015415,6.913594747517528,0.1663081283211889,2.4072427158045118,14.474594477760176
baseline,298,oracle,true,,-0.0005503217280040662,0.21108757737144204,3.7081819601764325e-5,1.9994496782719957,true,0.013461152074602517,0.015964871091389315,1.1859958941783761,0.17920259305080133,6.1704950432445695,0.15898435864096927,1.4315849462708,9.004564716354993
baseline,299,oracle,true,,0.041202123867923435,0.16573128154236585,1.8184903800844144e-8,2.041202123867923,true,0.013303160891169055,0.015777494196520837,1.1859958941783755,0.23402308584128648,3.986045095925578,0.1776190398549021,0.7891144433734008,4.442735666277851
baseline,300,oracle,true,,-0.11575941430872438,0.18983916082881694,4.527619141825312e-8,1.8842405856912747,true,0.01924543531040165,0.022825007259811892,1.1859958941783757,0.18774753064085392,5.622173448835622,0.139470116897051,1.0834842579676747,7.768576395239146
baseline,301,oracle,true,,0.31063800403580544,0.22943680151962914,2.697208637147952e-7,2.3106380040358054,true,0.014767300730448922,0.01751395803440975,1.1859958941783757,0.18767931825282969,5.615292525754781,0.20297514051455995,1.5952846352696284,7.859507480696605
baseline,302,oracle,true,,-0.3312146731656618,0.15182500494184267,8.1095430806144e-8,1.668785326834338,true,0.01799297444360337,0.02133959381417003,1.185995894178375,0.2351791510685406,4.629047272523464,0.12664089965327088,0.6201275723802075,4.896740105906148
baseline,303,oracle,true,,0.3104014686935943,0.24597214890934077,2.7981839085100547e-6,2.310401468693594,true,0.012741191695344106,0.015111001037617719,1.185995894178375,0.16317301170232726,6.288510958060911,0.214462138412579,1.9608854431012075,9.143270964354958
baseline,304,oracle,true,,-0.11089655331266779,0.14315473282239227,2.667195277883394e-7,1.889103446687332,true,0.016273490198147132,0.019300292558954536,1.1859958941783755,0.27632799051539003,3.7053095179182165,0.13778260555098576,0.6798567719752553,4.934271414425225
baseline,305,oracle,true,,-0.09627506725577328,0.1818038925007029,9.290267908542038e-5,1.9037249327442265,true,0.01936474812784029,0.022966511771416974,1.1859958941783757,0.2193153640187641,5.0519735425219725,0.1659263688228113,0.9110490670437927,5.490682846297201
baseline,306,oracle,true,,-0.033424120573827265,0.20555761524103178,3.6307918190736644e-6,1.9665758794261723,true,0.02058627101612561,0.02441523290156827,1.1859958941783755,0.1863184417757702,6.129117692258559,0.15355070618078212,1.3484230597367723,8.781614186451305
baseline,307,oracle,true,,0.07963724526702487,0.16548685985113262,6.0962528954000565e-6,2.0796372452670244,true,0.01383584509182824,0.016409255471396312,1.1859958941783748,0.22924538570633513,4.028961225402012,0.17815337583168245,0.8978140764011817,5.039556911059758
baseline,308,oracle,true,,0.06696449224176981,0.1353632561966798,2.1602507207574286e-6,2.06696449224177,true,0.013657215354058196,0.01619740133582289,1.1859958941783755,0.2079772179825246,4.8900086996773755,0.10628590253567177,2.243751454906155,21.110527373591292
baseline,309,oracle,true,,-0.04370425669522171,0.20345794118295701,1.3507199625450994e-9,1.9562957433047774,true,0.013673728226095494,0.016216985534260223,1.185995894178376,0.19074459210851888,5.921819299403189,0.1576463411383884,1.2755856340482599,8.091438246121415
baseline,310,oracle,true,,0.48951074925075333,0.24197356352558635,9.837586288469201e-7,2.489510749250752,true,0.010746227312110362,0.012744981470070412,1.1859958941783757,0.18445572027977528,5.230376177345221,0.2729031014086748,1.650675623095776,6.0485777353767585
baseline,311,oracle,true,,0.06390048066988241,0.16978201236782886,3.587002808558282e-8,2.0639004806698815,true,0.009698514935483758,0.011502398893111391,1.1859958941783757,0.2192738925456731,4.436597602337878,0.17787539967251528,1.065422365568652,5.989711716910777
baseline,312,oracle,true,,0.10793933556816993,0.2305636949313502,6.136587506572144e-5,2.1079393355681693,true,0.016036569018409514,0.019019305012541825,1.1859958941783755,0.16800102954989357,6.764451013011622,0.16650995077813052,1.8609734926005879,11.176350025352411
baseline,313,oracle,true,,-0.31960976268712704,0.14346994574278293,1.5874774268453963e-8,1.6803902373128727,true,0.018018650575325704,0.021370045600971103,1.1859958941783753,0.275013840412798,4.230288693975461,0.12705862489079545,0.5646460644142304,4.443980602651203
baseline,314,oracle,true,,-0.1866598808895612,0.15657822827464996,1.3148756746517166e-7,1.8133401191104386,true,0.015361607183538106,0.01821880304765723,1.1859958941783755,0.23744150944027798,4.3542984384862935,0.14167532716202402,0.715493643440748,5.0502346299330485
baseline,315,oracle,true,,0.011264735165475326,0.18356647086038017,1.6150366698372554e-8,2.0112647351654753,true,0.01627100494327443,0.01929734505687952,1.185995894178375,0.20636581141134755,4.868905372626164,0.17866631799003269,0.9899286042841589,5.5406559860901385
baseline,316,oracle,true,,-0.17822417821734682,0.14017888194228212,2.0910142703445268e-8,1.8217758217826527,true,0.01590514017259043,0.01886343094102379,1.1859958941783757,0.2602179461273849,3.7194321240021755,0.1334591212568963,0.5962011353639822,4.467294027931976
baseline,317,oracle,true,,0.1762973453268617,0.20945974471864515,1.8000658119632362e-9,2.1762973453268617,true,0.013305221129134251,0.01577993763028859,1.1859958941783755,0.19093782144124447,5.249295439401657,0.21053001770072846,1.2718241914054218,6.041058682725894
baseline,318,oracle,true,,0.07602919765822747,0.20026736547943766,2.8498469639703925e-10,2.076029197658227,true,0.015599010188256551,0.018500362036518923,1.185995894178376,0.18890966693500488,5.233351193226884,0.1910230687793849,1.148078139730051,6.010154412585538
baseline,319,oracle,true,,-0.2687065535025397,0.1271980965683069,1.8012187712773686e-7,1.7312934464974603,true,0.01442939429100238,0.01711320238460972,1.185995894178376,0.2722753836756769,3.7802918790769575,0.11127648601548233,0.6308141018771898,5.668889488381419
baseline,320,oracle,true,,0.21830215275787102,0.2451364151195989,1.0607591101408076e-6,2.21830215275787,true,0.015617459116207441,0.018522242389320657,1.1859958941783748,0.16822485588549957,6.8599063088400625,0.1771523703403846,2.1544197327916397,12.16139376883351
baseline,321,oracle,true,,0.23952624643131637,0.24450724628201084,1.6789501368078258e-6,2.2395262464313155,true,0.011021745058912635,0.013071744386551183,1.1859958941783757,0.1551443049962628,6.679279510839197,0.18237561230132038,2.1021359131000845,11.526409077256133
baseline,322,oracle,true,,-0.25682908051724596,0.14274869707286492,1.4132975601502395e-7,1.7431709194827536,true,0.014528199932488902,0.017230385469734395,1.1859958941783757,0.25553766546574935,3.9790157225117837,0.1320908605520897,0.566431506927322,4.288196053533554
baseline,323,oracle,true,,-0.1224520394083708,0.15694544548819053,2.681977531859836e-7,1.8775479605916288,true,0.018521690574691458,0.02196664897482638,1.1859958941783753,0.2540663158551345,4.4949356678912,0.15117590434001207,0.8824769186271855,5.837417824486057
baseline,324,oracle,true,,-0.07840719602097823,0.1610771431763269,4.842233009227925e-8,1.921592803979021,true,0.015303587052277282,0.0181499914102022,1.1859958941783753,0.23447926402454122,4.130784803222329,0.1634242334131901,0.7132582105392589,4.3644580466588945
baseline,325,oracle,true,,-0.1311094726087052,0.17803421271926864,1.4045217107128139e-8,1.8688905273912944,true,0.01803054121842703,0.02138414785486843,1.185995894178376,0.21904161183953982,4.997368327862309,0.1606861940796136,0.8629614500385991,5.370476629815728
baseline,326,oracle,true,,-0.035301334317276334,0.1698138580715456,1.1062644071129224e-5,1.964698665682723,true,0.014147107829222155,0.016778411799956233,1.185995894178376,0.22267664911794466,4.3766135928644445,0.16140391654938277,0.8212331756160713,5.088062255074267
baseline,327,oracle,true,,-0.18106990168002723,0.14736107636157186,3.229240668534139e-8,1.8189300983199719,true,0.016557589516199282,0.019637233183703265,1.1859958941783755,0.259528837835161,4.016942843754791,0.14140228832123852,0.6579874918125731,4.653301581073097
baseline,328,oracle,true,,0.07339748711176197,0.19905596950725774,4.840391060376703e-5,2.073397487111762,true,0.015685966204358533,0.018603491514589985,1.185995894178376,0.21277647028186872,5.065318514703225,0.19290528152073194,1.092798155817843,5.664946792555276
baseline,329,oracle,true,,0.10107359716348419,0.19693139253161793,2.178386730657733e-5,2.1010735971634835,true,0.015294419836917554,0.018139119130424514,1.1859958941783753,0.21605079591905307,4.86733653039539,0.203532423635793,1.047949226978482,5.148807292020035
baseline,330,oracle,true,,0.0561707278891046,0.20964144054117448,1.111174180223884e-8,2.0561707278891044,true,0.015609794426337309,0.018513152098604543,1.1859958941783757,0.18650431360404354,5.80521528500134,0.17966861294452652,1.3352535285844116,7.431757315322944
baseline,331,oracle,true,,0.3717318118334032,0.21581515028312223,2.1066948832526578e-7,2.3717318118334028,true,0.007706562346851806,0.009139951301595907,1.1859958941783753,0.18136007518107197,4.642909662488392,0.2607115470828509,1.248622908153414,4.789288860138662
baseline,332,oracle,true,,0.20437457338268317,0.2119655543052987,4.681010275128794e-7,2.204374573382683,true,0.014241706414786686,0.01689060533403084,1.1859958941783755,0.1961521171771352,5.176816722455793,0.21355721841788902,1.2713088512646615,5.9530127835668045
baseline,333,oracle,true,,0.23585218478053482,0.2274433791751114,3.47602668604452e-8,2.235852184780535,true,0.014416227587780234,0.017097586728648386,1.1859958941783757,0.18547696031160432,5.815267800453484,0.20413173971714338,1.5820707558188563,7.750243827888128
baseline,334,oracle,true,,0.3219995990558846,0.26153184530076734,7.618352414806572e-8,2.321999599055885,true,0.012945619121829446,0.01535345112608679,1.1859958941783755,0.14025003947527223,7.1331310435874125,0.19212398387823687,2.5515903208207082,13.280956751541437
baseline,335,oracle,true,,-0.06231545327020083,0.18181442451372545,4.109899894033653e-7,1.9376845467297983,true,0.01813047586794726,0.02150266993888556,1.185995894178375,0.21605857687299945,4.945675514045803,0.17243860256253543,0.9159438402916658,5.311709945918262
baseline,336,oracle,true,,-0.2374619437050698,0.17439086636816084,3.30174244060899e-7,1.76253805629493,true,0.01632097000177766,0.019356603411116734,1.1859958941783753,0.20619147838730645,5.413823116340948,0.13145228275340445,0.8873622171450626,6.750451179381143
baseline,337,oracle,true,,0.1503948634173955,0.18903646348647213,3.816513991949932e-8,2.1503948634173953,true,0.01233481395025238,0.01462903870045347,1.1859958941783753,0.21120356143077637,4.471891559953025,0.20866795250431153,0.9901264334781513,4.744985617557604
baseline,338,oracle,true,,0.07857737390529929,0.2081051167852985,2.1193480141956654e-8,2.0785773739052993,true,0.015300720098382771,0.018146591214654513,1.1859958941783753,0.1885599391918026,5.520107866399719,0.18810483264303907,1.2611037553616984,6.704260266161569
baseline,339,oracle,true,,-0.12407836844568632,0.1809557611232137,3.8009243501311435e-10,1.8759216315543128,true,0.01862430217540986,0.02208834591197348,1.1859958941783757,0.2007311196672547,5.117052186682396,0.15827873616510757,0.9073233576199293,5.732439995436027
baseline,340,oracle,true,,-0.09497061073308788,0.18844594559168043,5.875812307820638e-8,1.9050293892669112,true,0.015025694786639914,0.017820412324132364,1.1859958941783757,0.19568728286812614,5.390549489799123,0.16023090141342936,1.0183994609219824,6.3558243256355285
baseline,341,oracle,true,,-0.08662031708964135,0.15344341485732743,1.0991717119268607e-8,1.9133796829103584,true,0.01434843271066464,0.017017182282742956,1.1859958941783753,0.2498858634323088,3.931435847591819,0.15634050358943477,0.6848035099770169,4.380205348291425
baseline,342,oracle,true,,-0.15763759431380575,0.19537999161578257,3.584085247776425e-7,1.842362405686194,true,0.016940612018105723,0.02009149629834223,1.1859958941783755,0.1839018093483401,6.175489227987138,0.13658765923299107,1.2214822541176358,8.942844917153407
baseline,343,oracle,true,,0.1489324937176042,0.21149601331773857,8.219645175111318e-9,2.148932493717604,true,0.015685445279579546,0.018602873699940924,1.1859958941783755,0.1780031942193987,5.425661384344751,0.2032140515305999,1.3018065191446961,6.406085156708126
baseline,344,oracle,true,,-0.14000721175200126,0.16018616838236702,7.068776477314742e-7,1.8599927882479985,true,0.01637822748947177,0.019424510556432923,1.1859958941783755,0.2337711575603556,4.661445860868681,0.15040393865638868,0.8745985842222244,5.814997878614891
baseline,345,oracle,true,,0.3001845266481855,0.26043422176287767,2.4723144427465373e-5,2.300184526648185,true,0.016876654895699738,0.02001564341376527,1.1859958941783757,0.15479506429266238,7.224998192820394,0.18897317062740301,2.558267184881811,13.537726950276594
baseline,346,oracle,true,,-0.12762682104115197,0.18386110961412566,1.2027504281419965e-9,1.8723731789588476,true,0.016822246805980948,0.0199511156427487,1.1859958941783757,0.21006114164932174,5.2763375243847355,0.15569145497784057,0.9512261776811097,6.1096877655648925
baseline,347,oracle,true,,-0.11264844095273174,0.14814933134168692,2.8472908071286442e-8,1.8873515590472678,true,0.015152135828027347,0.017970370880073493,1.1859958941783755,0.26130839074836204,4.190397312894371,0.14325435409169693,0.8675238205472446,6.055828641633774
baseline,348,oracle,true,,-0.08199234518587417,0.13955768507857497,2.08317680650702e-6,1.9180076548141256,true,0.019220553679471796,0.02279549774768862,1.1859958941783757,0.272028616801042,3.9061348232519957,0.13477287698133508,0.893497484192707,6.629653563872862
baseline,349,oracle,true,,-0.20118228902369295,0.14099078671155843,6.753760090127958e-7,1.798817710976307,true,0.017732558861025614,0.02103074200245275,1.1859958941783757,0.2608171398104447,3.8508996717865225,0.13337079996972656,0.6024177369788685,4.516863789642182
baseline,350,oracle,true,,0.19349987560512116,0.18947187925444714,6.140445591995558e-9,2.1934998756051205,true,0.013620597179876985,0.016153972331591663,1.1859958941783755,0.2205272098209844,4.554308032155174,0.20697641507712047,1.1226988669713804,5.424284049721593
baseline,351,oracle,true,,-0.12082812857808944,0.19105636986143806,8.51364839671298e-7,1.8791718714219101,true,0.020508964706290555,0.024323547935509813,1.1859958941783757,0.2015840034057069,5.639901477721102,0.15335396256363404,1.073356383571873,6.9992086648982745
baseline,352,oracle,true,,0.2108962846691358,0.2641187731942217,7.2916640131218124e-6,2.2108962846691353,true,0.019290479661564375,0.022878429675346805,1.1859958941783753,0.1492156260148532,8.398298977523034,0.14891168972554616,3.1775911001355244,21.338761960139124
baseline,353,oracle,true,,-0.2910533897097236,0.15349633054612216,2.5750582612893426e-8,1.7089466102902764,true,0.01755017000634383,0.020814429569656248,1.185995894178375,0.25559430079422785,4.6943286825810215,0.13228105943667728,0.6754886570994862,5.106465430319913
baseline,354,oracle,true,,-0.0017382217311154857,0.17794448073841065,7.080201133505604e-5,1.9982617782688836,true,0.012881401800830316,0.015277289647046688,1.1859958941783757,0.20304047806451625,4.542155320964073,0.18026240564315305,0.8667209337145712,4.808106996143885
baseline,355,oracle,true,,-0.06537538173047341,0.19417494550308154,3.8036443268607555e-7,1.9346246182695264,true,0.01586116007704343,0.018811270728279476,1.1859958941783757,0.19102716766780597,5.509730437865734,0.16370229241193718,1.0903147432146336,6.660351099244154
baseline,356,oracle,true,,-0.1070603388029947,0.1674498495275122,1.8111504616058482e-8,1.8929396611970046,true,0.01742125660794904,0.02066153880845545,1.185995894178375,0.24628778764084808,4.499517499527235,0.1641519389695498,0.7700953842988665,4.691357221444209
baseline,357,oracle,true,,-0.21753441919300043,0.1594722670791019,1.095481380022356e-6,1.7824655808069998,true,0.014169986340530285,0.01680554562043258,1.1859958941783753,0.22197477463560564,4.532349732618134,0.14620757974527018,0.6842623463406198,4.680074367777473
baseline,358,oracle,true,,-0.09385902157672343,0.16473686954116556,1.9476166235321557e-9,1.9061409784232766,true,0.01636187586750134,0.019405117599912838,1.1859958941783757,0.23207495157813632,4.49738202405266,0.16262743646075095,0.8248457402351346,5.0719962030158765
baseline,359,oracle,true,,0.13548670146676756,0.22460132755210513,1.0378757888229728e-7,2.135486701466767,true,0.013152008487915015,0.015598228066866351,1.1859958941783755,0.17533936307907108,6.223553050619461,0.18380990082155602,1.6283082381083926,8.858653591729894
baseline,360,oracle,true,,-0.2320254912542532,0.18122808305894716,7.169288533948048e-8,1.7679745087457464,true,0.017637844947667722,0.020918411690088724,1.1859958941783755,0.21671267170483932,5.847140337701599,0.12681702960400057,1.0038291269907282,7.91557040978873
baseline,361,oracle,true,,0.09557978469305639,0.17125202142228807,1.060959117671345e-8,2.095579784693056,true,0.013885125665170063,0.016467702029042484,1.185995894178376,0.2404369584992708,4.230390084042422,0.18860172847287357,0.9851071734250292,5.2232139196259615
baseline,362,oracle,true,,0.45154665638427627,0.2506103973647644,1.6241307178788134e-6,2.4515466563842754,true,0.009177413177185043,0.010884374347319982,1.1859958941783757,0.16531958732764346,5.976788661548833,0.24086829335437954,1.988957478323735,8.257448295187048
baseline,363,oracle,true,,0.3366787341377997,0.2610166707545926,2.0521272289336646e-5,2.3366787341377986,true,0.015822575922420538,0.01876551007931638,1.1859958941783755,0.1543042786896599,7.146692314750384,0.17860506205875773,2.6008130644139142,14.561810479695673
baseline,364,oracle,true,,-0.2977602290172856,0.16569267700589904,6.771722765977484e-7,1.7022397709827144,true,0.02089072585545278,0.024776315090973028,1.1859958941783755,0.2223228521754699,5.187196815278909,0.12805212830752077,0.7658584778978506,5.980833649704127
baseline,365,oracle,true,,0.03219931183616387,0.20668765869147415,6.96811784025031e-5,2.032199311836164,true,0.01510435257778245,0.017913700141472547,1.1859958941783755,0.1823575086989906,5.642837713377175,0.17614957597977798,1.2613121356809094,7.160460811019542
baseline,366,oracle,true,,0.30744370019218126,0.27714077198745857,2.4854824471010063e-6,2.3074437001921817,true,0.013986098061946565,0.016587454877044758,1.1859958941783753,0.13630995368937746,8.636902944439266,0.15064032670558722,3.661470099346568,24.306041943885166
baseline,367,oracle,true,,-0.18523570188603666,0.16101083614113068,9.918503375205486e-8,1.814764298113963,true,0.019047382313914996,0.02259011721914899,1.1859958941783755,0.2424127170408561,4.590342663227807,0.14967352919351787,0.7392012481295546,4.938757388247435
baseline,368,oracle,true,,-0.09705750496772203,0.15047995278253293,7.144313932450075e-8,1.902942495032277,true,0.015277690950260096,0.01811927873953459,1.1859958941783748,0.24781331198025153,3.808278356301049,0.1504939239907305,0.6544780596174157,4.3488669991602285
baseline,369,oracle,true,,-0.23825036272000277,0.1570563744985836,5.882111723476413e-8,1.7617496372799963,true,0.01727859147922052,0.020492338551541,1.1859958941783755,0.2571109716248341,4.638156629139733,0.1416873482231918,0.709424264545783,5.006969736128228
baseline,370,oracle,true,,-0.10664523830591977,0.14058947584692594,1.847451284546775e-6,1.89335476169408,true,0.01418500775493579,0.016823360956242265,1.1859958941783757,0.2738362824133769,3.632263127568795,0.13353307720430893,0.8109453301719842,6.072992154080429
baseline,371,oracle,true,,-0.056955653089749925,0.1980826496293475,2.3523308875716962e-6,1.9430443469102496,true,0.019322107694315072,0.02291594039233008,1.185995894178376,0.19828401515837296,5.727092023326423,0.16016673631115017,1.181661357913593,7.3776951764692384
baseline,372,oracle,true,,0.016587151953580515,0.1410253016437776,3.7574745936908015e-9,2.0165871519535803,true,0.015583356915840734,0.018481797319703303,1.1859958941783755,0.2345121485935281,4.312432885473555,0.1326851506683205,1.3691287104966943,10.318627997183887
baseline,373,oracle,true,,0.15863158568868996,0.20915435906346347,4.454145388410602e-8,2.1586315856886897,true,0.011317350221104956,0.01342233089520921,1.1859958941783757,0.18374418909525292,5.201893960251395,0.20280661849039316,1.2343334540942519,6.086258245821113
baseline,374,oracle,true,,-0.08222524143180387,0.20446048678801276,1.4260070964056127e-8,1.9177747585681957,true,0.016736026634482714,0.019848858873356436,1.1859958941783757,0.17482975430735237,6.4274645260563465,0.13881244369660378,1.397690980015755,10.06891704226911
baseline,375,oracle,true,,-0.1281960995777529,0.153201692760227,1.360836842023705e-7,1.8718039004222469,true,0.014015046343497267,0.016621787420107413,1.1859958941783755,0.25834404269582445,4.055217987669022,0.1516707112049255,0.6800265151004388,4.483571743668034
baseline,376,oracle,true,,-0.19942956945988355,0.14706787644160824,5.417389603579181e-8,1.8005704305401165,true,0.016031215112228245,0.019012955301793023,1.1859958941783755,0.2514482517445241,3.9959531762782774,0.14031207048815308,0.6080927536382537,4.333859172077405
baseline,377,oracle,true,,0.11257471584579526,0.20225880480387493,9.858115131411437e-7,2.112574715845795,true,0.014219022483614178,0.01686370228479642,1.1859958941783753,0.19684459996033443,5.0712825141468985,0.20361479206049415,1.1282691402431415,5.541194374070483
baseline,378,oracle,true,,-0.09683877506561744,0.15446364740563578,2.991196130286422e-8,1.9031612249343823,true,0.014601344567989274,0.017317134707119004,1.1859958941783755,0.23832367890220166,4.171010332287699,0.15480855901337157,0.7927303059049184,5.12071367989703
baseline,379,oracle,true,,-0.13662327230665117,0.14913730175075257,1.669395475190072e-8,1.8633767276933486,true,0.014817472586531277,0.017573461649726726,1.1859958941783753,0.27270562128503567,3.8949255252250867,0.1470102053357821,0.6416461264181149,4.364636624733284
baseline,380,oracle,true,,-0.09098428685046112,0.16920571608548982,6.602728015717929e-5,1.9090157131495389,true,0.020345005313109423,0.02412909276838501,1.1859958941783755,0.26199181812235406,4.47656921454388,0.16778966745846208,0.7770794745233549,4.631271318990654
baseline,381,oracle,true,,0.2545072502648007,0.2635675036093096,7.582417861951018e-7,2.254507250264801,true,0.012661598786937326,0.015016604175041564,1.1859958941783753,0.13684303718783206,7.9968740735383,0.1580963579766984,2.9685833858735515,18.777051058387357
baseline,382,oracle,true,,0.2430050021789678,0.24598273930137907,7.041687179420997e-7,2.2430050021789674,true,0.011105537491746316,0.013171121867855143,1.1859958941783753,0.13690854743238787,6.745715780199808,0.18110894014759016,2.145315352814878,11.845441484371822
baseline,383,oracle,true,,-0.058487523983456136,0.20224645795882523,1.9436811893314145e-9,1.9415124760165436,true,0.015215322941697399,0.018045310537451165,1.1859958941783761,0.18694825659369954,6.007970756121237,0.1493194785515112,1.2920644289511185,8.653019964206418
baseline,384,oracle,true,,-0.23583743407886937,0.1471451142787074,1.6381825728384315e-7,1.7641625659211302,true,0.018867548039598878,0.022376834508177523,1.1859958941783753,0.24584470522574703,4.082668361734118,0.13844848114725963,0.5899620884889476,4.261239152645085
baseline,385,oracle,true,,0.4845804831261087,0.2748491218951683,6.100338658323601e-6,2.4845804831261082,true,0.01250437830914351,0.014830141333897345,1.185995894178376,0.14331509695212796,6.909199901046475,0.21433237298066365,2.755766130403673,12.857442354974015
baseline,386,oracle,true,,-0.1919140249405038,0.1667459867430501,9.323943839234516e-9,1.8080859750594958,true,0.015287878810002459,0.018131361499359504,1.1859958941783755,0.2207305305325388,4.734793928143611,0.15013105950743072,0.7469217476105292,4.975131395602789
baseline,387,oracle,true,,0.3310581676253832,0.17214143593544232,6.936915669869759e-5,2.331058167625383,true,0.009786019808773385,0.011606179313553485,1.1859958941783755,0.22880949844979254,3.9833535200394823,0.2016565594387631,1.3494214029857847,6.691681176855358
baseline,388,oracle,true,,0.15182550911177972,0.2055530606057822,1.2791557990610159e-9,2.1518255091117795,true,0.012016880882043727,0.014251971386934473,1.1859958941783753,0.19282929512148306,5.150079964406873,0.2032453258272594,1.2048205054993546,5.927912489969613
baseline,389,oracle,true,,-0.059686256941051896,0.17435974726160364,1.2948795516063427e-5,1.940313743058948,true,0.01756492361772156,0.020831927292174552,1.1859958941783757,0.23116657187704512,5.341905379981917,0.152291110699496,1.1869272858203817,7.793805432035041
baseline,390,oracle,true,,-0.13342618472713053,0.1707388062529047,3.894231178647178e-6,1.866573815272869,true,0.017608506610482813,0.020883616542645405,1.1859958941783757,0.23647745928643782,4.847897971567354,0.1518352744249267,0.8447880251321519,5.5638456105260845
baseline,391,oracle,true,,-0.17592425847223914,0.15120301908359554,1.0299708614880388e-8,1.8240757415277606,true,0.01595448604204996,0.01892195493959746,1.185995894178376,0.2675295086678104,4.133292443333131,0.14533680794807863,0.6598817080056993,4.540361917412148
baseline,392,oracle,true,,0.07872973553583895,0.19509255003051706,1.4801367617334194e-7,2.0787297355358385,true,0.012148668498510873,0.014408270958968064,1.1859958941783755,0.20999126420909497,4.893291770701384,0.1984360770914687,1.0358831174757364,5.220235819307434
baseline,393,oracle,true,,0.588046661301773,0.3080803276542514,1.4255794042710158e-5,2.5880466613017723,true,0.01208475598230834,0.01433247097716525,1.1859958941783753,0.11353947565083704,8.575467560328553,0.17893882544062126,4.580430547851119,25.597745690865064
baseline,394,oracle,true,,-0.10632690292556779,0.13978486054267028,1.8885607467877817e-7,1.8936730970744313,true,0.011919443308678815,0.01413641082498498,1.185995894178375,0.26014635648219847,3.7798222398388464,0.13488691291331562,0.7541726185530708,5.591147445399214
baseline,395,oracle,true,,0.20983818739939464,0.21075625220672686,1.8754918688224097e-6,2.209838187399394,true,0.013511204784683796,0.016024233400038203,1.1859958941783755,0.19939304263494473,5.212884752285375,0.21759694877198119,1.3036808476947561,5.991264376877257
baseline,396,oracle,true,,-0.18721270098971865,0.14577326740125038,2.3767123649154343e-7,1.8127872990102813,true,0.01694542197406793,0.02009720088636459,1.1859958941783757,0.26956151342347223,4.081493206192772,0.13765412837979302,0.6847916229637853,4.974726374165974
baseline,397,oracle,true,,-0.10229067465193187,0.20170247537256714,2.3356839928379003e-7,1.8977093253480677,true,0.016993987882655444,0.020154799854546417,1.1859958941783753,0.17460176363943358,6.307301036435823,0.13287212862675865,1.3518109859125405,10.173773837174036
baseline,398,oracle,true,,0.19042754725438304,0.25087967914444925,1.0407505881437906e-6,2.1904275472543824,true,0.01934726082292941,0.022945771899592425,1.185995894178376,0.17810862706677263,7.623580526913429,0.14965498021821624,2.5834458793179147,17.262678966987384
baseline,399,oracle,true,,0.04297472288873072,0.20719037527717202,5.639024486171096e-5,2.0429747228887303,true,0.016898444852104923,0.020041486212596146,1.1859958941783755,0.19602341351708574,5.639217402623501,0.18064797440513963,1.2686086661014637,7.022545756623609
baseline,400,oracle,true,,0.3137730645587,0.2296226011566117,1.2929291504537587e-7,2.3137730645586996,true,0.010853602735188239,0.012872328280976444,1.1859958941783761,0.1768952271303052,5.500719028031516,0.2307000464943882,1.5489727075279105,6.714227981595094
concentrated,1,twostep,false,,,,,111.73147239856651,true,,,,,,-2.138858730966504,1.3302690545494306e16,5.990999218371318e31
concentrated,2,twostep,true,,0.26032904021188497,2.2017399391782297,,2.260329040211885,true,,,,,,0.08072747450871681,19.69970674027335,244.0272888525233
concentrated,3,twostep,false,,,,,146.72033091123643,true,,,,,,-4.616707806782168,8.690464271322949e16,3.913837165400664e32
concentrated,4,twostep,true,,-0.761880319535913,0.18725827285510147,,1.238119680464087,true,,,,,,0.056630537064624564,0.6191982727599055,10.933999655579825
concentrated,5,twostep,true,,-0.5003462761521114,0.33242856138782984,,1.4996537238478884,true,,,,,,0.08570716382115572,1.2755611216353167,14.882783010962973
concentrated,6,twostep,true,,-0.033403547700382674,0.6786344002947868,,1.9665964522996175,true,,,,,,0.13376334569903894,3.349425902588914,25.039938146620226
concentrated,7,twostep,true,,-0.1717304744067818,0.7393095534703192,,1.8282695255932186,true,,,,,,0.10336925165846729,3.6028966561857496,34.85462648109077
concentrated,8,twostep,false,,,,,133.64067231642994,true,,,,,,-5.905389063340125,7.40218005156087e16,3.3336455321938855e32
concentrated,9,twostep,true,,1.196677113475487,4.357798127531233,,3.1966771134754874,true,,,,,,0.11627372964952401,73.83399094249829,635.001484557613
concentrated,10,twostep,true,,-0.4454815936982137,0.40335618312874433,,1.5545184063017863,true,,,,,,0.0899553734850672,1.5728135316956304,17.484375538240872
concentrated,11,twostep,true,,-0.6129924508152358,0.1545668722077751,,1.3870075491847647,true,,,,,,0.060374499868347115,0.8184227799143526,13.555769102833295
concentrated,12,twostep,true,,-0.3099668744910584,0.5633517110614462,,1.690033125508942,true,,,,,,0.0980588615548186,2.0608699232818863,21.016661733623966
concentrated,13,twostep,true,,-0.23793644334091058,0.7273525557044317,,1.7620635566590894,true,,,,,,0.09793330112811016,3.197458442229482,32.64934813181441
concentrated,14,twostep,true,,-0.16054032038694577,0.4815352722007492,,1.8394596796130545,true,,,,,,0.12646899195372618,1.9227341074347102,15.203205763972726
concentrated,15,twostep,true,,0.9848463268191954,3.530488281444486,,2.9848463268191954,true,,,,,,0.12618131078631512,48.790170422545486,386.66717058574875
concentrated,16,twostep,true,,0.8181870587878299,4.363319699074417,,2.8181870587878297,true,,,,,,0.08354144765588171,71.01931681949928,850.1087641195452
concentrated,17,twostep,false,,,,,142.34006377546302,true,,,,,,-21.661667362909213,9.722608741187878e16,4.3786737103882856e32
concentrated,18,twostep,true,,-0.4900738809940062,0.6511297633068683,,1.5099261190059943,true,,,,,,0.07308625501079898,2.4425881166699157,33.42062219919474
concentrated,19,twostep,true,,-0.651318615902386,0.34555806631364827,,1.348681384097614,true,,,,,,0.06894671693050293,0.9817661191821843,14.239490477433279
concentrated,20,twostep,true,,-0.7525269961086567,0.16392772021003482,,1.2474730038913437,true,,,,,,0.05412835140044422,0.6399519518648249,11.822860576898579
concentrated,21,twostep,true,,1.034405079548363,4.55431611593238,,3.034405079548363,true,,,,,,0.10717182610869481,79.36823094199087,740.5699223739526
concentrated,22,twostep,true,,-0.5186705098790307,0.3218924147024803,,1.4813294901209697,true,,,,,,0.08419433840818864,1.1481323572531987,13.636693143033627
concentrated,23,twostep,true,,-0.345995060215867,0.39354197937313146,,1.654004939784133,true,,,,,,0.10469106080501903,1.5679113745569135,14.976554468934618
concentrated,24,twostep,false,,,,,122.6241477205313,true,,,,,,-1.9185364752228544,3.796332677901298e16,1.709716243357072e32
concentrated,25,twostep,true,,-0.1282453401363568,0.6691060431546794,,1.8717546598636432,true,,,,,,0.11828006277568776,2.7967917410247667,23.645504368126208
concentrated,26,twostep,true,,2.74203562499733,25.996508978422646,,4.74203562499733,true,,,,,,0.07736506723974013,2290.896634292281,29611.512224156842
concentrated,27,twostep,true,,-0.33452707030264683,0.35533865671436565,,1.6654729296973532,true,,,,,,0.10515051048517413,1.5738722897091464,14.967804554130597
concentrated,28,twostep,true,,0.8110825471293404,3.4525755621211136,,2.8110825471293404,true,,,,,,0.10642633455678303,46.64947813325073,438.3264567695999
concentrated,29,twostep,false,,,,,88.84578810822569,true,,,,,,-0.1229278807566309,9.135864623088442e15,4.11442765122484e31
concentrated,30,twostep,false,,,,,142.43078180205822,true,,,,,,-15.164982873578971,1.0657318102225781e17,4.799629383395287e32
concentrated,31,twostep,true,,0.5932045718409036,2.414694086190244,,2.593204571840904,true,,,,,,0.1289225740845207,24.53887291426897,190.33806211611522
concentrated,32,twostep,false,,,,,243.24850456201136,true,,,,,,-1311.6252682585118,6.56134808011084e18,2.9549684768635297e34
concentrated,33,twostep,true,,-0.07289943516108077,0.6111949107412392,,1.9271005648389197,true,,,,,,0.12758633746617137,2.7705358403040456,21.71498841745993
concentrated,34,twostep,true,,-0.624196986653411,0.28655383894731873,,1.375803013346589,true,,,,,,0.0734513610649968,0.8301571886226471,11.302134862933913
concentrated,35,twostep,false,,,,,138.97947066753036,true,,,,,,-7.330301637268099,7.283455070126389e16,3.2801765539790954e32
concentrated,36,twostep,true,,-0.2409968300823031,0.630532477502979,,1.759003169917697,true,,,,,,0.107319286151234,2.5676246200288904,23.925099691872735
concentrated,37,twostep,true,,-0.3979934270873433,0.5450902695331075,,1.6020065729126571,true,,,,,,0.08996080922872293,2.146540159942494,23.860836494755993
concentrated,38,twostep,true,,-0.27493539416955315,1.0692139783500063,,1.7250646058304469,true,,,,,,0.07500895316187532,5.429674600669167,72.3870201061398
concentrated,39,twostep,true,,-0.20909862236794718,0.5241569034228717,,1.7909013776320528,true,,,,,,0.11847038644012957,2.079652041926881,17.554193114562498
concentrated,40,twostep,false,,,,,166.33921771857024,true,,,,,,-12.309928930434182,3.741454765588328e17,1.685001428812716e33
concentrated,41,twostep,false,,,,,90.03907177017497,true,,,,,,-2.7377465113087704,9.883283770658754e15,4.4510353106735635e31
concentrated,42,twostep,true,,1.1093234055467636,4.089619298786932,,3.1093234055467636,true,,,,,,0.1369813604323714,64.59667977183308,471.5727714189616
concentrated,43,twostep,true,,-0.4456011887351079,0.4207586338018533,,1.554398811264892,true,,,,,,0.08777862725854253,1.6661294889749305,18.98103833485029
concentrated,44,twostep,true,,-0.3938365456221573,0.5424354344596507,,1.606163454377843,true,,,,,,0.09162777291894485,2.021884251772016,22.06628173272968
concentrated,45,twostep,true,,-0.6847679222909084,0.2918443598259048,,1.3152320777090913,true,,,,,,0.0658596580963896,0.932484820511629,14.158664764807629
concentrated,46,twostep,true,,2.291060163490818,14.233354551279808,,4.291060163490818,true,,,,,,0.11101960778370708,705.260094154315,6352.572380982749
concentrated,47,twostep,true,,-0.5985109331139185,0.2458976882895168,,1.4014890668860815,true,,,,,,0.07477126592940429,0.8831882559336117,11.811867098351374
concentrated,48,twostep,true,,-0.1729337287392787,0.918083618120644,,1.8270662712607217,true,,,,,,0.09745638568129186,4.4217654758089,45.37173675072705
concentrated,49,twostep,true,,0.950792152872685,3.3695515023884464,,2.9507921528726855,true,,,,,,0.12650899649398925,44.697592440297015,353.31552442138536
concentrated,50,twostep,true,,-0.2347365720092407,0.624165294988113,,1.765263427990759,true,,,,,,0.10895995382431278,2.617654574051574,24.02400590470408
concentrated,51,twostep,true,,-0.7487197917031647,0.20264215402391877,,1.2512802082968353,true,,,,,,0.05892045204489216,0.656026168936695,11.134099386013895
concentrated,52,twostep,true,,1.382830358788635,5.938496087270946,,3.382830358788635,true,,,,,,0.12850165760941246,130.50049137064485,1015.5549258929248
concentrated,53,twostep,true,,-0.7262356075582581,0.1874251414423478,,1.2737643924417423,true,,,,,,0.059597200578504775,0.6110076670879675,10.252288046367445
concentrated,54,twostep,false,,,,,101.52317206869171,true,,,,,,-0.5058890268638397,9.78099939322214e15,4.404970522262628e31
concentrated,55,twostep,true,,0.04329162993765401,1.4388111999600508,,2.043291629937654,true,,,,,,0.06587017543143595,10.145911672228852,154.02891529854355
concentrated,56,twostep,true,,-0.9037231035166895,0.11783720703222893,,1.0962768964833103,true,,,,,,0.036587176189926456,0.4785292965661032,13.079153583267152
concentrated,57,twostep,true,,-0.4304103729586133,0.3140980823025329,,1.569589627041387,true,,,,,,0.09515501387007036,1.0215752540166614,10.735905681350367
concentrated,58,twostep,true,,-0.45332973976125923,0.44189903129881103,,1.5466702602387408,true,,,,,,0.08828603688524966,1.5638077667074364,17.712968232337865
concentrated,59,twostep,true,,-0.48623567884408136,0.36536736518282686,,1.5137643211559189,true,,,,,,0.0872416427037786,1.3356684359551445,15.30998723270595
concentrated,60,twostep,true,,1.855013329095949,8.03306115318351,,3.8550133290959487,true,,,,,,0.14187384302873562,233.94188054797067,1648.9430014282989
concentrated,61,twostep,true,,-0.502116164226794,0.30292437491574015,,1.4978838357732065,true,,,,,,0.08692815010587203,1.0320935375314573,11.872949513758709
concentrated,62,twostep,true,,2.8207586407223184,19.889669779323203,,4.820758640722318,true,,,,,,0.11137863217257174,1359.5025475010386,12206.134345361728
concentrated,63,twostep,false,,,,,62.382525566898956,true,,,,,,-0.00899168780458968,1.7301135848358928e14,7.79173889597556e29
concentrated,64,twostep,true,,2.867199813765388,29.662646864577354,,4.867199813765388,true,,,,,,0.07381953135248519,2974.155539837271,40289.54783844132
concentrated,65,twostep,true,,12.380458342504973,651.0834185127384,,14.380458342504973,true,,,,,,0.08314675797522167,1.3927824762127723e6,1.6750893361685028e7
concentrated,66,twostep,true,,-0.6587945930473982,0.1716780063914632,,1.341205406952602,true,,,,,,0.06173139261334634,0.7653255033567554,12.397671119301654
concentrated,67,twostep,false,,,,,74.57693196018674,true,,,,,,-0.019873539289120577,3.296935569953064e14,1.4848077804305152e30
concentrated,68,twostep,true,,0.2081245966351064,1.293438582023273,,2.2081245966351064,true,,,,,,0.13081761622344487,8.394603122230606,64.17028046048543
concentrated,69,twostep,false,,,,,122.32305356020404,true,,,,,,-4.025488862848292,8.083722180700862e16,3.640584820077102e32
concentrated,70,twostep,true,,1.4146795906665344,8.559336178107825,,3.4146795906665344,true,,,,,,0.0945387967801223,260.83299838492337,2759.0048452971855
concentrated,71,twostep,false,,,,,79.6481649047422,true,,,,,,-0.02639924071793751,5.781156671307128e14,2.6036015030669236e30
concentrated,72,twostep,false,,,,,87.19855198299061,true,,,,,,-0.02183354384372537,1.089439406964343e15,4.906398907247349e30
concentrated,73,twostep,true,,-0.31101181389547317,0.4922858873595692,,1.6889881861045275,true,,,,,,0.10580751239954674,1.9284547840101545,18.22606675344553
concentrated,74,twostep,true,,-0.40392053119581295,0.2796051557797194,,1.5960794688041875,true,,,,,,0.09304191397820716,1.3308768568524956,14.304057171096261
concentrated,75,twostep,true,,-0.42321317516320556,0.5785327010410378,,1.5767868248367942,true,,,,,,0.08527983256696228,2.203045445265335,25.83313520855578
concentrated,76,twostep,true,,-0.10682351893627895,0.9134692247011309,,1.893176481063721,true,,,,,,0.10764849692738296,4.561012699593817,42.36949729702742
concentrated,77,twostep,false,,,,,65.7909530679252,true,,,,,,-0.02938792524065501,2.845483537852964e14,1.2814918600763488e30
concentrated,78,twostep,true,,-0.26919051808107497,0.6665562937473184,,1.730809481918925,true,,,,,,0.08757587391485512,2.9276720486251833,33.43012085122424
concentrated,79,twostep,true,,-0.904328613688826,0.1624604557550872,,1.095671386311174,true,,,,,,0.04436930443681115,0.41053731855305853,9.252732801744235
concentrated,80,twostep,true,,0.5411749606732279,1.9868598698278412,,2.541174960673228,true,,,,,,0.13427129494141476,17.203362166965896,128.12390149712985
concentrated,81,twostep,false,,,,,122.93959928214309,true,,,,,,-4.477373565602718,4.881982256328402e16,2.1986493470429963e32
concentrated,82,twostep,true,,0.3429851800364152,1.6052132930005214,,2.342985180036415,true,,,,,,0.11909741511336004,12.485530931920742,104.83460887909857
concentrated,83,twostep,true,,-0.25203222372916234,0.45147650955617463,,1.7479677762708379,true,,,,,,0.10980931539080338,2.1727986024155137,19.787015288117235
concentrated,84,twostep,true,,1.0427271254500337,4.50962255846154,,3.0427271254500337,true,,,,,,0.09985018960324582,78.20533445055496,783.2266995316025
concentrated,85,twostep,false,,,,,193.81959608115747,true,,,,,,-317.03999512144975,2.6310071985393116e18,1.1849003038950736e34
concentrated,86,twostep,true,,0.1394414742866319,1.4658872129360538,,2.1394414742866323,true,,,,,,0.10957138984254934,9.907258434871444,90.41829668408757
concentrated,87,twostep,true,,-0.14767910382499205,1.0037297800308003,,1.8523208961750084,true,,,,,,0.09734451799314724,5.15570255741913,52.963460744467156
concentrated,88,twostep,false,,,,,115.49362569482747,true,,,,,,-1.5244772912381355,1.8517527679493932e16,8.339553075719172e31
concentrated,89,twostep,false,,,,,87.0582462066118,true,,,,,,-0.8803814972039448,5.609094541906568e15,2.5261116088816303e31
concentrated,90,twostep,true,,0.021165309848218516,0.7274394841838008,,2.0211653098482185,true,,,,,,0.1394258553587536,3.6216798678142768,25.97566899263707
concentrated,91,twostep,true,,-0.3170992188523116,0.3656938271084516,,1.6829007811476884,true,,,,,,0.10706832877200055,1.6493155024326671,15.404326576768048
concentrated,92,twostep,false,,,,,192.22996505103902,true,,,,,,-70.69193811285254,8.43132473507776e17,3.7971310935135846e33
concentrated,93,twostep,false,,,,,114.75890136667263,true,,,,,,-1.0996272619706602,1.4974391080890048e16,6.74386620919965e31
concentrated,94,twostep,true,,0.001216905807242874,1.0289607628057416,,2.001216905807243,true,,,,,,0.11243817170833534,5.426168237639176,48.2591290412891
concentrated,95,twostep,true,,-0.14005504216348452,1.2925988133691408,,1.859944957836516,true,,,,,,0.07173498314748092,7.457518204490321,103.95929401918599
concentrated,96,twostep,true,,-0.5211076756679127,0.32655332516263774,,1.478892324332087,true,,,,,,0.07968194717725607,1.409678550405818,17.691316544636198
concentrated,97,twostep,true,,-0.6528071463770893,0.17583398509251547,,1.3471928536229107,true,,,,,,0.06335341758936393,0.6657323692523458,10.508231356474004
concentrated,98,twostep,true,,-0.25868657620518665,0.5221733254790352,,1.7413134237948134,true,,,,,,0.10599613455203824,2.389305802973107,22.541442790067876
concentrated,99,twostep,true,,-0.566939203691581,0.3706293857576318,,1.4330607963084188,true,,,,,,0.0736845121059121,1.3900108243788707,18.86435540729247
concentrated,100,twostep,false,,,,,27.54242025144879,true,,,,,,3.249206711525286e-5,2.783025432013301e11,8.565245855677971e15
concentrated,101,twostep,false,,,,,154.8436392740745,true,,,,,,-38.54288087627527,1.9545602821684202e17,8.802556958446869e32
concentrated,102,twostep,true,,-0.5290773725014539,0.3150638274873065,,1.470922627498546,true,,,,,,0.0837071638927514,1.001040831656382,11.958843008215535
concentrated,103,twostep,true,,0.613883293895253,3.55221875287038,,2.6138832938952534,true,,,,,,0.09255352111677946,48.94146544677394,528.790961772508
concentrated,104,twostep,true,,0.8345607608990755,3.5955893053720613,,2.8345607608990755,true,,,,,,0.11654248155471444,50.95329002792239,437.20786916658204
concentrated,105,twostep,true,,-0.11500526735446615,0.9964833789772641,,1.8849947326455343,true,,,,,,0.09983536910811534,5.195199696702292,52.03766704239077
concentrated,106,twostep,true,,-0.1788467601560786,0.6769219256588932,,1.8211532398439216,true,,,,,,0.11306487547518956,2.8798496094459005,25.470771513632823
concentrated,107,twostep,false,,,,,165.54446269454698,true,,,,,,-7.162937844893163,2.0097918997979872e17,9.051298051022456e32
concentrated,108,twostep,true,,-0.1717708511852385,0.5805457281843854,,1.8282291488147617,true,,,,,,0.11955842434666274,2.4401527449617904,20.409709799173203
concentrated,109,twostep,false,,,,,78.87304539131662,true,,,,,,-0.02282150800566371,8.832161449926655e14,3.9776519014765743e30
concentrated,110,twostep,false,,,,,76.05708821657679,true,,,,,,0.027395050297315312,5.667970317113645e14,2.068976057937408e16
concentrated,111,twostep,true,,-0.23674478545399724,0.9934946052512155,,1.7632552145460032,true,,,,,,0.07896991032239524,4.803333803457649,60.82486080898413
concentrated,112,twostep,true,,-0.11079675543068368,0.8764991722105521,,1.8892032445693163,true,,,,,,0.10850781159025906,4.326520985864074,39.872898756834516
concentrated,113,twostep,true,,-0.5918461405363438,0.22273857395336485,,1.4081538594636567,true,,,,,,0.07287737040456885,0.9643369555201653,13.232323698931223
concentrated,114,twostep,true,,-0.11050834568033974,0.8611959181875721,,1.88949165431966,true,,,,,,0.10992198112737983,4.301505457878095,39.132350179291464
concentrated,115,twostep,false,,,,,134.19253126572173,true,,,,,,-2.8543603723252065,5.071582589820015e16,2.2840377461692116e32
concentrated,116,twostep,true,,-0.5455195373095552,0.25028885914810317,,1.454480462690445,true,,,,,,0.08052591731611508,0.9212013850416221,11.439812370287257
concentrated,117,twostep,true,,-0.7158998677970689,0.15584145542161054,,1.2841001322029315,true,,,,,,0.05479127586560316,0.7554087038226766,13.787025249705978
concentrated,118,twostep,true,,-0.6271864587557536,0.36150467651153345,,1.372813541244247,true,,,,,,0.06998907706059379,1.0837669740041216,15.4848016221994
concentrated,119,twostep,true,,-0.32480339402999503,0.4827555968429123,,1.6751966059700052,true,,,,,,0.09786987949364681,2.2211798660427595,22.69523450457448
concentrated,120,twostep,false,,,,,58.37842134944978,true,,,,,,0.0015582960070407985,3.937854565917855e13,2.527026025944733e16
concentrated,121,twostep,false,,,,,163.4395026027638,true,,,,,,-62.1558940969757,6.986306792586212e17,3.146352866778723e33
concentrated,122,twostep,false,,,,,87.8251267644121,true,,,,,,-1.0983700185359457,8.034545721762979e15,3.6184377118622965e31
concentrated,123,twostep,true,,-0.03867595149322822,1.1997925893098982,,1.9613240485067724,true,,,,,,0.10004788347216141,6.9379933971500485,69.3467283501361
concentrated,124,twostep,true,,0.4322889635295364,2.4535026091842678,,2.432288963529537,true,,,,,,0.10185660520334837,24.69708924786601,242.46919675518632
concentrated,125,twostep,true,,-0.45815956272695146,0.4832304562104862,,1.5418404372730488,true,,,,,,0.08476566527728402,1.7721355320510637,20.906289430444318
concentrated,126,twostep,true,,-0.1554366681728978,0.8692241960343057,,1.8445633318271024,true,,,,,,0.09916673909670812,4.424899659457473,44.62080431163799
concentrated,127,twostep,true,,-0.3205516862969695,0.36568365225049804,,1.6794483137030305,true,,,,,,0.10801123055682843,1.4755669172723165,13.661236055411571
concentrated,128,twostep,true,,-0.2915029454853637,0.6000028421636588,,1.7084970545146363,true,,,,,,0.1011739888442748,2.361005549885518,23.336092377651887
concentrated,129,twostep,true,,-0.12424950147507241,0.9184443884164388,,1.8757504985249276,true,,,,,,0.10225020550456979,4.463628742355043,43.65398309302717
concentrated,130,twostep,false,,,,,77.5827029328551,true,,,,,,-0.031532432250769966,1.3336435307472515e15,6.006196508118394e30
concentrated,131,twostep,true,,-0.12034388540791663,0.7699462320376407,,1.8796561145920838,true,,,,,,0.108352481473619,3.6581696564237474,33.76175244601496
concentrated,132,twostep,true,,1.1269661631021122,4.745035887199726,,3.1269661631021126,true,,,,,,0.1250296072258934,85.5354216154261,684.1213334445465
concentrated,133,twostep,true,,1.1716004581088537,3.550539141833513,,3.1716004581088537,true,,,,,,0.15641755223403303,50.020692493587774,319.78951069855935
concentrated,134,twostep,true,,-0.025476507894042433,0.5562340800519523,,1.974523492105958,true,,,,,,0.14223299099752432,2.6460433248036663,18.60358350229535
concentrated,135,twostep,true,,-0.33871437196587406,0.6374270585658471,,1.6612856280341266,true,,,,,,0.0920867890436035,2.463521942155573,26.75217550466533
concentrated,136,twostep,true,,-0.6151324504723052,0.3035676170310635,,1.3848675495276945,true,,,,,,0.07382854828799035,1.0197181854224908,13.811976654948907
concentrated,137,twostep,true,,0.10387946205003651,1.1579239991649584,,2.1038794620500365,true,,,,,,0.11462111050158429,7.216254928212127,62.95746827642526
concentrated,138,twostep,true,,-0.20085015657662275,0.7850329006673453,,1.7991498434233772,true,,,,,,0.10105083936748199,3.634624325522649,35.968274467319915
concentrated,139,twostep,true,,-0.5666575872056314,0.30741381333198126,,1.4333424127943684,true,,,,,,0.07908355722706041,1.0594651419573347,13.396781570098774
concentrated,140,twostep,true,,-0.7646674191109335,0.23805799749318787,,1.2353325808890665,true,,,,,,0.058471625102907335,0.7345518670004824,12.562535515435142
concentrated,141,twostep,true,,-0.20814970298562585,0.678215555491927,,1.7918502970143741,true,,,,,,0.10815551768546097,2.8748690607778578,26.580882069637745
concentrated,142,twostep,true,,-0.6995183799550355,0.17236612330092826,,1.3004816200449647,true,,,,,,0.05906066641270702,0.7201148637709265,12.192799497704149
concentrated,143,twostep,true,,0.45555587889273985,2.468272373217344,,2.45555587889274,true,,,,,,0.1041922719082481,24.935868688689204,239.32551073123517
concentrated,144,twostep,false,,,,,126.72264344420218,true,,,,,,-5.412553927248013,4.136108127162437e16,1.862737502025283e32
concentrated,145,twostep,true,,-0.3249237938509184,0.76127239886412,,1.6750762061490816,true,,,,,,0.08455010115940853,3.368899417641813,39.84500753334616
concentrated,146,twostep,true,,1.0099925112554664,6.472454763694806,,3.0099925112554664,true,,,,,,0.07674589165479957,150.71947177941647,1963.8767434919846
concentrated,147,twostep,true,,-0.532403106965263,0.1803323119193829,,1.4675968930347367,true,,,,,,0.07175037814638918,1.0027480745347734,13.9755092647583
concentrated,148,twostep,true,,-0.25332727058229665,0.8203710172796267,,1.7466727294177031,true,,,,,,0.09277731104812859,3.678186344264448,39.64532171401664
concentrated,149,twostep,true,,-0.4074697042235118,0.38483475099976244,,1.592530295776488,true,,,,,,0.09701444911260712,1.3936122611323722,14.3649969038609
concentrated,150,twostep,true,,-0.4506989021440089,0.4777089055582264,,1.5493010978559916,true,,,,,,0.08763995527936791,1.7016862799474892,19.416786265157967
concentrated,151,twostep,true,,-0.23852439219536548,0.5315183123269187,,1.761475607804635,true,,,,,,0.1125360422102323,2.039884715784833,18.126501303236317
concentrated,152,twostep,true,,0.1184516913090734,1.3924136945143917,,2.118451691309074,true,,,,,,0.11159393161164502,9.054173094661282,81.1349951014403
concentrated,153,twostep,false,,,,,213.67302157860658,true,,,,,,-317.67737276698927,2.458591485123097e18,1.1072511696256654e34
concentrated,154,twostep,true,,-0.6860691738032971,0.12998302897874536,,1.3139308261967029,true,,,,,,0.047513785295640154,0.983383521128677,20.69680441181166
concentrated,155,twostep,false,,,,,94.18168823428198,true,,,,,,-0.8271523439747319,1.08775544757466e16,4.898815028367466e31
concentrated,156,twostep,true,,-0.035670820327213804,0.9644305195611459,,1.9643291796727866,true,,,,,,0.11125244849004527,5.044751717329792,45.34508485699701
concentrated,157,twostep,true,,-0.34352048836008375,0.8124355153738263,,1.6564795116399165,true,,,,,,0.07353269198923879,3.6052757339112156,49.02956272073968
concentrated,158,twostep,true,,-0.07336348472762855,0.6329799944504972,,1.9266365152723715,true,,,,,,0.1319150993739398,2.71638821043019,20.591943024884838
concentrated,159,twostep,true,,-0.328362647209532,0.326706604672884,,1.671637352790468,true,,,,,,0.10758609808205696,1.3260392264089123,12.32537707053498
concentrated,160,twostep,true,,-0.555763793467309,0.14120246644227025,,1.444236206532691,true,,,,,,0.05612915531092011,1.3599493441801358,24.228929451135947
concentrated,161,twostep,true,,2.847723599368653,16.476750298488817,,4.847723599368654,true,,,,,,0.13398543010062647,942.7427004719553,7036.1583327674625
concentrated,162,twostep,false,,,,,71.93236311236076,true,,,,,,0.0034073061367463848,3.91248420653856e14,1.1482631878433344e17
concentrated,163,twostep,true,,-0.5247033004458124,0.3419970457893357,,1.4752966995541876,true,,,,,,0.08347949745965141,1.2085743928585897,14.47749962130206
concentrated,164,twostep,true,,0.41755920583323514,1.3991897438503291,,2.4175592058332356,true,,,,,,0.1442646154251621,9.719487779723071,67.37263847464452
concentrated,165,twostep,true,,1.9440179352464306,10.967945731038117,,3.9440179352464306,true,,,,,,0.10657058742233462,424.6876564400198,3985.0362723159346
concentrated,166,twostep,true,,-0.3469900493031617,0.37187026673326273,,1.6530099506968383,true,,,,,,0.10446060268871016,1.4730194562929113,14.101196224977473
concentrated,167,twostep,true,,-0.18959305929466286,0.8201622372028303,,1.8104069407053376,true,,,,,,0.09885574733727619,3.7146347669133477,37.57631566164536
concentrated,168,twostep,true,,-0.5126361926567429,0.27556124617932487,,1.4873638073432571,true,,,,,,0.08452150667334413,1.073068738352296,12.695807026955352
concentrated,169,twostep,true,,0.1982388948544167,1.2442568652656125,,2.1982388948544167,true,,,,,,0.13082298969640901,7.7543542453305,59.27363579845898
concentrated,170,twostep,true,,-0.2535291638408883,0.5091179482360457,,1.746470836159112,true,,,,,,0.1128975260005975,2.052611503266117,18.18119117380175
concentrated,171,twostep,true,,0.04465864623536042,0.9246869323582404,,2.04465864623536,true,,,,,,0.13053867565945354,4.890775124356191,37.466100369480834
concentrated,172,twostep,true,,-0.5377078754925195,0.2729880621961011,,1.4622921245074805,true,,,,,,0.0785908791957914,1.2824560673022412,16.3181285210882
concentrated,173,twostep,true,,2.2932538828731595,14.152901477515435,,4.2932538828731595,true,,,,,,0.10107313822986463,695.7585987683423,6883.714218767204
concentrated,174,twostep,true,,-0.10709542939934691,0.6298231256277333,,1.8929045706006529,true,,,,,,0.12556076414444048,2.644491273400948,21.061446156530415
concentrated,175,twostep,false,,,,,110.54017547431242,true,,,,,,-2.920773659441446,3.405304128826273e16,1.5336126405665214e32
concentrated,176,twostep,true,,-0.19099738143566491,0.7363902833510345,,1.809002618564335,true,,,,,,0.10643924632365351,3.25079604044956,30.54132899968825
concentrated,177,twostep,false,,,,,49.46499945605716,true,,,,,,-0.003677892567334647,1.2082045963138895e14,5.4412697697465534e29
concentrated,178,twostep,true,,0.2045755694411533,1.8350376981104242,,2.204575569441153,true,,,,,,0.10238204904702838,14.634287808019634,142.93802423604055
concentrated,179,twostep,false,,,,,160.72407584704504,true,,,,,,-13.725891389727474,2.592433019605566e17,1.1675280381078597e33
concentrated,180,twostep,true,,-0.7129470975379724,0.21316416491880283,,1.2870529024620279,true,,,,,,0.06123868533521573,0.8561420234348718,13.980411544572158
concentrated,181,twostep,true,,-0.5023528407115812,0.43414270517473064,,1.4976471592884188,true,,,,,,0.08116050133749086,1.5974920602422507,19.68312213350404
concentrated,182,twostep,true,,-0.18624281290818567,0.7343824050326908,,1.8137571870918139,true,,,,,,0.10352648293562328,3.436141604756623,33.19094310287105
concentrated,183,twostep,true,,-0.7349869998182046,0.16242755485531987,,1.2650130001817952,true,,,,,,0.054921974230648346,0.697393467942041,12.697895108673489
concentrated,184,twostep,true,,0.24414032141613395,2.0286083509620076,,2.244140321416134,true,,,,,,0.09903219155113747,17.34517991900674,175.1468855463041
concentrated,185,twostep,true,,-0.3943354707104496,0.2864124780968456,,1.6056645292895502,true,,,,,,0.09552127480220367,1.435789969512093,15.031101422015041
concentrated,186,twostep,true,,0.6921306020191893,2.6781918340009865,,2.6921306020191897,true,,,,,,0.12081575726145853,29.471475048581013,243.9373449011416
concentrated,187,twostep,true,,-0.22210326593880847,0.6225110016537042,,1.7778967340611913,true,,,,,,0.10916263306156314,2.575861814105724,23.596552610205418
concentrated,188,twostep,true,,0.3860761025295969,1.216273531043639,,2.3860761025295965,true,,,,,,0.1659750861882181,7.824780941455075,47.14431015617406
concentrated,189,twostep,true,,0.10929286142028305,1.1621478495308266,,2.109292861420283,true,,,,,,0.11376897576874315,7.189748670860859,63.19603936204345
concentrated,190,twostep,true,,-0.08326763179014263,1.01151119566921,,1.9167323682098574,true,,,,,,0.09949669768226273,5.395495567586716,54.227885882373066
concentrated,191,twostep,true,,1.7514500245628013,8.298296444367912,,3.7514500245628013,true,,,,,,0.11882544062650824,247.28475054992043,2081.0758137828843
concentrated,192,twostep,false,,,,,121.94664903343116,true,,,,,,-3.8721471601033453,1.93048062654493e16,8.694111830353708e31
concentrated,193,twostep,true,,-0.7094422208337088,0.3292120148698078,,1.290557779166291,true,,,,,,0.06273256733928995,0.8922260961166466,14.222693793018697
concentrated,194,twostep,false,,,,,102.68456365807342,true,,,,,,-1.6631649140113454,1.2158009332382854e16,5.475480629888643e31
concentrated,195,twostep,true,,-0.7063048969525263,0.31631871995105026,,1.2936951030474741,true,,,,,,0.0627202985452134,1.0371530799929258,16.536162997458785
concentrated,196,twostep,false,,,,,67.7231539955423,true,,,,,,0.004910421352497827,3.395186337244285e14,6.914246443469105e16
concentrated,197,twostep,true,,-0.44191729922374434,0.3966282380570456,,1.558082700776256,true,,,,,,0.09114004486745621,1.544773737865754,16.949451145347783
concentrated,198,twostep,false,,,,,75.90608906462023,true,,,,,,0.005027528870797474,2.5723960121659412e14,5.116621064292176e16
concentrated,199,twostep,false,,,,,57.03247912059747,true,,,,,,-0.0020459771665909676,4.976154286935805e13,2.2410606592382186e29
concentrated,200,twostep,true,,-0.8309788491308978,0.10974573008813925,,1.1690211508691026,true,,,,,,0.03359181394484709,0.7532179466122784,22.422663683746094
concentrated,201,twostep,true,,-0.2122584570013828,0.6904265264385449,,1.7877415429986176,true,,,,,,0.10680531754511724,3.095340920620411,28.98114992554431
concentrated,202,twostep,true,,-0.42964299151912466,0.3413875843518608,,1.5703570084808756,true,,,,,,0.08729152769647934,1.5604262435557392,17.87603315846968
concentrated,203,twostep,true,,2.2980304820193407,16.029600573703274,,4.298030482019341,true,,,,,,0.09402319113196632,886.6732604583398,9430.36765486771
concentrated,204,twostep,true,,-0.1110565065410205,0.5287069664643775,,1.8889434934589793,true,,,,,,0.11881559723999686,2.7434149438798525,23.08968694016157
concentrated,205,twostep,true,,-0.21648069800854253,0.8526740078657875,,1.7835193019914575,true,,,,,,0.09653465137358787,3.9493832040203474,40.91156023070187
concentrated,206,twostep,true,,-0.8881881099404068,0.10506616464893485,,1.1118118900595932,true,,,,,,0.02995066963022691,0.9531486816282209,31.82395229875866
concentrated,207,twostep,false,,,,,153.29141619569188,true,,,,,,-11.50687397661342,1.0451611031496242e17,4.706987154686784e32
concentrated,208,twostep,true,,0.8834989025955053,3.6317256759148386,,2.8834989025955062,true,,,,,,0.09923300048385811,50.72108346760232,511.13120857262544
concentrated,209,twostep,true,,-0.7480881144291622,0.16382815687137472,,1.2519118855708378,true,,,,,,0.05446136450002323,0.6485312414799713,11.908097555647815
concentrated,210,twostep,false,,,,,83.52397759482396,true,,,,,,-0.5806124521650687,6.107547170485818e15,2.7505947161147657e31
concentrated,211,twostep,false,,,,,70.12680748397044,true,,,,,,-0.02518377255309634,1.974023239440394e14,8.890210325564458e29
concentrated,212,twostep,true,,-0.5534660176893551,0.24483908483510805,,1.446533982310645,true,,,,,,0.07864721414790277,0.9809373001994486,12.472626155005473
concentrated,213,twostep,true,,0.8624726034348835,3.187179849001222,,2.8624726034348833,true,,,,,,0.12086702359715024,41.10122039743029,340.05321860510645
concentrated,214,twostep,true,,0.04332080811426531,0.9705214863596356,,2.0433208081142653,true,,,,,,0.12498830048283127,5.183608801934168,41.47275210487563
concentrated,215,twostep,true,,0.5344614249711337,2.1029182179850707,,2.534461424971134,true,,,,,,0.11367456405693215,18.6714752639198,164.25376616855536
concentrated,216,twostep,true,,-0.3425165775588874,0.4243942924690629,,1.6574834224411126,true,,,,,,0.10482220740954323,1.6044796224489213,15.306676534488302
concentrated,217,twostep,true,,-0.7958582930082598,0.15101789195925822,,1.2041417069917406,true,,,,,,0.048534807475905606,0.7834067174153505,16.14113165699197
concentrated,218,twostep,false,,,,,106.00799526496053,true,,,,,,-0.49517258020994,5.913324919930879e15,2.6631247905921375e31
concentrated,219,twostep,true,,-0.271179294822778,0.6010760290943298,,1.7288207051772218,true,,,,,,0.104733264992249,2.473513548697482,23.617267626293707
concentrated,220,twostep,true,,0.26802966890901203,1.7958888529586736,,2.268029668909013,true,,,,,,0.09170732524783858,14.755118394905548,160.8935639004836
concentrated,221,twostep,true,,-0.22641365293068216,0.44994147641443666,,1.7735863470693183,true,,,,,,0.11679506764845388,2.0456475224476582,17.514845135454983
concentrated,222,twostep,true,,-0.5260626471260716,0.3902920857552918,,1.4739373528739288,true,,,,,,0.08141327479504476,1.2033886160710447,14.781233393455011
concentrated,223,twostep,true,,-0.5797397026276723,0.238958287708266,,1.4202602973723282,true,,,,,,0.07627891127539273,0.8938861765398871,11.718654102346257
concentrated,224,twostep,true,,2.775571426284146,16.64928915721217,,4.775571426284147,true,,,,,,0.11298820576241003,965.4092371823702,8544.336381554893
concentrated,225,twostep,true,,-0.3540977666484548,0.5912357689628157,,1.6459022333515454,true,,,,,,0.09226378666333981,2.243721473751345,24.318549616204596
concentrated,226,twostep,true,,-0.5668997547564674,0.3386261852828263,,1.4331002452435326,true,,,,,,0.07779925666366594,0.9884783215082442,12.705498277207662
concentrated,227,twostep,false,,,,,148.23852024528634,true,,,,,,-30.596224543242855,1.4761733034784813e17,6.648093539479962e32
concentrated,228,twostep,true,,2.6708115935437844,17.37723764673387,,4.670811593543784,true,,,,,,0.10091425214851531,1040.3213962611846,10308.964037410155
concentrated,229,twostep,false,,,,,99.2769702748071,true,,,,,,-0.20464445642036663,3.462084526580711e15,1.559184258383405e31
concentrated,230,twostep,true,,-0.5101634110322566,0.38991463613284344,,1.4898365889677432,true,,,,,,0.08376061960797299,1.286534977857119,15.359664050702133
concentrated,231,twostep,true,,-0.15288591205772062,0.7878438467456146,,1.8471140879422794,true,,,,,,0.10514587867811918,3.762354169604726,35.782231475970065
concentrated,232,twostep,false,,,,,35.663534775378444,true,,,,,,-3.966684980566404e-6,4.471721757472751e12,2.013884444065882e28
concentrated,233,twostep,true,,-0.3225495694469289,0.4080799023806929,,1.6774504305530713,true,,,,,,0.10434326899292429,1.8359951267126897,17.595721740682592
concentrated,234,twostep,true,,-0.3389314662759697,0.3929574071655918,,1.6610685337240303,true,,,,,,0.10574024606553094,1.5440218867503046,14.602026609559998
concentrated,235,twostep,true,,1.720225048783309,11.397326192620898,,3.7202250487833095,true,,,,,,0.06985818162931974,456.47354813519786,6534.289005077885
concentrated,236,twostep,true,,8.604911464651074,176.96820944180837,,10.604911464651074,true,,,,,,0.12807126320012197,103629.13801646217,809152.1503503331
concentrated,237,twostep,true,,0.15952864261420663,1.748131742212025,,2.159528642614207,true,,,,,,0.09670749331093288,13.263986970352507,137.1557313320725
concentrated,238,twostep,true,,-0.3895955969959557,0.5047572566306309,,1.6104044030040445,true,,,,,,0.09368748142117958,1.802731225082629,19.2419648573784
concentrated,239,twostep,true,,1.1696969058906102,3.5024375395841925,,3.1696969058906097,true,,,,,,0.16161584598530096,48.938388162464086,302.8068681267495
concentrated,240,twostep,false,,,,,114.30313421629883,true,,,,,,-1.6384573105049287,1.4308536105846686e16,6.443991787450842e31
concentrated,241,twostep,true,,-0.788275008808689,0.16311928043926283,,1.211724991191311,true,,,,,,0.05170371016407811,0.6134151629584317,11.864045365638201
concentrated,242,twostep,true,,-0.5980755223792471,0.31389722873204656,,1.401924477620753,true,,,,,,0.0715637420278372,1.3091832073476857,18.2939456525126
concentrated,243,twostep,true,,-0.6698571980386014,0.20222154775824674,,1.3301428019613986,true,,,,,,0.06460534324795426,0.8382040815977514,12.974222246304576
concentrated,244,twostep,true,,-0.14014615713419176,1.4045057596568982,,1.8598538428658082,true,,,,,,0.07738032585484397,8.840975587004564,114.25353265620971
concentrated,245,twostep,false,,,,,139.34144933718207,true,,,,,,-3.8367885857406385,4.435122570521662e16,1.9974016355943835e32
concentrated,246,twostep,true,,-0.2895556492168645,0.7092143539709883,,1.7104443507831362,true,,,,,,0.09144853637868541,3.089934137839981,33.78877629101317
concentrated,247,twostep,true,,-0.44029874092100885,0.5465156375786991,,1.5597012590789907,true,,,,,,0.08466674230657217,2.0369285247322715,24.0581894288161
concentrated,248,twostep,true,,0.737775780499053,2.9044518360200513,,2.737775780499053,true,,,,,,0.12662241287640263,34.00961538406949,268.590801671633
concentrated,249,twostep,true,,0.47481160978817405,3.3136395597505093,,2.474811609788174,true,,,,,,0.08636037997204227,42.398580547319426,490.9494441900934
concentrated,250,twostep,true,,1.5201226696388335,6.0691938014360804,,3.520122669638834,true,,,,,,0.1348546873591229,136.9204674805619,1015.3185637213912
concentrated,251,twostep,true,,-0.43427806233918664,0.19848688191870764,,1.5657219376608134,true,,,,,,0.08303892188355261,1.2062257015401536,14.526027965917859
concentrated,252,twostep,true,,1.3759887734191873,4.394497080255592,,3.3759887734191873,true,,,,,,0.13312236343662912,75.29719313383667,565.6239206546296
concentrated,253,twostep,true,,-0.11003191646553567,0.5435675001196656,,1.889968083534465,true,,,,,,0.13278261594141164,2.283015951425422,17.193635893065768
concentrated,254,twostep,true,,0.6298296782942252,2.8046305792020414,,2.629829678294225,true,,,,,,0.11158405736284721,32.42770345446224,290.61233495941417
concentrated,255,twostep,true,,-0.13290936948670207,0.9824051413583091,,1.8670906305132977,true,,,,,,0.09797557228638432,4.917224408971719,50.188269322873516
concentrated,256,twostep,false,,,,,49.52048341323958,true,,,,,,-0.0023144367152057315,5.473487536204004e13,2.4650396428465406e29
concentrated,257,twostep,true,,-0.12471915156800728,0.9519132562877659,,1.8752808484319932,true,,,,,,0.10183838414911943,4.718303158354432,46.33128459153022
concentrated,258,twostep,true,,3.2734203081454134,22.264146796952254,,5.273420308145414,true,,,,,,0.12741629219046252,1700.4438938062033,13345.576649368913
concentrated,259,twostep,true,,-0.7065252849538131,0.16383877216864073,,1.2934747150461867,true,,,,,,0.057220651307702534,0.6834212680674472,11.943612182817834
concentrated,260,twostep,true,,-0.7874790831929184,0.11636929502905105,,1.212520916807082,true,,,,,,0.03830493721457345,0.8407230926571481,21.94816527038419
concentrated,261,twostep,false,,,,,138.81876816750594,true,,,,,,-7.485053998028947,6.963993541509504e16,3.1363038718552743e32
concentrated,262,twostep,true,,-0.28417554519075594,0.6187840649303885,,1.715824454809244,true,,,,,,0.10092950249671183,2.621489555043063,25.973471484499473
concentrated,263,twostep,false,,,,,118.26398290099115,true,,,,,,-4.280684678320909,3.136370820725604e16,1.4124958459515527e32
concentrated,264,twostep,false,,,,,190.90734521151134,true,,,,,,-64.3609497726725,5.406330039230927e17,2.434794595012232e33
concentrated,265,twostep,true,,-0.2435685392585476,0.6887260816683641,,1.7564314607414526,true,,,,,,0.09792799873915309,3.1072052726085646,31.729488119992155
concentrated,266,twostep,true,,-0.8180518251201327,0.15948362535049293,,1.181948174879867,true,,,,,,0.04951496789401019,0.5246474319466362,10.59573406307515
concentrated,267,twostep,true,,-0.6176908496603795,0.2610119892724168,,1.382309150339621,true,,,,,,0.07293277163917891,0.9406363323051148,12.897306809601794
concentrated,268,twostep,false,,,,,65.32486484509401,true,,,,,,-0.004117570095715811,1.2442713052961623e14,5.6036997868795974e29
concentrated,269,twostep,true,,-0.4197008864197538,0.3575728783055545,,1.5802991135802462,true,,,,,,0.0965924276721824,1.1959481726926728,12.381386424529149
concentrated,270,twostep,true,,-0.23383683767402985,0.3721991599552414,,1.7661631623259701,true,,,,,,0.11894247394077331,1.733978936697672,14.578298897340039
concentrated,271,twostep,false,,,,,109.67071735777111,true,,,,,,-1.4176924275111862,8.571596968278134e15,3.8603040912307478e31
concentrated,272,twostep,true,,0.6887871425920324,2.757494586810739,,2.6887871425920324,true,,,,,,0.1276313732713832,31.1307775196122,243.91163960461878
concentrated,273,twostep,true,,-0.11704497406648007,0.916914006319063,,1.88295502593352,true,,,,,,0.09753081256916399,4.415211689134473,45.26991596633552
concentrated,274,twostep,true,,-0.30010812597850656,0.5023219302479541,,1.6998918740214934,true,,,,,,0.10603298357389834,1.8798757512169466,17.729160190110004
concentrated,275,twostep,true,,-0.15955950737147595,0.6420109615490617,,1.8404404926285243,true,,,,,,0.11769972597153389,2.780093584201707,23.62022138330282
concentrated,276,twostep,true,,0.3237638065361286,1.5134520602700121,,2.323763806536129,true,,,,,,0.12843610898506888,11.222708973774779,87.3797023474096
concentrated,277,twostep,true,,0.5410242183988241,2.5765797348409927,,2.541024218398824,true,,,,,,0.10381554493362928,27.993774422124797,269.64915938187875
concentrated,278,twostep,false,,,,,80.6023837821306,true,,,,,,-0.1406755666191082,1.3464336727188368e15,6.063798186735642e30
concentrated,279,twostep,true,,-0.6185551770188893,0.3812039824680504,,1.3814448229811103,true,,,,,,0.07071207629673326,1.1984288292330794,16.94800792164611
concentrated,280,twostep,true,,-0.21924107653863123,0.5957573707991279,,1.7807589234613688,true,,,,,,0.11314256527102992,2.4366536649035853,21.536135927859227
concentrated,281,twostep,true,,-0.5397389428354415,0.3407094892024323,,1.4602610571645587,true,,,,,,0.08212236566514686,1.1491842059635315,13.993559448218027
concentrated,282,twostep,true,,4.138501427799284,50.149056816408525,,6.138501427799284,true,,,,,,0.08305586234604183,8422.979002874137,101413.41941380191
concentrated,283,twostep,false,,,,,34.774008431589216,true,,,,,,0.00047287828793338144,7.277308652054488e12,1.5389390542455414e16
concentrated,284,twostep,true,,-0.2878035297369965,0.7533215846465245,,1.7121964702630035,true,,,,,,0.07976595868916213,3.6507062786389475,45.767722705688136
concentrated,285,twostep,true,,-0.6443915156620208,0.20586551397961386,,1.3556084843379796,true,,,,,,0.06773179058935992,0.713900681854023,10.54011234077976
concentrated,286,twostep,true,,-0.6321416822239359,0.19011851887743894,,1.3678583177760646,true,,,,,,0.06730351680692663,0.6777435880902327,10.069958008798759
concentrated,287,twostep,true,,-0.5004798275184568,0.31782858238682243,,1.4995201724815432,true,,,,,,0.08631353899525877,1.186499819423382,13.746392897741764
concentrated,288,twostep,true,,-0.6134111524399108,0.19675727772558227,,1.3865888475600887,true,,,,,,0.06876200342712391,0.8885358490542928,12.921901701075225
concentrated,289,twostep,true,,0.009743121579837144,1.1261150727909508,,2.009743121579837,true,,,,,,0.11079783984281619,6.343326354860926,57.25135403235218
concentrated,290,twostep,false,,,,,73.06921154495507,true,,,,,,0.010263730892199228,6.251095869089202e14,6.0904713254321976e16
concentrated,291,twostep,false,,,,,62.39240818524466,true,,,,,,0.001648364442127108,1.9032463372534597e14,1.1546271495625342e17
concentrated,292,twostep,true,,2.5568745357596283,13.83960559349522,,4.556874535759628,true,,,,,,0.13156001045727417,672.2688889244259,5109.9789866826895
concentrated,293,twostep,true,,-0.26282493169814325,0.5974503873156498,,1.7371750683018572,true,,,,,,0.10589595875924031,2.3948971970700095,22.615567441198834
concentrated,294,twostep,true,,-0.532735150586594,0.1764051445932142,,1.4672648494134064,true,,,,,,0.07043486752818906,1.173034341682342,16.654171191745007
concentrated,295,twostep,true,,-0.681375777526001,0.1589026846499783,,1.318624222473999,true,,,,,,0.057490466629119885,0.7482556125695364,13.01529899551263
concentrated,296,twostep,true,,0.24937247437578147,1.4252108839261208,,2.249372474375782,true,,,,,,0.1243047417066134,9.873876740977408,79.43282456820461
concentrated,297,twostep,true,,2.3058027531894854,15.047988082704812,,4.305802753189486,true,,,,,,0.08399611168945616,781.9437663350445,9309.285282466239
concentrated,298,twostep,true,,0.5519940703602504,3.398043852239114,,2.55199407036025,true,,,,,,0.09226182294006904,44.58027793942328,483.1931184405657
concentrated,299,twostep,true,,-0.3966462133316362,0.34909041950236486,,1.6033537866683643,true,,,,,,0.09834735136692774,1.2937697267304191,13.155104929094087
concentrated,300,twostep,true,,2.2513101403567912,17.88377688888302,,4.251310140356791,true,,,,,,0.07079014684099409,1094.4184978318208,15460.039944401564
concentrated,301,twostep,true,,-0.3742365976584361,0.45364462687059326,,1.625763402341564,true,,,,,,0.09056110634275664,1.797398088300112,19.847351262442626
concentrated,302,twostep,true,,-0.044341557557492806,1.533093691851366,,1.9556584424425074,true,,,,,,0.08156037876827867,10.29356361326399,126.20789369442547
concentrated,303,twostep,false,,,,,171.42451360018634,true,,,,,,-6.365163595332667,1.1149747417357093e17,5.021399831408455e32
concentrated,304,twostep,true,,-0.5181912938097657,0.26538464098292447,,1.4818087061902343,true,,,,,,0.08426492542446237,0.8877165620606169,10.53482878657969
concentrated,305,twostep,true,,1.4299996358656197,7.059351363874563,,3.4299996358656197,true,,,,,,0.11265850191119602,180.76878095681377,1604.5729162926934
concentrated,306,twostep,false,,,,,44.8996140378164,true,,,,,,7.750152420276319e-5,8.699277691799726e12,1.1224653684281434e17
concentrated,307,twostep,true,,-0.5927041583702675,0.18144987626963963,,1.407295841629733,true,,,,,,0.06818192350854234,0.8150904198305298,11.954641023414501
concentrated,308,twostep,true,,-0.5442386619872019,0.28569842996731265,,1.4557613380127985,true,,,,,,0.02191634373719867,6.026908590687819,274.99607886046846
concentrated,309,twostep,false,,,,,68.70790416359819,true,,,,,,-0.007704973921250309,1.0694816001539532e15,4.8165169359329457e30
concentrated,310,twostep,true,,-0.06427281586607414,0.6115038146936126,,1.9357271841339267,true,,,,,,0.13563290389761481,2.6706555864156805,19.69032225713959
concentrated,311,twostep,true,,-0.15895091911584291,0.5538582089258004,,1.8410490808841575,true,,,,,,0.11750615475376743,2.5734815606263814,21.900823544256703
concentrated,312,twostep,true,,0.005632954110497135,1.3367426839014331,,2.0056329541104976,true,,,,,,0.09391333731445349,8.557062720500468,91.1165864742783
concentrated,313,twostep,true,,-0.5620922833441844,0.4285948834824285,,1.437907716655816,true,,,,,,0.07569816955787406,1.3345792012661062,17.63027044195264
concentrated,314,twostep,true,,-0.06433464713441106,1.1845375164527743,,1.935665352865589,true,,,,,,0.08813208973202458,6.583492175448008,74.70028448736264
concentrated,315,twostep,true,,-0.10603490160109152,0.8143131855223601,,1.8939650983989085,true,,,,,,0.11290275148026664,3.9592516149636405,35.06780448708237
concentrated,316,twostep,true,,0.46665005969744566,2.0352734623456246,,2.4666500596974457,true,,,,,,0.12281333399842563,17.76017359578391,144.611118496397
concentrated,317,twostep,true,,1.333752936174153,4.95777890534033,,3.333752936174153,true,,,,,,0.14239108620304694,93.67692982229892,657.8847898436383
concentrated,318,twostep,true,,-0.39058039602759576,0.44882465825441836,,1.6094196039724042,true,,,,,,0.09511133624036697,1.7988228954023668,18.91281277824077
concentrated,319,twostep,true,,-0.8085708888649223,0.13190085882187666,,1.1914291111350777,true,,,,,,0.04413141626747813,0.6710956961930823,15.206756387005745
concentrated,320,twostep,false,,,,,92.63505144476282,true,,,,,,-0.16526673351059756,2.034285908497084e15,9.161609259472518e30
concentrated,321,twostep,true,,1.0687138239964362,4.877571109984572,,3.068713823996436,true,,,,,,0.11349980115596833,89.19958616962595,785.9008144609021
concentrated,322,twostep,true,,-0.6216923287195393,0.2916379582975059,,1.3783076712804607,true,,,,,,0.07382910456654256,0.8673815680722596,11.748504511394746
concentrated,323,twostep,true,,-0.17774171749323942,0.5859474098948554,,1.8222582825067604,true,,,,,,0.11724836352416895,2.6607271933422467,22.693085970396325
concentrated,324,twostep,true,,0.6067653314827437,2.5478166012362244,,2.606765331482744,true,,,,,,0.12281294627645663,26.796780535157204,218.19182217839338
concentrated,325,twostep,false,,,,,51.629051381733,true,,,,,,-4.0718531991224604e-5,6.60426023250354e13,2.9742943922160727e29
concentrated,326,twostep,true,,-0.13521738781947157,0.7870656364916416,,1.8647826121805287,true,,,,,,0.09676766413688959,3.5502546143184883,36.688439738467004
concentrated,327,twostep,true,,-0.5325470507399912,0.33708680690827564,,1.4674529492600086,true,,,,,,0.08307686808176379,1.083152787122386,13.037958846214005
concentrated,328,twostep,true,,0.27396598152469664,1.55508262918978,,2.2739659815246966,true,,,,,,0.11489947439899306,10.924093984177212,95.0752302507743
concentrated,329,twostep,true,,1.0586039732863224,3.956780909500401,,3.0586039732863224,true,,,,,,0.13628904179045676,60.743845949524804,445.6986794500907
concentrated,330,twostep,true,,-0.2426613740605681,0.6523185734315196,,1.757338625939432,true,,,,,,0.10397461266737064,2.8161532285409088,27.08500812164771
concentrated,331,twostep,true,,-0.22024817199009727,0.4639121453548901,,1.7797518280099032,true,,,,,,0.12061796516021049,1.8570844669912017,15.396416815061787
concentrated,332,twostep,true,,-0.3469957888633979,0.45709955204623626,,1.6530042111366026,true,,,,,,0.10200325922400211,1.7780925913618906,17.431723308538093
concentrated,333,twostep,true,,0.5349096070281638,2.3226902178194764,,2.5349096070281636,true,,,,,,0.09997179812564046,22.85733117337125,228.63779187651596
concentrated,334,twostep,false,,,,,79.54985233031697,true,,,,,,-0.03326528831111518,7.322271023637568e14,3.297657705355993e30
concentrated,335,twostep,true,,-0.11357119199524668,0.9196988368137488,,1.8864288080047538,true,,,,,,0.10707991523867068,4.601344145069446,42.97112240716197
concentrated,336,twostep,false,,,,,101.48605638760532,true,,,,,,-2.1048656578337064,1.9644797883668664e16,8.84723044286589e31
concentrated,337,twostep,true,,-0.529791149074502,0.27949320930578286,,1.470208850925498,true,,,,,,0.08276855603700248,1.0295185882057698,12.43852300317422
concentrated,338,twostep,true,,0.6544606699336439,2.6441195597041727,,2.6544606699336444,true,,,,,,0.1254360031487158,28.635102548006866,228.28455809499403
concentrated,339,twostep,true,,-0.0818012689123826,1.1317466216413743,,1.9181987310876172,true,,,,,,0.09787475561751939,6.273428803316635,64.0964951967012
concentrated,340,twostep,true,,1.183810563863192,5.513487931818716,,3.183810563863192,true,,,,,,0.11116970655138497,112.6796971019485,1013.582751969086
concentrated,341,twostep,true,,-0.2647486596415449,0.514553639047099,,1.735251340358455,true,,,,,,0.11148787580963826,2.0140602871772266,18.065285328569413
concentrated,342,twostep,false,,,,,106.01675032308073,true,,,,,,-2.300109969706814,1.6311473586965898e16,7.346034636812331e31
concentrated,343,twostep,true,,0.00041971632194970354,1.0651111111756875,,2.0004197163219497,true,,,,,,0.10487101415374271,6.102285727998069,58.18848780323621
concentrated,344,twostep,true,,-0.29744469808130525,0.5368291487797604,,1.7025553019186948,true,,,,,,0.10238508824978293,2.309855676720221,22.560469656333165
concentrated,345,twostep,false,,,,,149.03238567432552,true,,,,,,-7.9546838130825535,5.908616708047609e16,2.6610044004638298e32
concentrated,346,twostep,true,,0.34876731765724767,2.3897723992762563,,2.3487673176572477,true,,,,,,0.09488452524076707,23.221297199261688,244.73218515177513
concentrated,347,twostep,true,,-0.4383229957286465,0.33727783091164243,,1.5616770042713535,true,,,,,,0.09252128657540923,1.3717572166773184,14.826395821455328
concentrated,348,twostep,true,,-0.736066083695722,0.1210519527264594,,1.2639339163042775,true,,,,,,0.041364378648865885,0.9713561054361484,23.482913007875695
concentrated,349,twostep,true,,-0.6344313834225204,0.19702310894648606,,1.3655686165774794,true,,,,,,0.06786677399205834,0.730686583134079,10.766484689836336
concentrated,350,twostep,true,,-0.18783535590495082,0.5333147272732586,,1.812164644095049,true,,,,,,0.1173348908874511,2.3191110403589557,19.764888540983705
concentrated,351,twostep,true,,11.249240553506985,509.957926257665,,13.249240553506985,true,,,,,,0.09210780380506513,855037.0825966258,9.283003689961025e6
concentrated,352,twostep,false,,,,,145.86646282734327,true,,,,,,-33.55431047098224,1.8480139030636384e17,8.322714725212898e32
concentrated,353,twostep,true,,-0.34460662690986266,0.7980557985593104,,1.6553933730901373,true,,,,,,0.07996481098492939,3.624410598175322,45.32506928401792
concentrated,354,twostep,true,,6.7038681014660515,96.0931834528838,,8.703868101466051,true,,,,,,0.14059157620688623,30751.504327906114,218729.35176894258
concentrated,355,twostep,true,,-0.6878045845181768,0.3427934089380118,,1.3121954154818232,true,,,,,,0.06529960276797164,1.0187777755656768,15.601592236107296
concentrated,356,twostep,true,,-0.602960702924195,0.30431913366929714,,1.3970392970758057,true,,,,,,0.0754250789433995,1.012899075024415,13.429208019583443
concentrated,357,twostep,true,,-0.8111294782649123,0.1762890220056434,,1.1888705217350877,true,,,,,,0.0521158892895976,0.5212737766215062,10.002204389622745
concentrated,358,twostep,true,,-0.3271129963992636,0.4731539824492322,,1.6728870036007366,true,,,,,,0.10298328011950782,1.9543203512537406,18.97706451946212
concentrated,359,twostep,false,,,,,105.43412494885425,true,,,,,,-1.1257728562339078,1.0839029435121134e16,4.881464892506938e31
concentrated,360,twostep,false,,,,,96.03904959042103,true,,,,,,-0.8056368449174057,8.696198364807939e15,3.916419571528895e31
concentrated,361,twostep,true,,-0.4434418080357818,0.2723786008328244,,1.5565581919642177,true,,,,,,0.09111909251539872,1.2343006313864233,13.546015410303083
concentrated,362,twostep,true,,0.05073635497764739,0.8177782755142444,,2.050736354977648,true,,,,,,0.13011420442459906,4.371656296393972,33.59860912747108
concentrated,363,twostep,false,,,,,247.28439905852173,true,,,,,,-356.36510100419196,3.4257885985778514e18,1.5428380256005305e34
concentrated,364,twostep,false,,,,,161.0702385763676,true,,,,,,-53.203781732238326,5.577628550020903e17,2.511940585948518e33
concentrated,365,twostep,true,,0.2725390895694968,1.8295960212223785,,2.2725390895694964,true,,,,,,0.1081572204570663,14.499952087728582,134.06365313802078
concentrated,366,twostep,true,,0.5990867017626034,3.0498608736418706,,2.5990867017626034,true,,,,,,0.09753551539611956,36.92350891047907,378.5647593137963
concentrated,367,twostep,true,,2.268962827989508,11.995123315516524,,4.268962827989508,true,,,,,,0.12883675833636266,508.2893209264959,3945.219729911795
concentrated,368,twostep,true,,-0.5669145782063911,0.28519943359399885,,1.4330854217936089,true,,,,,,0.07964021590835743,0.8594321990769387,10.791434820642545
concentrated,369,twostep,true,,1.0609217860148172,4.787127432539429,,3.0609217860148172,true,,,,,,0.11689884974177327,86.37914170801935,738.9220843389716
concentrated,370,twostep,true,,-0.5293386594183171,0.26696677097122845,,1.4706613405816829,true,,,,,,0.08302333993414454,0.8742796198816349,10.530528169248885
concentrated,371,twostep,false,,,,,146.92566793448262,true,,,,,,-10.2738012274519,8.207558852408893e16,3.6963558989330105e32
concentrated,372,twostep,true,,-0.4784227181615499,0.16463164312610107,,1.5215772818384505,true,,,,,,0.06889239338353165,1.7346950551320595,25.179776313980245
concentrated,373,twostep,true,,0.5077475827307985,1.8088041236812422,,2.507747582730799,true,,,,,,0.13331328780038953,14.81522497547407,111.13089490116664
concentrated,374,twostep,false,,,,,76.56840509466979,true,,,,,,-0.30385882653376667,1.4099918423311295e15,6.350038735717914e30
concentrated,375,twostep,true,,-0.31953411416722055,0.5828169872085214,,1.6804658858327792,true,,,,,,0.09905619869909693,2.2564076831277005,22.779065952066173
concentrated,376,twostep,true,,-0.49843699510288975,0.43219590014803927,,1.5015630048971107,true,,,,,,0.08355764473606621,1.4306751276731542,17.12201357747974
concentrated,377,twostep,true,,-0.37670392039164824,0.5921332518039392,,1.6232960796083518,true,,,,,,0.08966672776942526,2.3350966250138434,26.04195204957696
concentrated,378,twostep,true,,-0.2219103089701302,0.5136001709373962,,1.7780896910298694,true,,,,,,0.11643848269125688,2.1661233090596,18.603156439295045
concentrated,379,twostep,true,,-0.33529636172345945,0.5370327413547857,,1.6647036382765406,true,,,,,,0.09917253403586454,1.98626111765598,20.02833886383979
concentrated,380,twostep,true,,0.08439745671876131,1.2204718458638735,,2.084397456718761,true,,,,,,0.11432989762297903,7.25798553179064,63.482830674133886
concentrated,381,twostep,false,,,,,157.17204448061864,true,,,,,,-67.5481655134437,1.6060964296144896e17,7.2332152819329e32
concentrated,382,twostep,true,,0.2219441717862387,1.7742968601347517,,2.2219441717862387,true,,,,,,0.10387971167935033,13.756917537305482,132.43122564461393
concentrated,383,twostep,false,,,,,80.10146970281377,true,,,,,,-0.6115732185102287,2.3555430085749915e15,1.0608422615673509e31
concentrated,384,twostep,true,,-0.7045906554704642,0.25626722355188297,,1.2954093445295363,true,,,,,,0.06506316064201874,0.7691602655487181,11.82174763658781
concentrated,385,twostep,false,,,,,119.05793733164573,true,,,,,,-2.2558577872548304,1.001112781676302e16,4.508611150513234e31
concentrated,386,twostep,true,,1.237383367761499,6.256967755786563,,3.237383367761499,true,,,,,,0.09990016762645117,142.5647678888295,1427.0723590966404
concentrated,387,twostep,true,,-0.5223749608447614,0.13790922203395237,,1.4776250391552386,true,,,,,,0.05016973007380998,1.4431832220658813,28.76601528337231
concentrated,388,twostep,true,,-0.32531126121535037,0.4734208264673562,,1.6746887387846499,true,,,,,,0.10183808142219947,1.9502537201295929,19.150534779266387
concentrated,389,twostep,true,,-0.07294844274471557,0.8174631879606283,,1.9270515572552842,true,,,,,,0.10399359669580707,4.615678761670317,44.38425930369247
concentrated,390,twostep,true,,-0.7171817540589811,0.28973836631215455,,1.2828182459410193,true,,,,,,0.06236409636702273,0.9046596570643168,14.506097414452208
concentrated,391,twostep,true,,-0.11311990358400537,0.8389055133187545,,1.8868800964159955,true,,,,,,0.10923826017727306,3.9805551687748935,36.43920328202962
concentrated,392,twostep,true,,-0.19751768947877468,0.5789251465991694,,1.8024823105212258,true,,,,,,0.1168832465263629,2.344245105976753,20.05629699418052
concentrated,393,twostep,false,,,,,133.73441525149886,true,,,,,,-5.333330919950499,6.54618042210916e16,2.948137570971085e32
concentrated,394,twostep,true,,-0.624830491341104,0.16989736932014085,,1.3751695086588966,true,,,,,,0.06333535780642047,0.892214539135952,14.087147685546128
concentrated,395,twostep,true,,-0.3548294909799121,0.49439485803073485,,1.6451705090200879,true,,,,,,0.09791798994847438,2.01265609164209,20.554507835599708
concentrated,396,twostep,true,,-0.6145837600142741,0.24568395177845054,,1.3854162399857262,true,,,,,,0.07283610611526663,0.8906623704778801,12.228308430826385
concentrated,397,twostep,false,,,,,141.29359183880342,true,,,,,,-17.732361731154217,9.154010291152581e16,4.122599733618045e32
concentrated,398,twostep,false,,,,,170.8038802566896,true,,,,,,-48.861301197266954,4.8690717861689766e17,2.19283498818308e33
concentrated,399,twostep,true,,1.6989103177188674,8.849282256829516,,3.698910317718867,true,,,,,,0.1128226225015688,279.6299534838803,2478.4918776373243
concentrated,400,twostep,true,,0.14072207375996237,1.0872621533857043,,2.140722073759963,true,,,,,,0.13396290046451345,6.246844966973994,46.63115642698982
concentrated,1,cue,false,,,,,110.08425519708004,true,,,,,,0.10586575514371627,1.7916853968828836e11,1.692412616762249e12
concentrated,2,cue,true,,0.2512692644944119,2.1737279411243042,,2.251269264494412,true,,,,,,0.08073196808784648,19.242187808585815,238.34657155450375
concentrated,3,cue,false,,,,,149.79721112753094,true,,,,,,0.1404232464845642,8.043113311700061e11,5.727764820324238e12
concentrated,4,cue,true,,-0.7632789939775002,0.18659112369255026,,1.2367210060224998,true,,,,,,0.05646105746288725,0.6170236408062625,10.928304720680124
concentrated,5,cue,true,,-0.5003275693621834,0.33245029409436166,,1.4996724306378164,true,,,,,,0.08570909349489247,1.2756376442879778,14.883340755015626
concentrated,6,cue,true,,-0.03349846713747984,0.6785211585269938,,1.9665015328625204,true,,,,,,0.1337545774556454,3.348687345144296,25.036057896820466
concentrated,7,cue,true,,-0.17305724294907843,0.7369284700161732,,1.8269427570509218,true,,,,,,0.10334302202715934,3.5876628740078758,34.716063103564075
concentrated,8,cue,false,,,,,160.62418256241736,true,,,,,,0.11572900372903588,1.5704984523885786e12,1.3570482781185021e13
concentrated,9,cue,true,,1.1930905752647214,4.343719158843153,,3.1930905752647214,true,,,,,,0.11624796370617622,73.38643023165675,631.292178305552
concentrated,10,cue,true,,-0.44619730770059607,0.4026936592648149,,1.553802692299404,true,,,,,,0.089892671268395,1.5696683575451007,17.46158319023026
concentrated,11,cue,true,,-0.6143509760649519,0.15415675512537663,,1.3856490239350485,true,,,,,,0.06017406650317744,0.8170303527304559,13.577781928487637
concentrated,12,cue,true,,-0.31639428232197075,0.5559394142988077,,1.6836057176780297,true,,,,,,0.09770712031042511,2.020538884397798,20.67954595303134
concentrated,13,cue,true,,-0.23908664338846441,0.725874326357188,,1.7609133566115356,true,,,,,,0.09787698578279959,3.18732435601965,32.56459453188202
concentrated,14,cue,true,,-0.16498258128517107,0.4779447559369483,,1.8350174187148292,true,,,,,,0.1260013166353223,1.9029509230288988,15.102627288701198
concentrated,15,cue,true,,0.9849320938522514,3.5308201974684335,,2.9849320938522514,true,,,,,,0.12618103955464957,48.798719085517185,386.7357509317574
concentrated,16,cue,true,,0.8192221016307848,4.368445505048107,,2.8192221016307846,true,,,,,,0.08353872225491203,71.17809604828786,852.037164646753
concentrated,17,cue,false,,,,,144.83130721731303,true,,,,,,0.10227959553145677,1.141620262713823e12,1.1161759652859695e13
concentrated,18,cue,true,,-0.49001468381994795,0.6512693393608365,,1.5099853161800525,true,,,,,,0.07308577706368538,2.443407647637191,33.432054030267174
concentrated,19,cue,true,,-0.6507323879688638,0.3461865709052581,,1.3492676120311364,true,,,,,,0.06898749635861001,0.9840428333076303,14.264075162148082
concentrated,20,cue,true,,-0.752497587600365,0.16394449760003196,,1.2475024123996354,true,,,,,,0.05413280520391952,0.6400076828088462,11.822917367720416
concentrated,21,cue,true,,1.0325917080411164,4.545887795847977,,3.0325917080411164,true,,,,,,0.10716481708111474,79.09187666438987,738.0395807004829
concentrated,22,cue,true,,-0.5188187139112772,0.3217929478461045,,1.4811812860887232,true,,,,,,0.08417863261782348,1.1476975043336584,13.634071600382017
concentrated,23,cue,true,,-0.3460345277727599,0.39351230742187165,,1.65396547222724,true,,,,,,0.10468585442978412,1.567762147088382,14.975873823907376
concentrated,24,cue,false,,,,,136.36417150920997,true,,,,,,0.10874270483512162,6.112338585947172e11,5.620918290762447e12
concentrated,25,cue,true,,-0.12814914771650998,0.6692511011051179,,1.87185085228349,true,,,,,,0.11828239228738863,2.797678105778803,23.65253231420391
concentrated,26,cue,true,,1.7572364058851906,12.719294755286061,,3.7572364058851906,true,,,,,,0.07812033081027508,561.3483016096994,7185.687717746657
concentrated,27,cue,true,,-0.3346337236923429,0.3553224135794068,,1.665366276307657,true,,,,,,0.10513838358093573,1.573587801241195,14.96682512747444
concentrated,28,cue,true,,0.8112211699734457,3.453100145397969,,2.8112211699734457,true,,,,,,0.1064267539053291,46.66273753130523,438.44931672738625
concentrated,29,cue,false,,,,,91.94004262424687,true,,,,,,0.07326463401064175,1.1046740594126111e11,1.5077862250047632e12
concentrated,30,cue,false,,,,,146.8154265246781,true,,,,,,0.1178216072721555,9.435210439298639e11,8.008047638922712e12
concentrated,31,cue,true,,0.5931870035064026,2.414631214482061,,2.5931870035064026,true,,,,,,0.12892357779089025,24.53759609741387,190.32667660847136
concentrated,32,cue,false,,,,,252.4014377816623,true,,,,,,0.11877071406574778,2.126469484018552e13,1.7903988375799478e14
concentrated,33,cue,true,,-0.07296996214062346,0.611121738654861,,1.927030037859377,true,,,,,,0.12758182012309513,2.7700667012884406,21.712080127213966
concentrated,34,cue,true,,-0.6239479230059284,0.2867466672089229,,1.3760520769940716,true,,,,,,0.07347735599335879,0.8308643280581112,11.307760286491641
concentrated,35,cue,false,,,,,139.36484273981188,true,,,,,,0.12442925327113372,5.44008743031697e11,4.3720325303752456e12
concentrated,36,cue,true,,-0.24759133842118497,0.6232523967439821,,1.752408661578815,true,,,,,,0.10684256611637173,2.5226139740251976,23.610570821348436
concentrated,37,cue,true,,-0.39800544950217853,0.545075732115312,,1.601994550497822,true,,,,,,0.08996002688599743,2.1464627139324204,23.86018310835481
concentrated,38,cue,true,,-0.2752201365924858,1.0686962359092966,,1.7247798634075142,true,,,,,,0.07500030869358332,5.425099717939532,72.33436518380195
concentrated,39,cue,true,,-0.20866168130457408,0.5245248163793393,,1.791338318695426,true,,,,,,0.11851691837631906,2.082115581560675,17.568087409676558
concentrated,40,cue,false,,,,,161.23213864110346,true,,,,,,0.09060509506484309,2.3155222419394795e12,2.5556203437371113e13
concentrated,41,cue,false,,,,,88.91819319670905,true,,,,,,0.08385847549525101,7.894405990645697e10,9.413963161174764e11
concentrated,42,cue,true,,1.109266965751274,4.089425703889428,,3.109266965751274,true,,,,,,0.13697954389731712,64.59088862516259,471.53674765906175
concentrated,43,cue,true,,-0.4486574133202894,0.41786872788268414,,1.5513425866797106,true,,,,,,0.08752169885379588,1.6528908614465718,18.885497917581667
concentrated,44,cue,true,,-0.39386361465426245,0.5424061921551708,,1.6061363853457378,true,,,,,,0.09162577862645299,2.02172729127129,22.0650489586956
concentrated,45,cue,true,,-0.683759793485107,0.29282897114492346,,1.3162402065148928,true,,,,,,0.06594193532694907,0.9359865541599994,14.194101970457053
concentrated,46,cue,true,,2.2907495937052795,14.230293739352886,,4.2907495937052795,true,,,,,,0.11101849473566307,704.9633560102837,6349.963199274261
concentrated,47,cue,true,,-0.5998376835345376,0.2450547253615081,,1.4001623164654624,true,,,,,,0.07460134883912217,0.8803444475891302,11.800650541689176
concentrated,48,cue,true,,-0.17089786306336507,0.9218983737908334,,1.8291021369366354,true,,,,,,0.09749529764810581,4.451559309591109,45.65922066988629
concentrated,49,cue,true,,0.9508586541049531,3.3695554688434894,,2.9508586541049535,true,,,,,,0.12650796915100515,44.69752357951518,353.31784929819213
concentrated,50,cue,true,,-0.23531384775715902,0.623542218327488,,1.7646861522428408,true,,,,,,0.10891621104452325,2.6137098360722177,23.997436295353445
concentrated,51,cue,true,,-0.7523363217616088,0.20066471156375396,,1.247663678238391,true,,,,,,0.05848400338266027,0.6500290446996915,11.114646862434462
concentrated,52,cue,true,,1.3833375738095777,5.941333954238615,,3.383337573809578,true,,,,,,0.12850154985695894,130.61953233496016,1016.4821551207658
concentrated,53,cue,true,,-0.7262218196458323,0.18743492762685166,,1.273778180354168,true,,,,,,0.059599315727151395,0.6110303737059712,10.252305185906804
concentrated,54,cue,false,,,,,94.96373442079542,true,,,,,,0.11721180505556734,7.216948170894545e10,6.157185419568584e11
concentrated,55,cue,true,,0.043085660827238303,1.4383296885109709,,2.0430856608272383,true,,,,,,0.06586901499029456,10.140223985070067,153.9452804412541
concentrated,56,cue,true,,-0.9042690628214018,0.11788498557694405,,1.0957309371785982,true,,,,,,0.03658295175558771,0.4772593231687289,13.045949008087677
concentrated,57,cue,true,,-0.43038088460125423,0.314127749335476,,1.5696191153987455,true,,,,,,0.09515851042529683,1.0216818193252628,10.736631067037596
concentrated,58,cue,true,,-0.45447790380241293,0.4408739746487556,,1.545522096197587,true,,,,,,0.0881927783577969,1.5588239275584876,17.67518788482159
concentrated,59,cue,true,,-0.4829822050067709,0.36909963152799613,,1.517017794993229,true,,,,,,0.08753458766045985,1.3501981000463652,15.424738222149205
concentrated,60,cue,true,,1.8551681927086456,8.033723425243878,,3.8551681927086454,true,,,,,,0.14187397101200674,233.97923540963453,1649.2048100199645
concentrated,61,cue,true,,-0.5025665445854217,0.30271024529893936,,1.4974334554145787,true,,,,,,0.08687582310415634,1.0310339547236205,11.86790430160878
concentrated,62,cue,true,,2.8128945308853712,19.79108317243387,,4.812894530885371,true,,,,,,0.11137310216119949,1346.2914931031496,12088.120623187373
concentrated,63,cue,false,,,,,93.19015757329757,true,,,,,,0.07759572635341637,1.1606166233512556e11,1.495722352111414e12
concentrated,64,cue,true,,2.8672370384961283,29.66329924381937,,4.867237038496128,true,,,,,,0.07381942946395141,2974.2849811614856,40291.35693352835
concentrated,65,cue,true,,6.9015548140050065,153.54616785663342,,8.901554814005006,true,,,,,,0.08322588115964863,78011.56082595602,937347.3700603999
concentrated,66,cue,true,,-0.6592036820844185,0.17157619039295033,,1.3407963179155815,true,,,,,,0.06168538724231171,0.7646522351079683,12.396002834581742
concentrated,67,cue,false,,,,,73.97898645045099,true,,,,,,0.10495778429374725,1.6688705875867413e10,1.5900398420340533e11
concentrated,68,cue,true,,0.20666175296663258,1.2906295860541317,,2.2066617529666326,true,,,,,,0.1307691080569862,8.364146910029895,63.96118345003157
concentrated,69,cue,false,,,,,118.94619915849576,true,,,,,,0.09891902709845905,3.699675967610252e11,3.7401054944947847e12
concentrated,70,cue,true,,1.4228874366160977,8.626208070104038,,3.4228874366160977,true,,,,,,0.09450430300489224,264.7936578240214,2801.921705198056
concentrated,71,cue,false,,,,,88.83460094971794,true,,,,,,0.09912926650768925,4.285067013119786e10,4.3227062643375885e11
concentrated,72,cue,false,,,,,88.85502467301467,true,,,,,,0.14152611191636105,3.0857436507494965e10,2.1803352109136624e11
concentrated,73,cue,true,,-0.3121405922862721,0.49090375550615895,,1.6878594077137283,true,,,,,,0.10572158158065825,1.921581708706118,18.175869864754947
concentrated,74,cue,true,,-0.40466527240401384,0.27903520508452007,,1.5953347275959868,true,,,,,,0.09294087413872412,1.329085600671704,14.300334626591768
concentrated,75,cue,true,,-0.4232078958330885,0.578529721709981,,1.5767921041669115,true,,,,,,0.0852798923175856,2.203033714727405,25.832979555405892
concentrated,76,cue,true,,-0.11680188676915493,0.8976001227112833,,1.883198113230845,true,,,,,,0.10723031152671565,4.434589515901844,41.35574589650425
concentrated,77,cue,false,,,,,64.12741444775764,true,,,,,,0.08194439386485908,1.1012392699025887e10,1.3438860402320245e11
concentrated,78,cue,true,,-0.26921899675204153,0.6667522589549394,,1.7307810032479585,true,,,,,,0.08756599401143626,2.928499126216853,33.44333789934922
concentrated,79,cue,true,,-0.9043314788607841,0.16245707045641708,,1.0956685211392159,true,,,,,,0.04436869642558962,0.41052984067600595,9.252691058086464
concentrated,80,cue,true,,0.5414840887181307,1.9877716359892497,,2.5414840887181307,true,,,,,,0.1342667875693378,17.217247295484437,128.23161711970758
concentrated,81,cue,false,,,,,122.33633039068596,true,,,,,,0.10854465395718592,2.9709746392904755e11,2.7370990011745205e12
concentrated,82,cue,true,,0.33839595998330463,1.595369915335082,,2.338395959983305,true,,,,,,0.119023201754607,12.35601846472127,103.81184745975807
concentrated,83,cue,true,,-0.2520286753555716,0.45148212760427303,,1.7479713246444288,true,,,,,,0.10980955903274851,2.17282192329648,19.787183761010088
concentrated,84,cue,true,,1.0428065893626588,4.5101692079216225,,3.042806589362659,true,,,,,,0.09984841570266638,78.22283564133012,783.4158918882199
concentrated,85,cue,false,,,,,199.29468782801052,true,,,,,,0.07359234338773907,1.2688821043031379e13,1.7242039672764944e14
concentrated,86,cue,true,,0.1355105511774295,1.457983083270388,,2.13551055117743,true,,,,,,0.10944161211291945,9.81346600791138,89.66850742098043
concentrated,87,cue,true,,-0.14752317854534125,1.0040819764025986,,1.8524768214546592,true,,,,,,0.09734488874298347,5.158608315180762,52.9931091585185
concentrated,88,cue,false,,,,,115.28543144045838,true,,,,,,0.10737996651925938,2.377549750234501e11,2.2141464812322046e12
concentrated,89,cue,false,,,,,93.64264432058461,true,,,,,,0.09744216266792267,9.485431438618831e10,9.734422121709921e11
concentrated,90,cue,true,,0.021083150583565136,0.727378833176765,,2.021083150583565,true,,,,,,0.13941785376107055,3.6211536700649916,25.973385562732865
concentrated,91,cue,true,,-0.3217631781813972,0.3615312324082445,,1.6782368218186026,true,,,,,,0.10648888943394902,1.6327959874125273,15.333017332529213
concentrated,92,cue,false,,,,,195.49019092342218,true,,,,,,0.15502590875019465,3.1342346770451294e12,2.021748946555486e13
concentrated,93,cue,false,,,,,115.42515791373609,true,,,,,,0.10919909768875466,2.0547168603621597e11,1.8816243942039045e12
concentrated,94,cue,true,,0.0011198004423040864,1.0287039014895785,,2.001119800442304,true,,,,,,0.11243106273703299,5.4238356912534815,48.241433988215405
concentrated,95,cue,true,,-0.14004342110366697,1.2925899609965803,,1.8599565788963337,true,,,,,,0.07173473913216387,7.457409874463528,103.95813750328162
concentrated,96,cue,true,,-0.5184689542914609,0.3308878215543245,,1.4815310457085389,true,,,,,,0.07988078226884172,1.421651203452051,17.797161758724787
concentrated,97,cue,true,,-0.6535164540044178,0.1755436838141791,,1.3464835459955824,true,,,,,,0.06324916492268111,0.6648206035157165,10.511136460511786
concentrated,98,cue,true,,-0.2608666667523083,0.5199197252528067,,1.7391333332476917,true,,,,,,0.10583536413652958,2.3764990580916416,22.45467833441678
concentrated,99,cue,true,,-0.5671562438620914,0.3704324628473479,,1.4328437561379086,true,,,,,,0.0736695995291964,1.3891490639934563,18.856476387426472
concentrated,100,cue,true,,13.153750832786027,787.149994980893,,15.153750832786027,true,,,,,,0.0923104448012162,2.034647367613878e6,2.2041355905015327e7
concentrated,101,cue,false,,,,,159.3398582386939,true,,,,,,0.12395308905030274,1.3513871142813083e12,1.0902407714364322e13
concentrated,102,cue,true,,-0.5295033073724638,0.3147237925943052,,1.470496692627536,true,,,,,,0.08366191945627548,0.9998378039137481,11.95093072704717
concentrated,103,cue,true,,0.6103904636279682,3.537353933638557,,2.6103904636279682,true,,,,,,0.0925368854852732,48.5589625278147,524.7525056972295
concentrated,104,cue,true,,0.8345598987841698,3.595644506800786,,2.8345598987841694,true,,,,,,0.11654141356412032,50.954648638119934,437.22353350455137
concentrated,105,cue,true,,-0.11555408906095921,0.9955050082910626,,1.8844459109390412,true,,,,,,0.0998192910861276,5.186863704524619,51.96253798325627
concentrated,106,cue,true,,-0.18267659987712603,0.6722527126425109,,1.8173234001228744,true,,,,,,0.11280272757000565,2.8494243484309676,25.26024334529152
concentrated,107,cue,false,,,,,168.90957366387525,true,,,,,,0.11118788088768226,2.3718392795025103e12,2.1331814767640473e13
concentrated,108,cue,true,,-0.18139665166027208,0.5699085660215745,,1.8186033483397284,true,,,,,,0.11882632304272805,2.3782377594738815,20.014401679489023
concentrated,109,cue,false,,,,,78.14854869762877,true,,,,,,0.09279651058150613,2.990325549065075e10,3.222454734910077e11
concentrated,110,cue,false,,,,,78.64193238835244,true,,,,,,0.12115380157739047,1.6364127536439915e10,1.350690388859722e11
concentrated,111,cue,true,,-0.24480456466116207,0.9785168348454742,,1.7551954353388382,true,,,,,,0.07883823999815028,4.6807877702931915,59.37204801125714
concentrated,112,cue,true,,-0.11272564626628712,0.873485921597117,,1.8872743537337129,true,,,,,,0.10843216616465914,4.303022715614835,39.68400584269894
concentrated,113,cue,true,,-0.5918312063783531,0.22275001930931201,,1.4081687936216474,true,,,,,,0.07287957987999433,0.9643632751588866,13.232283675987647
concentrated,114,cue,true,,-0.12071084521891717,0.8452002030160184,,1.8792891547810828,true,,,,,,0.10948984739461934,4.178466466005841,38.16304950125617
concentrated,115,cue,false,,,,,150.02042615783208,true,,,,,,0.11714251560574539,1.2063564439673237e12,1.0298194790586832e13
concentrated,116,cue,true,,-0.5458749657882604,0.25005892178671596,,1.4541250342117396,true,,,,,,0.080470821086635,0.9202955675337279,11.436388433801817
concentrated,117,cue,true,,-0.7194190462840417,0.15430947404750744,,1.2805809537159587,true,,,,,,0.05425505003982041,0.7521148324958744,13.862577436457268
concentrated,118,cue,true,,-0.6259400560898247,0.3629401852506548,,1.3740599439101757,true,,,,,,0.07006467809233712,1.0891857831872094,15.545433345912029
concentrated,119,cue,true,,-0.324815065166691,0.4827398982835545,,1.675184934833309,true,,,,,,0.09786962299725747,2.2210660871225745,22.69413142814307
concentrated,120,cue,false,,,,,58.476767593266494,true,,,,,,0.092307498849427,3.615316236469752e9,3.916600797912524e10
concentrated,121,cue,false,,,,,164.67210323535917,true,,,,,,0.09296452168660264,3.0974321522643853e12,3.331843262428966e13
concentrated,122,cue,false,,,,,87.34764930168988,true,,,,,,0.0685061136550528,7.963041859469576e10,1.1623841194036624e12
concentrated,123,cue,true,,-0.039181856423700534,1.1987684134460488,,1.9608181435763,true,,,,,,0.10003580725236803,6.9279123380844,69.25432530980454
concentrated,124,cue,true,,0.43253521503666903,2.4542250120116886,,2.4325352150366695,true,,,,,,0.10185668452090363,24.710487857155993,242.60055168087433
concentrated,125,cue,true,,-0.4581462133768883,0.48322835850420526,,1.5418537866231117,true,,,,,,0.08476504569800866,1.7720528159118563,20.905466413893365
concentrated,126,cue,true,,-0.1603025780362144,0.8617436064913689,,1.839697421963786,true,,,,,,0.09899239551587659,4.365842414728728,44.102805998148874
concentrated,127,cue,true,,-0.3213250078539647,0.36471085639996587,,1.678674992146035,true,,,,,,0.10790861892713849,1.4727701292283295,13.648308576933655
concentrated,128,cue,true,,-0.2912569107648588,0.6003585896746821,,1.7087430892351412,true,,,,,,0.101184973191541,2.3630083819952765,23.35335284936185
concentrated,129,cue,true,,-0.12539393855042036,0.9166084228552397,,1.8746060614495799,true,,,,,,0.10221004680523035,4.449006138237189,43.528070647645194
concentrated,130,cue,false,,,,,82.72213132376179,true,,,,,,0.11096351494654108,2.8500469508260124e10,2.5684541015117267e11
concentrated,131,cue,true,,-0.12194682431792825,0.7680854162475086,,1.8780531756820722,true,,,,,,0.10827847935944096,3.6441135664560433,33.65501240887447
concentrated,132,cue,true,,1.1272764909623718,4.746627488154429,,3.1272764909623723,true,,,,,,0.1250262309920528,85.58962954365896,684.5733800381411
concentrated,133,cue,true,,1.1710831412521787,3.5487452346983885,,3.171083141252179,true,,,,,,0.15641524993365002,49.97381310615812,319.4945066248756
concentrated,134,cue,true,,-0.026138752566228884,0.5556697675614817,,1.9738612474337713,true,,,,,,0.14216609098858113,2.6423825031288675,18.5865875945137
concentrated,135,cue,true,,-0.338923576196009,0.6373636546392272,,1.6610764238039915,true,,,,,,0.0920663808938149,2.4630732951556533,26.753232518137626
concentrated,136,cue,true,,-0.6153969000297372,0.303343321739571,,1.3846030999702625,true,,,,,,0.07380187728927208,1.0189097907792868,13.806014537890306
concentrated,137,cue,true,,0.10355473848952945,1.1574278443010544,,2.1035547384895295,true,,,,,,0.1146084292294099,7.21110475696113,62.91949733057395
concentrated,138,cue,true,,-0.20072672420942084,0.785253781442886,,1.7992732757905792,true,,,,,,0.10105406084076213,3.6361446830762727,35.98217283723014
concentrated,139,cue,true,,-0.5597113856411264,0.3153801806762842,,1.4402886143588733,true,,,,,,0.0798107059294969,1.0847635401728462,13.591704615808101
concentrated,140,cue,true,,-0.7647627421944916,0.23820856550277114,,1.2352372578055082,true,,,,,,0.05846666776322351,0.7345709155217068,12.563926483659873
concentrated,141,cue,true,,-0.2077123792327087,0.6784205013370046,,1.7922876207672913,true,,,,,,0.10820304660818938,2.877499275513327,26.59351437610577
concentrated,142,cue,true,,-0.6994577025177653,0.17242290154728446,,1.300542297482235,true,,,,,,0.05907345407630704,0.7201554276141447,12.190846783462117
concentrated,143,cue,true,,0.4545488131775186,2.465045033548792,,2.4545488131775186,true,,,,,,0.10418421596699068,24.876249969478103,238.7717730424712
concentrated,144,cue,false,,,,,130.3695357227797,true,,,,,,0.12103217888562068,4.963221827391415e11,4.1007456637476714e12
concentrated,145,cue,true,,-0.32498433224031453,0.7611778239204704,,1.6750156677596855,true,,,,,,0.08454836648202708,3.368198312466414,39.837532676428594
concentrated,146,cue,true,,0.9947299869175619,6.372456640560654,,2.994729986917562,true,,,,,,0.07673773144395399,146.25562974980707,1905.9154733630096
concentrated,147,cue,true,,-0.532527534283838,0.18025910451411842,,1.467472465716162,true,,,,,,0.07172478460376491,1.002729921207416,13.98024304634554
concentrated,148,cue,true,,-0.25431235682163944,0.8189866752593923,,1.7456876431783606,true,,,,,,0.09272883293471625,3.6679849815757772,39.556035221085374
concentrated,149,cue,true,,-0.41205042970451067,0.38076261103309117,,1.5879495702954893,true,,,,,,0.09654752636339856,1.3764210078065897,14.256408834606816
concentrated,150,cue,true,,-0.4501278276421232,0.4784725406151729,,1.5498721723578772,true,,,,,,0.08767323705561274,1.7052899975965783,19.450519392991975
concentrated,151,cue,true,,-0.2384196560201255,0.5317318615625638,,1.7615803439798747,true,,,,,,0.11253883609977501,2.040992790701506,18.135897450476534
concentrated,152,cue,true,,0.11308860543037857,1.3810078851545824,,2.1130886054303786,true,,,,,,0.11147234702741826,8.926389515974225,80.07716491138963
concentrated,153,cue,false,,,,,219.1952924022397,true,,,,,,0.11380092065948413,1.0670795046576148e13,9.376721194115267e13
concentrated,154,cue,true,,-0.6864589001479247,0.130010191857726,,1.3135410998520753,true,,,,,,0.04752252827053327,0.9814958888215498,20.6532759207202
concentrated,155,cue,false,,,,,94.30223777086424,true,,,,,,0.0633424962299912,1.9340715171210614e11,3.053355381036157e12
concentrated,156,cue,true,,-0.03224844054764797,0.9701948434584958,,1.9677515594523525,true,,,,,,0.1113490118656906,5.093488414036831,45.74345410609128
concentrated,157,cue,true,,-0.34320587996397744,0.8131166055076212,,1.6567941200360226,true,,,,,,0.07353599890277837,3.609900538719349,49.09024957275664
concentrated,158,cue,true,,-0.07337807985496281,0.6329634215901185,,1.9266219201450372,true,,,,,,0.13191534238420013,2.716249966323965,20.59085711511065
concentrated,159,cue,true,,-0.33031212622714934,0.32534378927407703,,1.6696878737728507,true,,,,,,0.10731777824728661,1.3203594083876822,12.303268199843354
concentrated,160,cue,true,,-0.555785270963157,0.14118737063179349,,1.4442147290368426,true,,,,,,0.05611819026666506,1.3604604246195025,24.24277080488167
concentrated,161,cue,true,,2.846573004626482,16.46506403298971,,4.8465730046264826,true,,,,,,0.13398258127748386,941.4337016648727,7026.538022245756
concentrated,162,cue,false,,,,,77.27922817816292,true,,,,,,0.12360641457669672,1.8625746588426514e10,1.5068592234644424e11
concentrated,163,cue,true,,-0.5234596153468551,0.3427711695434932,,1.4765403846531449,true,,,,,,0.08360642644324238,1.2124191450061361,14.501506601639134
concentrated,164,cue,true,,0.416511537098061,1.3972542216625934,,2.4165115370980614,true,,,,,,0.1442500709588869,9.696813389756372,67.22224346440763
concentrated,165,cue,true,,1.9440607569575632,10.967997399503817,,3.944060756957563,true,,,,,,0.10657042634654226,424.6913736447939,3985.077175761653
concentrated,166,cue,true,,-0.3469109041062517,0.3719230895227871,,1.6530890958937483,true,,,,,,0.10446631649777313,1.4732738671861152,14.10286029581143
concentrated,167,cue,true,,-0.18985911566370994,0.8197803894130877,,1.8101408843362905,true,,,,,,0.09884531949318578,3.7118458019407097,37.552064386787656
concentrated,168,cue,true,,-0.5232710075184823,0.26675600270806377,,1.476728992481518,true,,,,,,0.08306465769253962,1.0447059172875017,12.577020676524512
concentrated,169,cue,true,,0.19815969684797663,1.2442583194368555,,2.1981596968479766,true,,,,,,0.13081088276724745,7.7541350782348015,59.27744629651173
concentrated,170,cue,true,,-0.2566276897439601,0.505701880461474,,1.7433723102560406,true,,,,,,0.11263545967268261,2.0348121978762994,18.065467160958377
concentrated,171,cue,true,,0.04448617334514271,0.9244378297602499,,2.0444861733451427,true,,,,,,0.13052915141466986,4.8886771482669396,37.45276128193317
concentrated,172,cue,true,,-0.5376834159707666,0.2729846039831231,,1.4623165840292334,true,,,,,,0.07859315303046138,1.2825064517782394,16.318297489364774
concentrated,173,cue,true,,2.2933289660224743,14.152977473719364,,4.293328966022474,true,,,,,,0.10107294570513431,695.7652651991136,6883.793287561917
concentrated,174,cue,true,,-0.10873369788448128,0.6279369269058975,,1.8912663021155183,true,,,,,,0.1254474674460956,2.632863016460008,20.987773368891173
concentrated,175,cue,false,,,,,110.74513869959358,true,,,,,,0.09509666590869652,2.3823973780640878e11,2.505237544659512e12
concentrated,176,cue,true,,-0.20063778975938895,0.7233742880173213,,1.7993622102406113,true,,,,,,0.10593359106123265,3.1624161626746865,29.852817515142288
concentrated,177,cue,true,,9.331148461840385,345.25023506679645,,11.331148461840385,true,,,,,,0.07518703614122438,392329.67845693656,5.218049528113075e6
concentrated,178,cue,true,,0.2029981895735673,1.8309258041838596,,2.202998189573567,true,,,,,,0.10235375274466779,14.57575994612612,142.40572089708218
concentrated,179,cue,false,,,,,168.4558289127537,true,,,,,,0.07931294971578223,3.6234913820346924e12,4.568599951230493e13
concentrated,180,cue,true,,-0.7135606811207937,0.21276702961634336,,1.286439318879207,true,,,,,,0.061164553302415325,0.8549678319262755,13.978158684476384
concentrated,181,cue,true,,-0.5022816395440195,0.4344888382705777,,1.4977183604559807,true,,,,,,0.0811550679946922,1.5986201549590322,19.698340405106766
concentrated,182,cue,true,,-0.18623507173998766,0.7343637983537704,,1.8137649282600121,true,,,,,,0.10352562796064817,3.435871847821356,33.1886115110298
concentrated,183,cue,true,,-0.7349439104608522,0.16244867395347695,,1.2650560895391476,true,,,,,,0.054926995816419355,0.6974498378417895,12.697760499643064
concentrated,184,cue,true,,0.2457070809501749,2.0337138204618834,,2.245707080950175,true,,,,,,0.09902525873986018,17.423566396229575,175.95072830863654
concentrated,185,cue,true,,-0.3940885058173478,0.2867006535024827,,1.605911494182652,true,,,,,,0.09556070049895678,1.4365145379352366,15.032482290676793
concentrated,186,cue,true,,0.6928609366731489,2.680443695999443,,2.6928609366731493,true,,,,,,0.12082013643151032,29.51694798623127,244.30487216808956
concentrated,187,cue,true,,-0.22269081709210226,0.6218008723216824,,1.7773091829078977,true,,,,,,0.10912692291658414,2.571570079741339,23.564946312167432
concentrated,188,cue,true,,0.3854314235499432,1.215215293326647,,2.385431423549943,true,,,,,,0.16594295633523476,7.81361847875923,47.08617136466045
concentrated,189,cue,true,,0.10859295877318109,1.1610132219815565,,2.108592958773181,true,,,,,,0.11374839120355135,7.178105206569939,63.1051141086014
concentrated,190,cue,true,,-0.1019668265765763,0.9787153259880123,,1.8980331734234237,true,,,,,,0.09911387204796043,5.114355332033208,51.60080245435685
concentrated,191,cue,true,,1.751475672931761,8.298312416295701,,3.751475672931761,true,,,,,,0.11882530154112464,247.285355407915,2081.0833400017186
concentrated,192,cue,false,,,,,120.53731273740146,true,,,,,,0.13773766907287893,2.114344337352347e11,1.5350516322688877e12
concentrated,193,cue,true,,-0.7092750516780546,0.32940100676407064,,1.2907249483219454,true,,,,,,0.06274294604840154,0.8928866884288695,14.230869678004497
concentrated,194,cue,false,,,,,120.0328199421852,true,,,,,,0.08442942667719679,5.553325463897505e11,6.577476221803341e12
concentrated,195,cue,true,,-0.7063139949980222,0.3163103759687917,,1.293686005001978,true,,,,,,0.06271997987441577,1.0371112119499741,16.535579476055034
concentrated,196,cue,false,,,,,66.40016374714732,true,,,,,,0.12146229385294088,7.225405853555097e9,5.948682199517141e10
concentrated,197,cue,true,,-0.4443494297788084,0.39433482478933,,1.555650570221192,true,,,,,,0.09090956377609656,1.5349099545972247,16.883921678225107
concentrated,198,cue,false,,,,,79.76470239726824,true,,,,,,0.161980588369937,1.1915081629236244e10,7.355870076248988e10
concentrated,199,cue,true,,11.88928668604758,407.5986122137801,,13.88928668604758,true,,,,,,0.13695051376777248,547139.5714241719,3.995162605610656e6
concentrated,200,cue,true,,-0.8311167307150114,0.10972642056594267,,1.1688832692849893,true,,,,,,0.033576996459494135,0.7531089261831698,22.429311897855083
concentrated,201,cue,true,,-0.21568980578352992,0.6861553263510966,,1.7843101942164705,true,,,,,,0.106597328687562,3.0666839313761654,28.7688628705195
concentrated,202,cue,true,,-0.4299863990861166,0.34103663767950365,,1.5700136009138834,true,,,,,,0.0872609449576014,1.5592408955786659,17.8687143066841
concentrated,203,cue,true,,2.298425272616396,16.034161823084272,,4.298425272616396,true,,,,,,0.09402252514905532,887.1682933119232,9435.699497598922
concentrated,204,cue,true,,-0.11109198958492761,0.528668781847892,,1.8889080104150724,true,,,,,,0.11881329071435212,2.743170776492367,23.08808012975104
concentrated,205,cue,true,,-0.21651746753426515,0.8526016339083216,,1.7834825324657348,true,,,,,,0.09653475369536219,3.9487300424343577,40.90475078949796
concentrated,206,cue,true,,-0.8881523439756966,0.10506284074762119,,1.1118476560243034,true,,,,,,0.029928240012306442,0.9544988055542747,31.892914690666284
concentrated,207,cue,false,,,,,154.25734990947336,true,,,,,,0.11399347725722121,1.2632038327960889e12,1.1081369418582834e13
concentrated,208,cue,true,,0.8829600704317433,3.629589907591848,,2.8829600704317437,true,,,,,,0.09923380893810642,50.6650397963654,510.56228052241676
concentrated,209,cue,true,,-0.7483029893864528,0.1637323543568069,,1.2516970106135472,true,,,,,,0.054429764262858726,0.6482434713346538,11.909724029008814
concentrated,210,cue,false,,,,,81.61628636291854,true,,,,,,0.07753497592719649,5.8834440488071396e10,7.58811617395942e11
concentrated,211,cue,false,,,,,68.00510745288734,true,,,,,,0.14569617285138214,6.201281834298799e9,4.256310727272456e10
concentrated,212,cue,true,,-0.5534859098991329,0.24482452822414555,,1.4465140901008673,true,,,,,,0.07864467485017212,0.9808886769341605,12.472410608892151
concentrated,213,cue,true,,0.8560919638571896,3.1651064426851088,,2.8560919638571893,true,,,,,,0.12082428086628602,40.57918243292592,335.8528777658039
concentrated,214,cue,true,,0.04116887533660307,0.9673430441469453,,2.041168875336603,true,,,,,,0.12488283984580803,5.156040123957858,41.28701853932842
concentrated,215,cue,true,,0.5183328879292577,2.061084279305194,,2.518332887929258,true,,,,,,0.11358684540327058,18.005066782945878,158.51366167465943
concentrated,216,cue,true,,-0.34830940202075045,0.41918064166428176,,1.6516905979792496,true,,,,,,0.10423040513178193,1.5802447226978829,15.161072440425876
concentrated,217,cue,true,,-0.7958353715895776,0.15102522589467832,,1.2041646284104228,true,,,,,,0.04853721013411724,0.7834429846511266,16.14107985371078
concentrated,218,cue,false,,,,,103.68716776088516,true,,,,,,0.16059690981445557,6.258983354986781e10,3.897324900098047e11
concentrated,219,cue,true,,-0.2722281068091328,0.6000466929088383,,1.7277718931908668,true,,,,,,0.10465042464775477,2.4669969260560594,23.573692456191935
concentrated,220,cue,true,,0.26798992388821796,1.7958182435838999,,2.267989923888219,true,,,,,,0.09170628305413593,14.75405588195997,160.8838063281921
concentrated,221,cue,true,,-0.22807818702039295,0.44897726305511826,,1.7719218129796077,true,,,,,,0.11661526708383356,2.038984121631057,17.484709957961606
concentrated,222,cue,true,,-0.5261202876284838,0.39028158236426796,,1.4738797123715166,true,,,,,,0.08140636984228639,1.2033114266141633,14.781538950151116
concentrated,223,cue,true,,-0.5798464454052075,0.23886346468164,,1.420153554594793,true,,,,,,0.07625860639271512,0.8936297568483946,11.718411850413279
concentrated,224,cue,true,,2.7736907408006246,16.62930050662625,,4.7736907408006255,true,,,,,,0.11298684971691747,963.1442626718965,8524.39257387035
concentrated,225,cue,true,,-0.3539190925043998,0.5915368019476709,,1.6460809074956004,true,,,,,,0.09226771686650571,2.245346730210463,24.33512832510057
concentrated,226,cue,true,,-0.567001401793874,0.33854698388845544,,1.432998598206126,true,,,,,,0.07779064170246584,0.9881724104624294,12.702972861979951
concentrated,227,cue,false,,,,,155.06350002625732,true,,,,,,0.12313714933970499,1.0485249808811473e12,8.51509870501002e12
concentrated,228,cue,true,,2.6701036804697003,17.3692506059711,,4.6701036804697,true,,,,,,0.10091445491114509,1039.382736453591,10299.641784408039
concentrated,229,cue,false,,,,,100.78982330045844,true,,,,,,0.15260106926246872,6.331809627608792e10,4.149256396571044e11
concentrated,230,cue,true,,-0.5118013857499031,0.3884739739642709,,1.488198614250097,true,,,,,,0.08361419878999045,1.2801660678838407,15.310390895440726
concentrated,231,cue,true,,-0.15312311119871547,0.7875223015268197,,1.8468768888012845,true,,,,,,0.10513508724507022,3.759978163116473,35.76330473148277
concentrated,232,cue,true,,5.364724158531347,76.19416959805255,,7.364724158531348,true,,,,,,0.08924936668457233,19336.809436710722,216660.4666792923
concentrated,233,cue,true,,-0.32259629922676925,0.4080358349792474,,1.6774037007732314,true,,,,,,0.10433974603888507,1.8357020386775962,17.593506869313938
concentrated,234,cue,true,,-0.33996984522773754,0.3920594357013831,,1.6600301547722627,true,,,,,,0.10562491565311855,1.5400003348561904,14.579896469822387
concentrated,235,cue,true,,1.7002361606867327,11.21132923911069,,3.700236160686733,true,,,,,,0.06984485124572655,442.07246825135724,6329.349413259798
concentrated,236,cue,true,,8.604955721291047,176.97043582352111,,10.604955721291047,true,,,,,,0.1280712589870068,103631.73542713246,809172.457948947
concentrated,237,cue,true,,0.15947113755793962,1.747934317966068,,2.15947113755794,true,,,,,,0.09670863829030009,13.261388377780282,137.127237155095
concentrated,238,cue,true,,-0.3918751241701093,0.5033680120476246,,1.6081248758298912,true,,,,,,0.0934544382793227,1.79413854827173,19.19800259147984
concentrated,239,cue,true,,1.1664286091579066,3.4913906617554433,,3.1664286091579066,true,,,,,,0.16157512157191264,48.652483184516306,301.1137030948321
concentrated,240,cue,false,,,,,144.95142290302712,true,,,,,,0.11541332221420718,8.723591773747714e11,7.558565689285612e12
concentrated,241,cue,true,,-0.7883909085386274,0.16307840325771106,,1.2116090914613726,true,,,,,,0.051690367233198836,0.6132582472686533,11.864072168455788
concentrated,242,cue,true,,-0.5980766168440357,0.3139013903958689,,1.4019233831559643,true,,,,,,0.0715636297162287,1.30918493010693,18.293998436052526
concentrated,243,cue,true,,-0.6696873735939972,0.202406097991494,,1.3303126264060028,true,,,,,,0.06463696449145492,0.8385082497902565,12.9725808813486
concentrated,244,cue,true,,-0.1426703594583434,1.3983265496516808,,1.8573296405416566,true,,,,,,0.07734337320245638,8.77272224210237,113.42564823412374
concentrated,245,cue,false,,,,,154.20823197828022,true,,,,,,0.12341059726817492,1.0263649522490782e12,8.316667895373332e12
concentrated,246,cue,true,,-0.28929853764381797,0.7095536735650863,,1.710701462356183,true,,,,,,0.09145849435615286,3.092248968682512,33.810407556468604
concentrated,247,cue,true,,-0.44030101959186063,0.5465067655178619,,1.5596989804081394,true,,,,,,0.08466645094241645,2.036882330652539,24.057726619931998
concentrated,248,cue,true,,0.737765032169488,2.9044192343604065,,2.7377650321694884,true,,,,,,0.12662266807954756,34.00883524114238,268.5840991739107
concentrated,249,cue,true,,0.47481052129761814,3.313632868110279,,2.474810521297618,true,,,,,,0.08636046946939946,42.398430080760654,490.9471930995454
concentrated,250,cue,true,,1.520100483306106,6.0690650327152795,,3.5201004833061065,true,,,,,,0.13485469765115288,136.9148615899043,1015.2769163746948
concentrated,251,cue,true,,-0.4344802146578144,0.1982226509801328,,1.5655197853421856,true,,,,,,0.08296110672532162,1.2072036843687437,14.551441416587053
concentrated,252,cue,true,,1.3749541178635423,4.390214872430635,,3.3749541178635423,true,,,,,,0.13311921977051283,75.16041472027345,564.6097900051109
concentrated,253,cue,true,,-0.11788029866706284,0.5363598698502774,,1.8821197013329376,true,,,,,,0.13198303319502194,2.2405943137492557,16.976381429562153
concentrated,254,cue,true,,0.6301943807192076,2.8061026654996937,,2.6301943807192076,true,,,,,,0.11158080499287429,32.458342986332035,290.89540076722756
concentrated,255,cue,true,,-0.13135184618764817,0.9846384630130387,,1.8686481538123516,true,,,,,,0.09808258640929715,4.936909713409444,50.33421215880049
concentrated,256,cue,true,,17.49222442694629,1859.5022224557902,,19.49222442694629,true,,,,,,0.07347870417405825,1.1334094030360112e7,1.5425005323326904e8
concentrated,257,cue,true,,-0.12604283612737155,0.9496993691701409,,1.873957163872629,true,,,,,,0.10179446011456132,4.700264268805649,46.17406746414183
concentrated,258,cue,true,,3.2685023828756576,22.203827675067586,,5.268502382875658,true,,,,,,0.12739383536128285,1691.390232531162,13276.86090723668
concentrated,259,cue,true,,-0.7087685973165547,0.16289618901996192,,1.291231402683445,true,,,,,,0.05689735829926273,0.6810593523144339,11.969964382744621
concentrated,260,cue,true,,-0.7879489974702523,0.11629733775028586,,1.2120510025297482,true,,,,,,0.038255715658686545,0.8401706153595034,21.961963092140714
concentrated,261,cue,false,,,,,146.5509792437696,true,,,,,,0.12335340147770645,7.54238330424882e11,6.1144510113991045e12
concentrated,262,cue,true,,-0.28381739385822513,0.619242864370529,,1.7161826061417749,true,,,,,,0.10094969879357965,2.624261961218912,25.995738398238924
concentrated,263,cue,false,,,,,118.36427901101911,true,,,,,,0.11149718308521879,2.83463172675001e11,2.5423348360141646e12
concentrated,264,cue,false,,,,,197.2860268868001,true,,,,,,0.12786282056758722,4.152608740977549e12,3.2477061921080605e13
concentrated,265,cue,true,,-0.24113527601551543,0.6922927789588509,,1.7588647239844846,true,,,,,,0.09800812971005797,3.1304857119191194,31.941082042685455
concentrated,266,cue,true,,-0.8203835382844582,0.1584222583739353,,1.1796164617155418,true,,,,,,0.04921404128353829,0.5220298654383875,10.607335870484636
concentrated,267,cue,true,,-0.6176646192178481,0.2610284732788377,,1.3823353807821521,true,,,,,,0.07293436747631785,0.9405441250960933,12.89576036155373
concentrated,268,cue,false,,,,,66.76011544180447,true,,,,,,0.15052196863222825,5.584199672756399e9,3.70989013995713e10
concentrated,269,cue,true,,-0.42177509028441507,0.35581161146570006,,1.578224909715585,true,,,,,,0.0963700706762588,1.1888463365386808,12.336260917898842
concentrated,270,cue,true,,-0.23409024202425455,0.37199263028009627,,1.7659097579757457,true,,,,,,0.11890833400077808,1.7330724489183504,14.574861076659355
concentrated,271,cue,false,,,,,116.21461429973048,true,,,,,,0.12171741187107667,2.3038534844665115e11,1.892788754748382e12
concentrated,272,cue,true,,0.6910009066159839,2.765150255336016,,2.691000906615984,true,,,,,,0.12763731936689676,31.288625332827397,245.13696689984093
concentrated,273,cue,true,,-0.11818132622667421,0.9153139561732284,,1.8818186737733258,true,,,,,,0.0974873868986565,4.402283298375675,45.157465375003746
concentrated,274,cue,true,,-0.2999077621956747,0.5025659061428903,,1.7000922378043255,true,,,,,,0.10604686395544027,1.8811531650378153,17.73888538399641
concentrated,275,cue,true,,-0.15946221187804732,0.6421329000451321,,1.8405377881219527,true,,,,,,0.11770561558850928,2.78086639778311,23.6256051495863
concentrated,276,cue,true,,0.32606069782903013,1.5188560407808278,,2.326060697829031,true,,,,,,0.12846015012588105,11.289517469979987,87.88342111477473
concentrated,277,cue,true,,0.5413246845824475,2.5776049832474452,,2.5413246845824475,true,,,,,,0.10380823205177599,28.014015007433866,269.8631356467128
concentrated,278,cue,false,,,,,84.96813458874855,true,,,,,,0.1151942865978573,3.8768609311273834e10,3.3654975829326385e11
concentrated,279,cue,true,,-0.6185814183504659,0.3813798047099952,,1.381418581649534,true,,,,,,0.0707034879088175,1.1989069050004488,16.956828304518933
concentrated,280,cue,true,,-0.21932207351730826,0.5956943744492256,,1.7806779264826917,true,,,,,,0.11313386906854414,2.43623554441347,21.53409553188209
concentrated,281,cue,true,,-0.5457755082167501,0.33600806626931334,,1.4542244917832499,true,,,,,,0.08151589401253607,1.129793181715425,13.859790110891474
concentrated,282,cue,true,,4.138513164728988,50.14957992971745,,6.138513164728988,true,,,,,,0.08305583874315935,8423.154311065777,101415.55896044124
concentrated,283,cue,true,,5.110882974913622,78.93857481927668,,7.110882974913624,true,,,,,,0.08835937888337961,20741.809303216523,234743.72008196695
concentrated,284,cue,true,,-0.28784831024728263,0.7532884138719895,,1.7121516897527171,true,,,,,,0.07976232538885387,3.650413180242827,45.766132850897826
concentrated,285,cue,true,,-0.645176135895978,0.20528271428879585,,1.3548238641040227,true,,,,,,0.06760684118917198,0.7123970864571556,10.537352047905681
concentrated,286,cue,true,,-0.6344571318634384,0.18998287983829948,,1.3655428681365618,true,,,,,,0.06710921625152702,0.6740325494134531,10.043814949159326
concentrated,287,cue,true,,-0.5009555658594478,0.31744312140350067,,1.4990444341405522,true,,,,,,0.08625928980504713,1.1850657395440716,13.738412897004075
concentrated,288,cue,true,,-0.6136999267662038,0.19657969981038384,,1.3863000732337958,true,,,,,,0.06871489768795079,0.8882103718817382,12.926023348172526
concentrated,289,cue,true,,0.009728126867903253,1.1260547614478174,,2.0097281268679033,true,,,,,,0.11079558850977711,6.342744591563565,57.2472665823139
concentrated,290,cue,false,,,,,75.00929764192657,true,,,,,,0.11117465311921147,1.822798652526595e10,1.6395811467673535e11
concentrated,291,cue,false,,,,,62.42654715356913,true,,,,,,0.11098067446011473,6.107976508588374e9,5.5036397447589096e10
concentrated,292,cue,true,,2.5568600950979015,13.839492498073565,,4.5568600950979015,true,,,,,,0.13156011797959316,672.2580316232338,5109.892283066442
concentrated,293,cue,true,,-0.27546696143362825,0.5831112627995358,,1.7245330385663722,true,,,,,,0.10501353237402652,2.311007909389508,22.006762910882713
concentrated,294,cue,true,,-0.5374887842155729,0.17402227411693794,,1.4625112157844276,true,,,,,,0.0695449342787521,1.1701823071527775,16.82627669849277
concentrated,295,cue,true,,-0.6814787728161573,0.15885531365888925,,1.3185212271838427,true,,,,,,0.0574734774399728,0.7482189559731296,13.01850852429443
concentrated,296,cue,true,,0.24457867614712292,1.4149737302356542,,2.2445786761471234,true,,,,,,0.12420709043445091,9.7546636726566,78.53548165838832
concentrated,297,cue,true,,2.3058043307104756,15.048088156759782,,4.305804330710477,true,,,,,,0.08399548067838941,781.9538640478833,9309.475435254775
concentrated,298,cue,true,,0.5513300184203496,3.395252407429116,,2.55133001842035,true,,,,,,0.09225936279068513,44.511634218181946,482.4619732001446
concentrated,299,cue,true,,-0.39680709164284167,0.3489557143065147,,1.6031929083571588,true,,,,,,0.09832916448235046,1.293253233734048,13.152285393070535
concentrated,300,cue,true,,2.251507863481984,17.88641207826873,,4.251507863481984,true,,,,,,0.07078951727998434,1094.7358273534455,15464.66015615819
concentrated,301,cue,true,,-0.3821535922431516,0.4460652613688264,,1.617846407756848,true,,,,,,0.09017490754099079,1.7597458938768948,19.514806744625353
concentrated,302,cue,true,,-0.06738361434004769,1.4756692315957385,,1.932616385659953,true,,,,,,0.08125698575813152,9.619036840606407,118.37796776314478
concentrated,303,cue,false,,,,,179.53327024985236,true,,,,,,0.1681057015956948,1.7223462991596206e12,1.0245615007764438e13
concentrated,304,cue,true,,-0.5178924348598501,0.2657383182331727,,1.4821075651401499,true,,,,,,0.08431091268623464,0.8886075427293227,10.539650377600584
concentrated,305,cue,true,,1.4503342162195207,7.192337608060455,,3.4503342162195207,true,,,,,,0.1126066531666999,187.37692320041776,1663.9951364421597
concentrated,306,cue,true,,6.988896819796098,128.45289309106658,,8.988896819796098,true,,,,,,0.1012732756862787,54758.48711611508,540700.2661367869
concentrated,307,cue,true,,-0.5928070868547115,0.18138013194824476,,1.4071929131452887,true,,,,,,0.0681589822862781,0.8150729101010095,11.958407868790927
concentrated,308,cue,true,,-0.544302200987403,0.2857229496432531,,1.4556977990125974,true,,,,,,0.021907978301433543,6.026566237982882,275.0854576840865
concentrated,309,cue,false,,,,,66.4276409421017,true,,,,,,0.08801881543902063,1.203779938153214e10,1.3676393304647368e11
concentrated,310,cue,true,,-0.06623466377154874,0.6089585935933381,,1.9337653362284515,true,,,,,,0.13549892146444525,2.6561631777781765,19.602836310952853
concentrated,311,cue,true,,-0.16144270989416554,0.5504031364791272,,1.838557290105835,true,,,,,,0.117352767671123,2.5557669299240073,21.778497266348708
concentrated,312,cue,true,,-0.010983748915010416,1.2981366223448132,,1.9890162510849898,true,,,,,,0.09376764185153588,8.144233051288808,86.85547477224317
concentrated,313,cue,true,,-0.5617674780125816,0.4294525412225678,,1.4382325219874188,true,,,,,,0.0756862704243527,1.3377678087687275,17.675171484447848
concentrated,314,cue,true,,-0.07899884259076972,1.1561703057362787,,1.9210011574092305,true,,,,,,0.08787543849930915,6.312688963873499,71.83678479081647
concentrated,315,cue,true,,-0.10609018561721362,0.8141889488936895,,1.8939098143827862,true,,,,,,0.11289704063801927,3.958238662821352,35.06060602166372
concentrated,316,cue,true,,0.4666196732100403,2.0351888625214194,,2.4666196732100403,true,,,,,,0.12281328865819374,17.75885349903935,144.60042307363562
concentrated,317,cue,true,,1.3332040273655261,4.955420076350285,,3.333204027365526,true,,,,,,0.14238314371991662,93.59262375697142,657.3293812157881
concentrated,318,cue,true,,-0.39305317303617393,0.44691990724359826,,1.606946826963826,true,,,,,,0.09489188715673325,1.7881117669320363,18.843673790348443
concentrated,319,cue,true,,-0.8139721306353442,0.1299291651911283,,1.1860278693646558,true,,,,,,0.04335274666907646,0.6683481543400582,15.416512347919847
concentrated,320,cue,false,,,,,94.94922226840906,true,,,,,,0.1093870221925394,7.16736297569451e10,6.552297367670139e11
concentrated,321,cue,true,,1.0603842387025195,4.835999923567184,,3.0603842387025195,true,,,,,,0.11348807391979869,87.76287434506956,773.3224409737629
concentrated,322,cue,true,,-0.6216887400916675,0.29163742593708164,,1.3783112599083325,true,,,,,,0.07382896347043444,0.8673749883623514,11.748437843228025
concentrated,323,cue,true,,-0.1779345253046074,0.5856939735209401,,1.8220654746953922,true,,,,,,0.11722864513325945,2.6589492658338587,22.681736727497814
concentrated,324,cue,true,,0.6061038695911383,2.54590349239904,,2.6061038695911383,true,,,,,,0.1228006897231982,26.759927354428587,217.913493928637
concentrated,325,cue,true,,7.150330981846725,134.14612059182852,,9.150330981846725,true,,,,,,0.1162573824956719,59661.82113882654,513187.3766472221
concentrated,326,cue,true,,-0.13521487974273882,0.787051960110545,,1.864785120257261,true,,,,,,0.09676728546525575,3.5501441440380845,36.68744170066404
concentrated,327,cue,true,,-0.5326269407282007,0.33702854167178264,,1.467373059271799,true,,,,,,0.08306784254026241,1.0828969899136989,13.036296077977783
concentrated,328,cue,true,,0.26847406852944733,1.5439158892856937,,2.2684740685294473,true,,,,,,0.1147456597818578,10.785485682071355,93.9947158138754
concentrated,329,cue,true,,1.0586263646335983,3.956772592549144,,3.0586263646335983,true,,,,,,0.1362894808619397,60.74365037766553,445.69580860901823
concentrated,330,cue,true,,-0.24309620203695625,0.6518281774368634,,1.7569037979630437,true,,,,,,0.10394533264527353,2.812975851125847,27.062069835549803
concentrated,331,cue,true,,-0.2274262703398935,0.4574846369704492,,1.7725737296601072,true,,,,,,0.11984683016554626,1.8242120462819327,15.22119561912585
concentrated,332,cue,true,,-0.3499121526645832,0.45503438564340065,,1.650087847335417,true,,,,,,0.10171559041171209,1.7660004064311612,17.362140840779254
concentrated,333,cue,true,,0.5346611693591161,2.322358583040157,,2.534661169359116,true,,,,,,0.09996795278534223,22.85124924592736,228.585747824556
concentrated,334,cue,false,,,,,70.30121298494939,true,,,,,,0.12304998037239484,1.0314137765685968e10,8.382071849561914e10
concentrated,335,cue,true,,-0.1138392773662078,0.9192871307020246,,1.8861607226337924,true,,,,,,0.10706740374201817,4.597989851654433,42.94481505065178
concentrated,336,cue,false,,,,,102.9795328556248,true,,,,,,0.0793042053483977,1.8995277627028952e11,2.3952421619483184e12
concentrated,337,cue,true,,-0.5302606674741133,0.2792539736092091,,1.4697393325258867,true,,,,,,0.08271373449652303,1.0283934867881572,12.43316473434514
concentrated,338,cue,true,,0.6544702438638308,2.6440920696999752,,2.654470243863831,true,,,,,,0.12543552445968228,28.634558345337016,228.28109077297944
concentrated,339,cue,true,,-0.08187416618258658,1.1316170461845532,,1.9181258338174134,true,,,,,,0.09787209398153668,6.272199937744395,64.08568247173325
concentrated,340,cue,true,,1.1750087721545879,5.466854924116072,,3.175008772154588,true,,,,,,0.11112381357071842,110.86834659597217,997.7010600470107
concentrated,341,cue,true,,-0.26633970958994024,0.512848831378645,,1.7336602904100598,true,,,,,,0.1113545198870729,2.0051199058932214,18.006632401869794
concentrated,342,cue,false,,,,,113.04151787459509,true,,,,,,0.0837691072460365,3.033551819789624e11,3.6213252349459116e12
concentrated,343,cue,true,,0.00039152207439041575,1.0650558128908147,,2.000391522074391,true,,,,,,0.1048705051757105,6.101729291717797,58.183464278105184
concentrated,344,cue,true,,-0.2987630656836997,0.535358679099455,,1.7012369343163003,true,,,,,,0.10228993362667299,2.301655554128076,22.501290914200958
concentrated,345,cue,false,,,,,157.96893340338193,true,,,,,,0.12720277387978735,1.2374645333381968e12,9.728282612041617e12
concentrated,346,cue,true,,0.34846519623781536,2.388671515078555,,2.3484651962378154,true,,,,,,0.09489089388143299,23.20221321388219,244.5146448180113
concentrated,347,cue,true,,-0.43664862658178927,0.33852459171805205,,1.5633513734182105,true,,,,,,0.09268939133704478,1.378100804611618,14.86794534663039
concentrated,348,cue,true,,-0.7364031812901628,0.12098775444537846,,1.2635968187098368,true,,,,,,0.041315965067933724,0.9712761106112161,23.508493847697775
concentrated,349,cue,true,,-0.6339125512459969,0.1975853521973127,,1.366087448754003,true,,,,,,0.0679813697501559,0.7313946038949477,10.758750619220503
concentrated,350,cue,true,,-0.18781073703231144,0.5333302518150723,,1.8121892629676883,true,,,,,,0.11733597676002899,2.319223904949835,19.76566752150555
concentrated,351,cue,true,,11.37898698037627,525.1227053368971,,13.37898698037627,true,,,,,,0.0921023164640352,906557.9740434851,9.84294433460297e6
concentrated,352,cue,false,,,,,151.4517947723371,true,,,,,,0.10960021571544654,1.2408793758263333e12,1.1321869831424516e13
concentrated,353,cue,true,,-0.3440175871129385,0.7990850851593451,,1.6559824128870613,true,,,,,,0.07997927343064375,3.63162339697218,45.407056618505585
concentrated,354,cue,true,,4.115966289403129,32.84766765867977,,6.115966289403129,true,,,,,,0.1415342698687383,3664.4434228001846,25890.856159421055
concentrated,355,cue,true,,-0.6877861680793522,0.3428183097352775,,1.3122138319206478,true,,,,,,0.06530072472463254,1.0188688643523216,15.602719091538459
concentrated,356,cue,true,,-0.6028364670105888,0.3045610135585198,,1.3971635329894116,true,,,,,,0.07543811275265788,1.0134782455067382,13.434565215459088
concentrated,357,cue,true,,-0.8148148698676676,0.17463086860928975,,1.1851851301323326,true,,,,,,0.051682593288341835,0.5162298661072677,9.988466778885783
concentrated,358,cue,true,,-0.325789572929017,0.4744250823095978,,1.674210427070983,true,,,,,,0.10309761875085799,1.9611559005872252,19.022320053060433
concentrated,359,cue,false,,,,,105.5458887296214,true,,,,,,0.12813618925748424,1.1524052976822063e11,8.993597393211816e11
concentrated,360,cue,false,,,,,84.00757007101544,true,,,,,,0.08263449929081126,5.4304401644908394e10,6.571638009664434e11
concentrated,361,cue,true,,-0.4437478319873167,0.2721817569842011,,1.556252168012683,true,,,,,,0.09107609736454372,1.2335470735391911,13.544136268836391
concentrated,362,cue,true,,0.05154468782852861,0.8188916093702463,,2.0515446878285295,true,,,,,,0.1301472382224073,4.380469756246547,33.65780031967183
concentrated,363,cue,false,,,,,249.74954157913055,true,,,,,,0.1315279490758423,1.4164570605865232e13,1.0769247681112694e14
concentrated,364,cue,false,,,,,156.0431720885966,true,,,,,,0.0845845867752717,2.1211496462632258e12,2.5077259665508516e13
concentrated,365,cue,true,,0.2730210000192792,1.830858252097506,,2.2730210000192788,true,,,,,,0.10816283729212953,14.517827526852294,134.2219554359701
concentrated,366,cue,true,,0.5992611992112544,3.050555958737359,,2.5992611992112544,true,,,,,,0.09753579116400724,36.93904502765147,378.7229752977362
concentrated,367,cue,true,,2.268706789644276,11.992936775361876,,4.268706789644275,true,,,,,,0.1288362712603655,508.1091270795918,3943.836018451302
concentrated,368,cue,true,,-0.5676959789759657,0.2848388583417937,,1.4323040210240345,true,,,,,,0.07955173383502628,0.8578136797104481,10.783092188655182
concentrated,369,cue,true,,1.0400200698807547,4.68618897012354,,3.0400200698807547,true,,,,,,0.11679446135303702,82.96228532003317,710.3272223608393
concentrated,370,cue,true,,-0.5293074962703586,0.2669930478065392,,1.4706925037296414,true,,,,,,0.08302677253002827,0.8743419431793173,10.5308434440601
concentrated,371,cue,false,,,,,150.42099805217424,true,,,,,,0.11054429332357227,1.0901150653993752e12,9.861341844291486e12
concentrated,372,cue,true,,-0.4785092267978752,0.164610683019742,,1.5214907732021254,true,,,,,,0.0688808098397688,1.7344958196867433,25.181118278393416
concentrated,373,cue,true,,0.508574756713041,1.8109560434967338,,2.508574756713041,true,,,,,,0.13331184363769202,14.845855622890033,111.36186566616935
concentrated,374,cue,false,,,,,80.2918168482556,true,,,,,,0.08843656307060796,3.8367587067007355e10,4.338430365772422e11
concentrated,375,cue,true,,-0.32184028079984484,0.5803315928206118,,1.678159719200155,true,,,,,,0.09889123964569098,2.2418599211783117,22.669954681632884
concentrated,376,cue,true,,-0.49840416624845085,0.4322021755968541,,1.5015958337515496,true,,,,,,0.08355807883362697,1.4307205963595369,17.12246878256086
concentrated,377,cue,true,,-0.3842675451915598,0.5831494893079695,,1.61573245480844,true,,,,,,0.08922438875216498,2.2830896930569136,25.588179700491537
concentrated,378,cue,true,,-0.22474722270120928,0.5110748698118539,,1.7752527772987907,true,,,,,,0.1161711771122104,2.151358897232335,18.51886974644602
concentrated,379,cue,true,,-0.33515724030441296,0.5372204675621254,,1.6648427596955873,true,,,,,,0.09917993552879767,1.9872405125081922,20.036719139943195
concentrated,380,cue,true,,0.08210386152897153,1.2162247922702367,,2.0821038615289713,true,,,,,,0.11425695114466018,7.2149398612847815,63.1466163677865
concentrated,381,cue,false,,,,,157.1951087140245,true,,,,,,0.09986856025452305,1.4572500716464456e12,1.4591679983495572e13
concentrated,382,cue,true,,0.22189644163401034,1.7741182796415542,,2.2218964416340103,true,,,,,,0.10388100207768097,13.754561924602092,132.4069045302104
concentrated,383,cue,false,,,,,92.02379399516686,true,,,,,,0.08831342818606126,8.901600259680272e10,1.0079554652692369e12
concentrated,384,cue,true,,-0.7049583811251372,0.2559816287618321,,1.2950416188748632,true,,,,,,0.06502351924586197,0.7682930901975482,11.815618396361122
concentrated,385,cue,false,,,,,127.86671895351166,true,,,,,,0.11982006526551255,3.1447562602837885e11,2.62456563791318e12
concentrated,386,cue,true,,1.2373189539232508,6.256371867774059,,3.2373189539232508,true,,,,,,0.09989978448840237,142.53855321042482,1426.81542247944
concentrated,387,cue,true,,-0.5224620680298895,0.1379011372118076,,1.4775379319701107,true,,,,,,0.050179269669528154,1.4423757758523772,28.744455336867404
concentrated,388,cue,true,,-0.3230767628004032,0.4756160051139636,,1.6769232371995968,true,,,,,,0.10201422695310956,1.9615259505191778,19.227964658505773
concentrated,389,cue,true,,-0.07802493605528582,0.809905522498836,,1.9219750639447142,true,,,,,,0.10383367337766197,4.556325219400259,43.88099805376311
concentrated,390,cue,true,,-0.718510360859635,0.28866128584517414,,1.2814896391403654,true,,,,,,0.06225075855567695,0.9009098267529121,14.472270662326792
concentrated,391,cue,true,,-0.11366489357976128,0.8380685351936041,,1.8863351064202398,true,,,,,,0.10922358454977525,3.9742865062237325,36.38670642980569
concentrated,392,cue,true,,-0.20355278990523007,0.5731576116359572,,1.7964472100947704,true,,,,,,0.11635277158101093,2.30944578661907,19.84865298211751
concentrated,393,cue,false,,,,,140.26585069439443,true,,,,,,0.10920253056637971,6.65554144365202e11,6.094676935720269e12
concentrated,394,cue,true,,-0.6252025251047577,0.1697857949016352,,1.374797474895243,true,,,,,,0.06328793809460306,0.8916315006161806,14.088490278880096
concentrated,395,cue,true,,-0.3630148825670447,0.4857090948467432,,1.636985117432955,true,,,,,,0.0972810921327052,1.9676370969973624,20.226305583753383
concentrated,396,cue,true,,-0.6163373329254451,0.24520686698953723,,1.3836626670745549,true,,,,,,0.07265349141553536,0.8873060888703506,12.212848571797881
concentrated,397,cue,false,,,,,156.13391695233483,true,,,,,,0.08082782805371223,2.152348029325046e12,2.662879952551433e13
concentrated,398,cue,false,,,,,167.7368296192999,true,,,,,,0.09662174795364764,2.4442517277908364e12,2.5297117673377402e13
concentrated,399,cue,true,,1.7036277416571721,8.884700217568806,,3.703627741657172,true,,,,,,0.11281547851774008,281.80080793727177,2497.891350015051
concentrated,400,cue,true,,0.14070709366116096,1.0872300307130645,,2.1407070936611614,true,,,,,,0.13396264373794936,6.246549164257188,46.629037692600015
concentrated,1,oracle,false,,,,,111.73147239858984,true,0.02993960487493425,0.043967063260454665,1.4685251673867061,,,-0.03777151086129253,4.3793738180113195e15,1.9722946294911885e31
concentrated,2,oracle,true,,0.2603290402118805,3.52320161461474,4.214086458290467e-5,2.2603290402118805,true,0.03501386380397695,0.05141874020359057,1.468525167386706,0.023258873185596617,97.55657870223844,0.02606668719789482,62.499100669550955,2397.661820048942
concentrated,3,oracle,false,,,,,146.7203309112792,true,0.027215862878855152,0.03996717958974441,1.4685251673867064,,,-2.3613292913528428,2.3080440151366452e16,1.0394506166524099e32
concentrated,4,oracle,true,,-0.7618803195359127,0.8310531321910141,7.369054177062129e-6,1.2381196804640873,true,0.03085097372114635,0.04530543134788931,1.468525167386706,0.13568410064721936,11.578735862788799,0.008266176582078639,4.210274089346597,509.33754530173223
concentrated,5,oracle,true,,-0.5003462761521116,1.0741242940396403,3.936555099670613e-9,1.4996537238478884,true,0.02396800942199061,0.03519762504835491,1.468525167386706,0.09590932483320105,15.824859643805382,0.01690662668190715,6.985721028256518,413.19425570166396
concentrated,6,oracle,true,,-0.03340354770038312,1.2129266501358695,5.9105555873867624e-5,1.9665964522996173,true,0.025192133109252973,0.03699528149109391,1.4685251673867066,0.0641860905270906,23.470478829127405,0.056071324942771256,8.95800101620633,159.76082294023266
concentrated,7,oracle,true,,-0.17173047440678202,1.142408993997517,5.2185582158012585e-6,1.8282695255932184,true,0.03320751851072276,0.048766076679456274,1.468525167386706,0.0634057177144576,28.72767562072627,0.059665058093427065,7.800275850825969,130.7344046931428
concentrated,8,oracle,false,,,,,133.6406723163524,true,0.024171008321584454,0.035495734041360284,1.4685251673867064,,,-0.9942734715739441,1.5807606069524526e16,7.119112880433025e31
concentrated,9,oracle,true,,1.1966771134754817,9.423035510178577,5.919730548577043e-6,3.196677113475482,true,0.03308421982986595,0.04858500946351248,1.4685251673867061,0.013733121232667471,181.06983238803775,0.023733414703209024,465.45205728462395,19611.67674796032
concentrated,10,oracle,true,,-0.4454815936982126,1.0829508654343445,2.0075335405779424e-5,1.5545184063017874,true,0.0291495650382014,0.0428068698769744,1.4685251673867066,0.08582026276681536,17.996770999192524,0.022057900126511883,7.1188666069170585,322.7354628539973
concentrated,11,oracle,true,,-0.6130522057879959,1.0722801779828774,9.971805089862895e-5,1.3869477942120045,true,0.029413862827189764,0.04319499783178844,1.4685251673867055,0.13143639449189137,11.286540130010476,0.00681006886520269,6.836812989388636,1003.9271444555576
concentrated,12,oracle,true,,-0.3099668744910591,0.8602805622409975,2.356535063400611e-5,1.6900331255089414,true,0.021173719609368556,0.031094140133547124,1.4685251673867052,0.07064311048567007,19.960260024721297,0.052004684195708584,4.411910814787881,84.83679658902633
concentrated,13,oracle,true,,-0.23793644334091169,0.9224460378519728,4.0603171962833026e-8,1.7620635566590885,true,0.0334518581860444,0.049124895642057215,1.4685251673867061,0.061956258160179196,27.609231036542777,0.06951901013714964,5.0035198798763645,71.97340511617236
concentrated,14,oracle,true,,-0.16054032038694577,1.0343893585816906,1.829651679785549e-7,1.839459679613055,true,0.019970362692856868,0.029326980216300865,1.4685251673867064,0.0792645350234733,16.11398834442622,0.03887851701882716,6.581319573539352,169.27907950687282
concentrated,15,oracle,true,,0.9849195599948604,6.75067124298903,9.349691311588526e-5,2.9849195599948604,true,0.028234467108447684,0.041463025536507596,1.4685251673867066,0.014694930371807533,137.76184013691326,0.027212410455736753,235.36231429604737,8649.079973230733
concentrated,16,oracle,true,,0.8181870587878366,10.419025707712976,2.764334574134608e-7,2.8181870587878364,true,0.03160636178464407,0.04641473773027923,1.4685251673867064,0.0123638670057671,223.5341690063137,0.011224187197131502,576.1099370149833,51327.541753955804
concentrated,17,oracle,false,,,,,142.3400637754232,true,0.03247474967193741,0.047689987197823275,1.4685251673867064,,,-3.816717669833645,4.094162361238226e16,1.8438468084466783e32
concentrated,18,oracle,true,,-0.49007388099400506,0.7380534368215674,3.532024079215823e-6,1.5099261190059954,true,0.03574363571662135,0.052490428623760806,1.468525167386706,0.06812510121471449,28.658418188268314,0.05725561683126597,3.1276931443533815,54.6268351901751
concentrated,19,oracle,true,,-0.6513186159023849,0.7163689485050738,1.4469042935492948e-6,1.348681384097615,true,0.034201049187550916,0.05022510148294918,1.4685251673867061,0.09497558821577923,15.436405755449396,0.021518924407534543,3.188696797908377,148.18104927177032
concentrated,20,oracle,true,,-0.7525269961086567,0.9092818505093958,2.3681914815387728e-7,1.2474730038913437,true,0.03125882746734496,0.04590437483879491,1.468525167386706,0.1292169830897584,11.433368304001426,0.006868978593132763,4.961785824733807,722.3469628649499
concentrated,21,oracle,true,,1.0344050795483608,10.717416488502485,3.581247871533577e-6,3.034405079548361,true,0.03166307334469015,0.046498020083488634,1.4685251673867055,0.011821232336553588,215.52283236464,0.0162478086034053,607.6423812815787,37398.420680203344
concentrated,22,oracle,true,,-0.518670509879031,0.9697176817380441,4.431734126342235e-9,1.4813294901209695,true,0.028234636191345596,0.041463273838998546,1.4685251673867064,0.09453402935876828,14.825557638267915,0.01752934887216423,5.766654418425603,328.9713987940975
concentrated,23,oracle,true,,-0.3459950602158668,1.0809470441177353,2.181839915699868e-5,1.6540049397841332,true,0.02903654181813605,0.04264089243380933,1.468525167386706,0.09109368158657706,16.095832046855307,0.0240446783157586,7.169646049272657,298.1801609121032
concentrated,24,oracle,false,,,,,122.62414772054018,true,0.032404179490747045,0.04758635311067819,1.4685251673867066,,,-0.18973204035921307,8.566702099262226e15,3.8580996382031407e31
concentrated,25,oracle,true,,-0.1282453401363579,0.9214080447979784,4.403857991941429e-8,1.871754659863642,true,0.02200576957572787,0.03231602644966904,1.4685251673867057,0.06892907201919492,21.870360817280663,0.07050110610889804,5.047476039020797,71.59428153119073
concentrated,26,oracle,true,,2.7420356249974294,144.26386197451927,3.777941567117971e-7,4.742035624997429,true,0.04138758139203099,0.060778704891463246,1.4685251673867064,0.0021469344179773663,2519.7137641574436,0.0016559447035836838,116146.16497764639,7.01389151016279e7
concentrated,27,oracle,true,,-0.33452707030264683,1.2556134700424437,1.963701384610772e-8,1.665472929697353,true,0.03636675143700432,0.05340548974133749,1.468525167386706,0.0876580063454957,15.750952758117629,0.019143882989892502,9.467052589514253,494.5210224337781
concentrated,28,oracle,true,,0.8110825471293439,6.8436478956370586,1.999968049837264e-8,2.811082547129344,true,0.02980135710169448,0.043764042926116895,1.4685251673867064,0.016729710660021345,148.34872364696133,0.02301804442102173,242.9113535870697,10553.083882539806
concentrated,29,oracle,false,,,,,88.84578810827588,true,0.04263084853897397,0.06260447398653406,1.468525167386706,,,-0.07163215409077685,1.7362638282276522e15,7.819437129822926e30
concentrated,30,oracle,false,,,,,142.43078180204424,true,0.027569868863651422,0.040487046287823236,1.468525167386706,,,-1.0524354060968788,2.7796149568550372e16,1.2518272883925803e32
concentrated,31,oracle,true,,0.5932045718408947,3.626418903093017,6.391775992442699e-5,2.593204571840895,true,0.025645881938285597,0.03766162306620055,1.4685251673867057,0.023517375055923394,92.51800538437347,0.04927416178205393,65.5806389712845,1330.9336292995963
concentrated,32,oracle,false,,,,,243.24850456158174,true,0.02951029876620433,0.04333661643527192,1.468525167386706,,,-29.23256248322226,1.274792602038119e18,5.741155487513537e33
concentrated,33,oracle,true,,-0.07289943516108055,1.110833419992748,4.534213888373051e-6,1.92710056483892,true,0.026671809427686235,0.039168223404299256,1.4685251673867061,0.07598576272964881,20.529795515640966,0.05183052552041382,7.566317423940489,145.98187743553635
concentrated,34,oracle,true,,-0.624196986653411,0.7619416452193688,1.2561116083054103e-7,1.375803013346589,true,0.029418442398617194,0.0432017230476855,1.4685251673867066,0.103007846670786,12.86985905149355,0.016871665386255202,3.611689815710541,214.06836450495678
concentrated,35,oracle,false,,,,,138.97947066750754,true,0.02567292262117523,0.03770133298956731,1.4685251673867061,,,-0.5269964771084981,1.6033821632896294e16,7.220991313123675e31
concentrated,36,oracle,true,,-0.24099683008230333,0.8796053778213234,1.9526870836319433e-5,1.7590031699176967,true,0.024461729528787488,0.035922665450830976,1.4685251673867061,0.061643686996357555,22.662352096377564,0.059026123025596754,4.6938927026400386,79.5222938935787
concentrated,37,oracle,true,,-0.3979934270873433,0.9494529172046828,3.246542459311996e-8,1.6020065729126571,true,0.03275891889721035,0.04810729685693337,1.4685251673867064,0.07531541085313584,22.75426100813998,0.038051766600289645,5.513891487261194,144.90500651865196
concentrated,38,oracle,true,,-0.2749353941695536,1.1385924983567552,1.3306470663110305e-7,1.7250646058304464,true,0.03893174305011339,0.057172244479323994,1.468525167386706,0.04379260764760472,47.30638299126779,0.06552007828687326,6.297127759574434,96.10989370316494
concentrated,39,oracle,true,,-0.20909862236794696,0.9643588903798279,3.8054862276570845e-6,1.790901377632053,true,0.017515437208044084,0.025721860357794276,1.468525167386706,0.07140872802321484,18.131027871476277,0.04354948607448969,5.7543925629546635,132.13456877796446
concentrated,40,oracle,false,,,,,166.33921771850328,true,0.03207221852809901,0.04709886008243962,1.4685251673867061,,,-5.009351135474307,1.4560095670538707e17,6.55728414363169e32
concentrated,41,oracle,false,,,,,90.03907177019308,true,0.03719860747122118,0.05462709126322744,1.4685251673867055,,,-0.043958655508916505,1.6214940140352045e15,7.302559837392437e30
concentrated,42,oracle,true,,1.1093234055467631,8.634612122006216,7.67635421894397e-9,3.109323405546763,true,0.0230922750222254,0.03391158704235341,1.4685251673867061,0.01388418355325004,167.60077595809398,0.023079691631414472,389.68295569569585,16884.23579998298
concentrated,43,oracle,true,,-0.4456011887351079,1.1108847389982865,1.814545176715976e-6,1.554398811264892,true,0.02607224525436136,0.03828774832630827,1.4685251673867061,0.08224445424664187,18.950949613479555,0.022610285935878324,7.453589576794328,329.65481276673574
concentrated,44,oracle,true,,-0.3938365456221573,0.8434453172747959,2.0004477421539657e-6,1.6061634543778427,true,0.029379402677129168,0.043144392234152555,1.4685251673867061,0.07457535936839889,21.503613689644734,0.04291557344169271,4.372850247039051,101.89425181467583
concentrated,45,oracle,true,,-0.6847679222909084,0.878130247408713,4.2238699145757955e-6,1.3152320777090913,true,0.039547304716397176,0.05807621227834024,1.4685251673867064,0.10269539159049962,15.214735891897469,0.013914782905582965,4.707291565619197,338.2942872741846
concentrated,46,oracle,true,,2.2910601634908803,59.24304018882737,8.290553754619623e-10,4.29106016349088,true,0.030608524223162542,0.044949388158279806,1.4685251673867057,0.004095235693886973,949.435448641899,0.004198015059092092,19371.822144488542,4.61451945069442e6
concentrated,47,oracle,true,,-0.5985109331139187,0.955146440154001,4.308551824816487e-7,1.4014890668860813,true,0.03304957945229875,0.04853413919724726,1.468525167386706,0.12836898679253272,12.829651735288229,0.012122308903309063,5.552848714894806,458.0685708626867
concentrated,48,oracle,true,,-0.1729337287392756,0.9394422976465114,1.1792841580580692e-5,1.827066271260725,true,0.031237882722536223,0.04587361695391881,1.4685251673867064,0.04747890624543125,34.93032002410505,0.09538184388390954,4.644738088897348,48.69624972390467
concentrated,49,oracle,true,,0.9507921528726704,6.256196853439909,7.556097570840192e-5,2.9507921528726713,true,0.028891144118014626,0.04242737225190088,1.4685251673867061,0.015990249759328473,129.22851671178904,0.02929211048369887,201.2758321381568,6871.332547040859
concentrated,50,oracle,true,,-0.23473657200924158,0.9376396564575937,5.286655883524061e-7,1.7652634279907582,true,0.029958140115778582,0.04399428272811813,1.468525167386706,0.06991476057348421,22.89733277378777,0.05429319379059494,5.372621861330607,98.95571592366504
concentrated,51,oracle,true,,-0.7487197917031647,0.8328372105425969,1.3756348970894172e-5,1.2512802082968353,true,0.037693780319372025,0.055354265052943524,1.468525167386706,0.13862923043084588,12.026315454148929,0.009119485897930013,4.241123237979004,465.06165867767555
concentrated,52,oracle,true,,1.382830358788579,15.924989575896303,2.142320761677752e-8,3.382830358788579,true,0.029352613824309905,0.04310505212958204,1.468525167386706,0.009970899007447478,284.458889515771,0.01247805297700566,1359.1554643489624,108923.68119077476
concentrated,53,oracle,true,,-0.7262356075582581,0.810355266680472,1.6281382571398107e-6,1.2737643924417423,true,0.0324350875788611,0.04763174241594947,1.4685251673867061,0.1424227676018373,10.963264160004764,0.00886216441376425,4.030051370722774,454.74798057949687
concentrated,54,oracle,false,,,,,101.52317206867512,true,0.025298981433779514,0.03715219094475423,1.468525167386706,,,0.02440893607326293,2.1052440446571542e15,8.624890647991813e16
concentrated,55,oracle,true,,0.04329162993765401,1.5718611876701092,2.895950105497036e-8,2.043291629937654,true,0.03795889181190683,0.055743587951894324,1.4685251673867057,0.036308364558844404,62.27859015748692,0.05862779492638481,12.446102354407639,212.2901325222178
concentrated,56,oracle,true,,-0.9037231035166895,0.7961975568420602,6.063765895347739e-8,1.0962768964833105,true,0.03039810564175217,0.0446403831757929,1.4685251673867068,0.15117741684952965,10.64165032066119,0.004236197178011714,3.807024446015478,898.6891511509692
concentrated,57,oracle,true,,-0.4304103729586133,0.8819790728801546,3.877650120054366e-6,1.5695896270413867,true,0.02095258296216942,0.030769395401703682,1.4685251673867055,0.10274039665701219,12.24812448646772,0.02097540402971367,4.771862926655174,227.49802196398093
concentrated,58,oracle,true,,-0.4533297397612597,0.8864281463059109,5.5110325547502724e-8,1.5466702602387403,true,0.027125187393988455,0.03983402035815267,1.4685251673867064,0.07839196485181411,18.23047151804002,0.029492015853012254,4.863989616365059,164.92564091268318
concentrated,59,oracle,true,,-0.48623567884408136,0.9942567772318117,3.897234714817621e-5,1.5137643211559186,true,0.030386359281864932,0.04462313335067328,1.4685251673867057,0.09229950754711642,16.339150513009518,0.0203436306647998,6.057752446475571,297.7714522195483
concentrated,60,oracle,true,,1.8550133290958482,24.497610116405145,9.17498898358815e-5,3.855013329095848,true,0.025042014800868907,0.03677482897714638,1.468525167386706,0.007627230687405712,391.75883157874927,0.01041399325132896,3250.5878592585304,312136.54366865597
concentrated,61,oracle,true,,-0.5021161642267937,0.908987650222682,4.346433950308537e-8,1.4978838357732067,true,0.02618739133663002,0.03845684324604579,1.4685251673867066,0.11407877716498405,13.31179568897477,0.017754125106542208,5.106761883581011,287.63804766134166
concentrated,62,oracle,true,,2.8207586407222367,94.58968874932224,4.1821805089581336e-6,4.820758640722237,true,0.027746855910975535,0.04074695622112016,1.468525167386706,0.003116286251629619,1448.4531857296058,0.0032251667007413927,49662.44546781007,1.5398411950735383e7
concentrated,63,oracle,false,,,,,62.382525566898714,true,0.03509634953103194,0.05153987256972101,1.4685251673867057,,,0.0003728063822444165,1.0482408046240164e14,2.8117565968513293e17
concentrated,64,oracle,true,,2.867199813763973,176.78484055718172,2.8336430233366627e-8,4.867199813763973,true,0.03499367636569145,0.05138909444240328,1.4685251673867066,0.0018097111866634806,3104.1617145627106,0.0013958743966145904,174697.2327613644,1.2515254465950306e8
concentrated,65,oracle,true,,12.380458342504856,11217.663588747337,8.010072876643904e-5,14.380458342504856,true,0.03125128987049657,0.045893305688121444,1.468525167386706,8.497594021144857e-5,166148.75489451666,0.0001939736293823379,7.116565328139633e8,3.6688313513546216e12
concentrated,66,oracle,true,,-0.6587945930473982,1.0143904939827293,1.1225977126355646e-6,1.341205406952602,true,0.024849737574195608,0.03649246503066131,1.4685251673867055,0.11429600972738929,11.647642720927195,0.007534992944514096,6.148879337760171,816.0431447035269
concentrated,67,oracle,false,,,,,74.57693196016305,true,0.022468419917288894,0.032995440119951466,1.4685251673867057,,,-0.00189768970131252,1.847569467794236e14,8.320713166699227e29
concentrated,68,oracle,true,,0.20812459663510818,1.3081183238400498,2.762841348509237e-6,2.208124596635108,true,0.03617577340984479,0.053125033702035876,1.4685251673867061,0.03934521737284031,44.77617478291666,0.1281344087295195,8.611072295520707,67.20343411969789
concentrated,69,oracle,false,,,,,122.32305356029318,true,0.029645232485721918,0.04353476999831258,1.4685251673867055,,,-1.2290180255166923,1.371684112243314e16,6.1775160567690185e31
concentrated,70,oracle,true,,1.414679590666689,29.752456561743358,3.6809136999806925e-5,3.414679590666689,true,0.03875252150964638,0.056909053136610356,1.4685251673867055,0.006626061872704388,555.6105579675154,0.005179209586716221,4837.609307465264,934043.9359459205
concentrated,71,oracle,false,,,,,79.64816490474789,true,0.02913811426509616,0.042790054128483294,1.4685251673867057,,,-0.014519938415515604,2.631574152583337e14,1.1851556372972145e30
concentrated,72,oracle,false,,,,,87.19855198301241,true,0.024063423053327287,0.035337742367284576,1.4685251673867061,,,-0.004608556760981297,3.306756304195607e14,1.4892306459380374e30
concentrated,73,oracle,true,,-0.31101181389547317,0.9775956695002351,1.29273786412476e-6,1.6889881861045273,true,0.02779307089031301,0.04081482408138749,1.4685251673867055,0.083663738268398,18.779466274024124,0.035516443463779634,5.915576319512505,166.55880326377064
concentrated,74,oracle,true,,-0.40392053119581295,1.3120121512730998,7.986436830020871e-7,1.5960794688041875,true,0.020115064650631367,0.029539478683062843,1.4685251673867061,0.09646601677218315,14.381841527300775,0.0134686870026825,10.151962695198744,753.7455353425929
concentrated,75,oracle,true,,-0.4232131751632051,0.8385754444869827,1.2735336187705837e-5,1.5767868248367942,true,0.042856416615578985,0.06293572638398753,1.468525167386706,0.07548952588317076,24.03622036218686,0.04564174918450596,4.2768134254355585,93.70397721057131
concentrated,76,oracle,true,,-0.1068235189362794,0.9676662354908945,2.3089829968954144e-5,1.8931764810637208,true,0.0329378980074886,0.048370132184813425,1.4685251673867052,0.04876900505603784,33.640201023851326,0.0992973834134033,5.136335022276718,51.726791237717634
concentrated,77,oracle,false,,,,,65.7909530679179,true,0.031056156539068434,0.04560674747992322,1.4685251673867061,,,0.0022683248456677185,1.3071843518376619e14,5.7627740327151896e16
concentrated,78,oracle,true,,-0.2691905180810741,1.0278181728811697,4.012419195396078e-6,1.730809481918926,true,0.027621592057967936,0.04056300310041466,1.4685251673867057,0.062057509906742005,26.258639042339393,0.05343223394321094,6.3230884660617175,118.338463497185
concentrated,79,oracle,true,,-0.9043286136888258,0.63692708135217,5.895931389009456e-6,1.0956713863111742,true,0.03730644532307322,0.0547854538626691,1.4685251673867061,0.1468153480581707,10.2664007703269,0.007090635801724865,2.508637893993412,353.7959026725307
concentrated,80,oracle,true,,0.5411749606732275,2.5608046720823774,3.390562702998423e-7,2.5411749606732275,true,0.021683088740337638,0.031842161521865135,1.4685251673867061,0.025314188272543715,68.09640479894782,0.07332574703258038,31.918004276608528,435.2905434761762
concentrated,81,oracle,false,,,,,122.93959928209789,true,0.026632773154896205,0.039110897655266125,1.4685251673867061,,,-1.8108766953514317,8.001088695992556e15,3.6033700069830363e31
concentrated,82,oracle,true,,0.342985180036417,1.728948918247779,8.056253373451838e-6,2.342985180036417,true,0.030930006403675377,0.04542149283122929,1.4685251673867066,0.03445340534832441,58.453714764895125,0.10216921200700939,14.828437696836243,145.13606795576467
concentrated,83,oracle,true,,-0.2520322237291619,1.4388219421066113,8.951559435921297e-9,1.7479677762708383,true,0.03196367138771903,0.04693945587494376,1.4685251673867064,0.08758321864115094,19.328894855328333,0.023609765940584077,12.260737151234848,519.3078653168355
concentrated,84,oracle,true,,1.0427271254500017,10.454583131536872,1.6088357037702396e-8,3.0427271254500017,true,0.03685235869569764,0.05411861622219431,1.4685251673867061,0.014528672665574264,211.235192248454,0.017113175624193986,577.3844260908563,33739.174935747826
concentrated,85,oracle,false,,,,,193.8195960811906,true,0.03827252544513542,0.05620416683562946,1.468525167386706,,,-26.264271103872503,7.942003260106245e17,3.576760292278975e33
concentrated,86,oracle,true,,0.139441474286635,1.6481843516453138,3.22157314043392e-6,2.1394414742866354,true,0.027262473128257806,0.04003562791405037,1.468525167386706,0.032919678302000634,55.736073832271934,0.08315009175108178,13.107385737439186,157.6352528470741
concentrated,87,oracle,true,,-0.1476791038249925,1.0074150510312945,4.882867765049204e-7,1.852320896175008,true,0.03787559600652841,0.055621265965358366,1.4685251673867055,0.050749433828575774,39.35352596539054,0.09720904921894473,5.197704996080322,53.46935329419269
concentrated,88,oracle,false,,,,,115.49362569479159,true,0.026733612123140137,0.03925898221798565,1.4685251673867061,,,-0.16369848706632367,5.854613208643191e15,2.636683386484386e31
concentrated,89,oracle,false,,,,,87.05824620664434,true,0.041058225021077165,0.060295036771678356,1.4685251673867052,,,-0.045730807546488964,1.042985677616258e15,4.697189909065344e30
concentrated,90,oracle,true,,0.021165309848217184,1.1527297149319375,8.4953940415744e-9,2.021165309848217,true,0.02758013939472726,0.040502128821190544,1.4685251673867064,0.06350208188835883,24.021622262111226,0.06808840578718539,8.088791500644737,118.79836819688164
concentrated,91,oracle,true,,-0.3170992188523114,1.2898008375814862,4.0258800675000984e-5,1.6829007811476884,true,0.02149367759159241,0.03156400648294913,1.4685251673867057,0.08322033378976693,16.11540432379812,0.01961262293308926,9.962044906986268,507.9404698174712
concentrated,92,oracle,false,,,,,192.22996505109086,true,0.01719911765732709,0.025257337136629917,1.4685251673867061,,,-7.335956075181099,1.325890343293141e17,5.971279255989129e32
concentrated,93,oracle,false,,,,,114.75890136669177,true,0.023177358841639142,0.03403653477249988,1.4685251673867061,,,-0.18641474951522963,4.3593009664225645e15,1.9632546207976505e31
concentrated,94,oracle,true,,0.001216905807242874,1.0697368529751117,8.337555531835018e-5,2.001216905807243,true,0.03065987266249438,0.04502479463374467,1.4685251673867066,0.04853987919992876,35.66210830242596,0.11185779573562112,5.904008080204955,52.78137336229328
concentrated,95,oracle,true,,-0.1400550421634854,1.5559034173696094,7.956368278253301e-5,1.8599449578365153,true,0.0367597633542071,0.05398263763283269,1.4685251673867061,0.034486027996227714,55.43966909192758,0.04558958246072758,11.738338580381807,257.4785279179429
concentrated,96,oracle,true,,-0.5211076756679123,1.294555551360162,2.49835733656667e-9,1.4788923243320875,true,0.0382472540895479,0.0561670552139352,1.468525167386706,0.10198400050420453,17.5056838257742,0.013597802464748066,9.828825506780763,722.8245543544059
concentrated,97,oracle,true,,-0.6528071463770893,0.8842533866491149,3.919089922032715e-5,1.3471928536229107,true,0.028160289003857905,0.04135409312304845,1.4685251673867061,0.14434214812533375,10.518984331296792,0.008541568252658116,4.768407897429124,558.2590639541171
concentrated,98,oracle,true,,-0.25868657620518665,1.2908251396201573,4.022840365491831e-8,1.7413134237948134,true,0.02760891287903382,0.04054438340704813,1.4685251673867061,0.07619985173936214,21.38846639487143,0.030727331539566666,9.997102780176267,325.3488760422719
concentrated,99,oracle,true,,-0.5669392036915806,1.081631513212339,2.9200783875360513e-8,1.4330607963084194,true,0.03551572867651029,0.0521557413995331,1.468525167386706,0.08199491761485679,18.571392482575913,0.017321997731684406,7.012969480440452,404.85916168968953
concentrated,100,oracle,false,,,,,27.5424202514483,true,0.0360011841787738,0.05286864502225345,1.4685251673867066,,,3.655672053456959e-5,1.4526214013326227e11,3.9736097223462975e15
concentrated,101,oracle,false,,,,,154.84363927402896,true,0.024179500123627157,0.035508204466376446,1.468525167386706,,,-0.7806906227531456,4.300603556378952e16,1.9368196573976478e32
concentrated,102,oracle,true,,-0.5290773725014544,0.8478961236234512,1.2276598245353209e-6,1.4709226274985456,true,0.029911737086221645,0.04392613871137078,1.468525167386706,0.10974471286074797,13.440209260716472,0.019174623602154744,4.441345097446848,231.62619457874274
concentrated,103,oracle,true,,0.6138832938952334,7.683436741710165,5.425634670430668e-9,2.613883293895234,true,0.033924244020477994,0.0498186061286399,1.4685251673867057,0.015159614913582187,179.50423336698964,0.01576253942474143,309.43147873855816,19630.813944412013
concentrated,104,oracle,true,,0.8345607608990764,7.28504793047769,8.514318747820937e-9,2.8345607608990764,true,0.028990896351063892,0.04257386091663675,1.4685251673867061,0.01610150882865618,159.17483511134105,0.023109381897526038,276.0352690887463,11944.727483961702
concentrated,105,oracle,true,,-0.11500526735446415,1.0145866323373918,5.097850527602255e-8,1.884994732645536,true,0.03283738861721078,0.04822253161563175,1.4685251673867055,0.04617785089554638,38.33867490914334,0.09925839382301196,5.400450244692008,54.40799550234081
concentrated,106,oracle,true,,-0.17868959111788896,0.9034922757306155,9.471803039673432e-9,1.8213104088821115,true,0.03133535595258586,0.04601675884539316,1.468525167386706,0.06810229525204906,23.620022247343854,0.06736662806424096,4.902746298070901,72.77707729998941
concentrated,107,oracle,false,,,,,165.54446269471518,true,0.03130590281190136,0.0459735061670394,1.4685251673867061,,,-1.0882884285448973,9.635271815648102e16,4.339340655856624e32
concentrated,108,oracle,true,,-0.17177085118523894,1.0019997220584034,4.180903695321092e-6,1.8282291488147615,true,0.025982773743213932,0.03815635716042415,1.468525167386706,0.0745567216296148,20.15560843603993,0.049242112599128605,6.175423325066485,125.40939044064828
concentrated,109,oracle,false,,,,,78.87304539130146,true,0.03352418312238062,0.04923110663129658,1.468525167386706,,,-0.001754563057994235,4.246634756269321e14,1.9125142705913112e30
concentrated,110,oracle,false,,,,,76.05708821657977,true,0.02571681955793895,0.037765796745976014,1.4685251673867061,,,-0.002292057347369481,1.2088624869022939e14,5.444232645555342e29
concentrated,111,oracle,true,,-0.23674478545399702,1.0618496664998638,3.074103799189487e-5,1.7632552145460034,true,0.040363047812493474,0.05927415154507959,1.468525167386706,0.0499512571728212,40.34703910060108,0.07258198668466619,5.59879270182839,77.13749592102583
concentrated,112,oracle,true,,-0.11079675543068501,0.9647458834287397,1.070915627049418e-6,1.8892032445693152,true,0.02728593465756747,0.040070081760306984,1.4685251673867057,0.04864788657312246,32.14657194024196,0.09421547523525968,5.244466325717601,55.66459557330647
concentrated,113,oracle,true,,-0.5918461405363438,1.127984972092366,4.808593564797902e-7,1.4081538594636567,true,0.029866658345113498,0.04385993944553934,1.4685251673867055,0.11573087916481056,13.382006536541983,0.009730708809130934,7.5451141222138025,775.3920367171762
concentrated,114,oracle,true,,-0.11050834568034062,1.000438489903039,6.654592756879297e-5,1.8894916543196594,true,0.02944511775512334,0.04324089648006379,1.4685251673867066,0.05490135715793905,31.946453419884847,0.08900101028371137,5.759589399598082,64.71375303761221
concentrated,115,oracle,false,,,,,134.1925312657707,true,0.026040951388557696,0.038241792496790765,1.468525167386706,,,-0.0717311047265336,2.0396921318648576e16,9.185956725017105e31
concentrated,116,oracle,true,,-0.5455195373095549,0.9677083251643329,9.688710048847859e-5,1.454480462690445,true,0.028368599673861548,0.04166000258458399,1.4685251673867061,0.12283566922158692,12.489170365774559,0.013073896191390544,5.724600986562314,437.8649564566754
concentrated,117,oracle,true,,-0.7158998677970692,1.0568684489763431,8.665844489075258e-6,1.2841001322029313,true,0.029884114723336436,0.04388557457629117,1.4685251673867061,0.1268343412249573,12.168268257133539,0.006153771871774627,6.58142338868605,1069.4942103513656
concentrated,118,oracle,true,,-0.6271864587557541,0.7828244143974241,6.667848946593225e-6,1.3728135412442464,true,0.03455601860543941,0.05074638300677104,1.4685251673867061,0.08988290608705637,16.289808133685053,0.021782674233758962,3.757844611191984,172.51530142098193
concentrated,119,oracle,true,,-0.3248033940299955,1.3696995256884044,2.8441455512022708e-5,1.6751966059700047,true,0.032615919143187136,0.047897298119220146,1.4685251673867057,0.0868214164597591,21.378245492688336,0.024565032597581877,11.114701610671725,452.46028339347004
concentrated,120,oracle,false,,,,,58.378421349445354,true,0.03086659126617562,0.0453283661058176,1.4685251673867064,,,0.0007602489313494887,2.3712147256202598e13,3.118997775388132e16
concentrated,121,oracle,false,,,,,163.43950260264177,true,0.030878857954252936,0.04534638004597962,1.4685251673867064,,,-8.066933147373183,1.5985496356573226e17,7.19922754347956e32
concentrated,122,oracle,false,,,,,87.82512676442491,true,0.031486481744010926,0.046238690873542106,1.468525167386706,,,-0.027007811123673706,1.498716582981494e15,6.749619444649439e30
concentrated,123,oracle,true,,-0.03867595149322822,1.2471500483465345,1.8093131173291255e-8,1.9613240485067724,true,0.029626838713418587,0.04350775828076199,1.4685251673867066,0.04088357848756725,46.802721285627115,0.09192678285560654,7.593764534100677,82.6066604117816
concentrated,124,oracle,true,,0.43228896352951596,4.021708103041992,7.22411089699726e-7,2.4322889635295164,true,0.030938004684171246,0.04543323850743328,1.4685251673867061,0.02111586695122608,105.51940187543185,0.03237829792017985,81.68860151023758,2522.9430438752297
concentrated,125,oracle,true,,-0.45815956272695235,0.9063906241921421,7.55045874620884e-5,1.5418404372730479,true,0.042773402767949435,0.06281381845950194,1.4685251673867061,0.08480552335303888,20.49878558456156,0.03216236368882572,5.050095412673294,157.01878946253774
concentrated,126,oracle,true,,-0.15543666817289647,1.0609037381270576,2.5008424091421675e-6,1.844563331827104,true,0.03433991963324966,0.05042903622746399,1.4685251673867061,0.0514067411591405,34.289873196639526,0.08264326099122517,6.48658243384232,78.48894581411844
concentrated,127,oracle,true,,-0.32055168629696995,1.1001351558193577,3.599554586731557e-5,1.67944831370303,true,0.0307794808840584,0.045200442317337775,1.468525167386706,0.09526321403815295,14.826933701017891,0.02246107626083682,7.414251954481211,330.0933520896644
concentrated,128,oracle,true,,-0.2915029454853624,0.8674037210450051,8.056725832594757e-8,1.7084970545146376,true,0.03354199532586785,0.04925726430040419,1.4685251673867057,0.06400964539416103,22.1360072367051,0.053573844935400315,4.5730909316312225,85.36051383180514
concentrated,129,oracle,true,,-0.12424950147507219,0.9663901625725343,8.003860487226789e-7,1.8757504985249278,true,0.027453691369771965,0.04031643671417735,1.4685251673867064,0.04931526725178627,33.53582854210428,0.09928233819256903,4.968677088599754,50.04593142198623
concentrated,130,oracle,false,,,,,77.58270293285226,true,0.03006280684936702,0.04414798846058092,1.4685251673867061,,,0.006420941832376452,2.1800428166613475e14,3.395207235282636e16
concentrated,131,oracle,true,,-0.1203438854079173,1.0028416080755662,3.4519470117899684e-7,1.8796561145920831,true,0.024991364864713726,0.03670044827117596,1.4685251673867057,0.0572463289315143,27.74017269927805,0.07548266009469129,5.978117224806942,79.19854993593931
concentrated,132,oracle,true,,1.126966163102081,11.324167041956409,2.6442094680723116e-7,3.1269661631020815,true,0.031219124923625458,0.04584607065413357,1.4685251673867064,0.01135763992033885,218.72701036014305,0.0163261003194618,679.3283569409917,41609.95851110795
concentrated,133,oracle,true,,1.171600458108863,6.479557255379127,4.4836239251111463e-7,3.171600458108863,true,0.01953535988860412,0.028688167650371906,1.468525167386706,0.015949690148639718,125.26569598570646,0.03716044724898121,215.32940912533738,5794.586046895354
concentrated,134,oracle,true,,-0.025476507894042877,1.2519889934710557,5.928157098544773e-9,1.9745234921059578,true,0.02039248121212237,0.029946871885462262,1.4685251673867061,0.07027286215591765,18.78363692026513,0.04273998106961436,9.616084658127008,224.9903817801053
concentrated,135,oracle,true,,-0.33871437196587495,0.8053137576219124,9.643336563165406e-6,1.6612856280341257,true,0.03451381682925498,0.05068440863633578,1.4685251673867061,0.06858504098810136,24.221101014316318,0.060664018452917474,3.831925051801165,63.166357084887096
concentrated,136,oracle,true,,-0.6151324504723048,0.9153328276628817,8.831390362118441e-8,1.384867549527695,true,0.034297626165439854,0.05036692720556924,1.4685251673867064,0.10433089990093915,15.027248785122183,0.015286665912146252,5.133864897252417,335.83941238443805
concentrated,137,oracle,true,,0.10387946205003562,1.2533349473508353,8.77322492920385e-8,2.1038794620500356,true,0.027370859061097468,0.0401947953842161,1.4685251673867061,0.040556691860198425,42.47259835195924,0.11332400104214828,8.502783064263156,75.03073476112743
concentrated,138,oracle,true,,-0.20085015657662186,0.9366090949584492,1.4352185219834724e-7,1.7991498434233777,true,0.02598057928300358,0.03815313454037643,1.4685251673867066,0.05256926719989318,29.916070684086456,0.0775727868189915,5.104874419111928,65.8075419028538
concentrated,139,oracle,true,,-0.5666575872056316,0.934897520424095,1.1531804593518657e-5,1.4333424127943681,true,0.026162362801248226,0.03842008821193479,1.4685251673867064,0.09353276279030351,14.63557336407404,0.01623310260790233,5.364115918850067,330.44304889927804
concentrated,140,oracle,true,,-0.7646674191109337,0.8348677377279521,2.3635934697185944e-6,1.235332580889066,true,0.044964849115838014,0.066032012574354,1.468525167386706,0.11622736087480161,13.689018272098457,0.010470940642656967,4.253584162335356,406.22751169144465
concentrated,141,oracle,true,,-0.20814970298562585,0.8959269721403147,3.259435422589218e-5,1.7918502970143741,true,0.036374174681267864,0.05341639096236216,1.4685251673867057,0.06616245726860873,24.286589697726146,0.06638539141565816,4.810967121156015,72.47026821056392
concentrated,142,oracle,true,,-0.6995183799550355,0.9743745570970248,2.174696580563573e-5,1.3004816200449647,true,0.02880519420811634,0.04230115264608061,1.4685251673867055,0.12702388559166064,11.734591562989186,0.007385296026799187,5.68473028145317,769.7362787930048
concentrated,143,oracle,true,,0.4555558788927403,4.040895984056911,2.933739120791756e-7,2.4555558788927403,true,0.040213313088122635,0.059054262333909306,1.468525167386706,0.02373016168941667,104.56516814531959,0.03250102316686734,82.45185976384566,2536.9004335808086
concentrated,144,oracle,false,,,,,126.72264344421622,true,0.024670446980578613,0.03622917228165905,1.4685251673867052,,,-5.925310081933728,1.2490060162883094e16,5.625023029539538e31
concentrated,145,oracle,true,,-0.3249237938509162,0.8930946428362523,4.4459241835825836e-5,1.6750762061490836,true,0.04557483485197997,0.06692779197962537,1.4685251673867061,0.05838206818503672,31.840366853080404,0.06944687053701135,4.594136736247613,66.15325788941334
concentrated,146,oracle,true,,1.0099925112554837,19.973587511837056,1.699880898463846e-5,3.0099925112554837,true,0.03825195260967587,0.0561739551089926,1.468525167386706,0.008525840069299843,413.88194963738715,0.005699738393613235,2164.387812755962,379734.58837711526
concentrated,147,oracle,true,,-0.5324031069652633,1.2306950982778497,2.2319219923350176e-8,1.4675968930347367,true,0.0276213431472812,0.040562637568806764,1.4685251673867057,0.10924774208794798,12.37889721022279,0.008020762200129136,8.877116496918088,1106.7671968600646
concentrated,148,oracle,true,,-0.2533272705822962,0.8728413391740693,1.7629456666945486e-7,1.7466727294177034,true,0.03482666109695893,0.051143828316931685,1.4685251673867057,0.05909739924885876,31.987905931270102,0.08420986901456357,4.17924688836357,49.628944175661836
concentrated,149,oracle,true,,-0.40746970422351203,0.9551003615907979,4.757094433704978e-8,1.592530295776488,true,0.033022261443427924,0.04849402201369756,1.4685251673867061,0.10429969046866788,15.590022024829768,0.024558625669638116,5.645040438624423,229.8597859082725
concentrated,150,oracle,true,,-0.4506989021440089,0.8538648667926029,4.0709920705095385e-6,1.5493010978559916,true,0.035563109135467695,0.052225320795954384,1.468525167386706,0.0832256724940595,19.625265829042995,0.03377079623486251,4.512961165647523,133.63502400895928
concentrated,151,oracle,true,,-0.2385243921953646,0.9286517298589366,2.6254456537699868e-8,1.7614756078046359,true,0.028148262366484395,0.041336431703386425,1.4685251673867064,0.07918138111613197,18.360669696371836,0.045607165330527666,5.280713407064746,115.7869244622849
concentrated,152,oracle,true,,0.11845169130907163,1.5154237832257254,6.8726255547968405e-6,2.1184516913090716,true,0.03133145738026699,0.04601103369382602,1.4685251673867057,0.03725538626404576,52.10352388837587,0.09130557330834659,11.07332813390275,121.27768035043373
concentrated,153,oracle,false,,,,,213.67302157841476,true,0.03029068507284807,0.044482633366862215,1.4685251673867061,,,-76.19035848895501,6.226987007469144e17,2.804385636647896e33
concentrated,154,oracle,true,,-0.6860691738032973,1.3359881014588428,3.603851102618183e-7,1.3139308261967027,true,0.032118769605374686,0.04716722151098791,1.4685251673867061,0.13821008850221417,13.801137914900853,0.004316405369693171,10.126324311211727,2346.0086446726737
concentrated,155,oracle,false,,,,,94.18168823427135,true,0.03965810987822486,0.05823893244716053,1.468525167386706,,,-0.22596459675486924,5.027565321550976e15,2.2642141308717803e31
concentrated,156,oracle,true,,-0.03567082032721203,1.0208556646714164,8.948093173586357e-6,1.9643291796727884,true,0.033574899445391035,0.04930558482803468,1.4685251673867057,0.0498123279851838,34.49893778608525,0.10664287578394245,5.675239150841035,53.21723658633344
concentrated,157,oracle,true,,-0.34352048836008287,0.8898910937362706,2.037758606924234e-6,1.6564795116399174,true,0.034467043421328405,0.05061572070963115,1.4685251673867057,0.05007375710057574,34.64392375598283,0.07242537685919599,4.343901122564322,59.977611590608774
concentrated,158,oracle,true,,-0.07336348472762766,0.97305368499514,5.898496427400368e-5,1.9266365152723723,true,0.020335548950186515,0.029863265425973205,1.468525167386706,0.06541613786021662,20.226905403042796,0.06310463462709553,5.793845629204126,91.81331392601702
concentrated,159,oracle,true,,-0.328362647209532,1.0925128605429018,9.465517313067551e-8,1.671637352790468,true,0.021946810271953165,0.03222944322822429,1.4685251673867055,0.09221613864609914,13.569057847145174,0.020006465825176685,7.320022911260475,365.88285883300574
concentrated,160,oracle,true,,-0.5557637934673088,1.6820618595779644,7.100322259034897e-9,1.444236206532691,true,0.01958578052861498,0.028762211629183597,1.468525167386706,0.09687425288348796,15.49605224146108,0.004633111921358901,15.68992513665706,3386.4766064306887
concentrated,161,oracle,true,,2.847723599369044,69.2870278549027,2.388756986348994e-7,4.847723599369044,true,0.024473718339825666,0.03594027132156759,1.4685251673867061,0.00367312022953744,994.3307897919491,0.0050377167655951405,26515.40955165723,5.26337838854757e6
concentrated,162,oracle,false,,,,,71.93236311236443,true,0.034800129153380974,0.05110486549004777,1.4685251673867057,,,-0.0019425851445821762,1.1571851206733739e14,5.211498478263289e29
concentrated,163,oracle,true,,-0.5247033004458119,0.9574690519482572,9.130674266253497e-8,1.475296699554188,true,0.029397333590357965,0.04317072423150326,1.468525167386706,0.09964289205923836,15.65085057085034,0.018734061261250545,5.630694697182811,300.5592123705348
concentrated,164,oracle,true,,0.41755920583323825,1.417883921899813,3.908141698705236e-8,2.4175592058332387,true,0.0197305412804991,0.02897479643657526,1.4685251673867064,0.03804723355484169,43.32245979476567,0.14344042405113772,10.018520392119298,69.844469983912
concentrated,165,oracle,true,,1.944017935246404,40.88209853423238,3.999950304590244e-5,3.944017935246404,true,0.031734053351662427,0.046602256010108714,1.4685251673867057,0.004831556334328578,677.4330490979605,0.005389072798892106,9171.239559961836,1.701821426841232e6
concentrated,166,oracle,true,,-0.3469900493031617,1.0781973222440369,6.097871506045127e-5,1.6530099506968383,true,0.026477372793114472,0.03888268831296864,1.468525167386706,0.09848275358117632,15.23902528392992,0.022592290646027448,7.128510688244105,315.528460567922
concentrated,167,oracle,true,,-0.18959305929466463,0.9247925485865616,5.6157129830758376e-8,1.8104069407053358,true,0.03787961399359818,0.05562716648049257,1.4685251673867057,0.06024643383979794,30.177927107220526,0.08772013270793515,4.7324434796151325,53.9493424545063
concentrated,168,oracle,true,,-0.5126361926567429,1.055558103746703,1.8112820576732247e-8,1.4873638073432571,true,0.031868391905367506,0.04679953555717497,1.4685251673867061,0.11537169032712552,13.688810947011762,0.013945082502079742,6.749982230131717,484.0403223950119
concentrated,169,oracle,true,,0.19823889485441581,1.2539176567190597,7.19642245083918e-8,2.1982388948544163,true,0.030992892193961168,0.04551384219693497,1.4685251673867064,0.0427626434072454,41.88177148154084,0.12908827805148132,7.891985532714721,61.136345234749676
concentrated,170,oracle,true,,-0.2535291638408892,1.0015424295945978,1.2206589946170965e-5,1.7464708361591113,true,0.018996977691268156,0.027897539843911082,1.4685251673867057,0.0761403848588308,18.708145074882772,0.03843659037713085,6.214330861019539,161.6774745118122
concentrated,171,oracle,true,,0.04465864623536264,1.0378495194102901,5.33979140016072e-9,2.0446586462353626,true,0.023406161191600282,0.034372536781775036,1.4685251673867064,0.04829737898040153,31.092565056692603,0.10728973972670525,6.14680693142014,57.29165665866698
concentrated,172,oracle,true,,-0.5377078754925195,1.3559247233741165,7.326774438949358e-6,1.4622921245074805,true,0.025446080358054398,0.037368209417147406,1.468525167386706,0.09528233273255497,16.15266507427646,0.010789496178297227,10.668308390804018,988.7679845758717
concentrated,173,oracle,true,,2.29325388287345,57.763608867161985,6.66590850411275e-5,4.293253882873451,true,0.026707685481777967,0.03922090829263948,1.468525167386706,0.004009313632622177,935.7662958812064,0.004189656082717513,18411.39090132388,4.394487408470483e6
concentrated,174,oracle,true,,-0.10709542939934602,0.9461757657210813,5.637168174186691e-5,1.8929045706006538,true,0.023998552911813634,0.03524247893185985,1.4685251673867064,0.06423407843263948,20.38458789390528,0.06293281231623797,5.452557411808545,86.6409304006532
concentrated,175,oracle,false,,,,,110.5401754742963,true,0.03613743284194023,0.0530687296131361,1.4685251673867052,,,-1.316395908247297,6.079624936316485e15,2.7380196597747297e31
concentrated,176,oracle,true,,-0.19099738143566491,0.9048580890082097,1.4126177995399392e-5,1.809002618564335,true,0.02205115055145186,0.0323826695546403,1.4685251673867064,0.05741623569084297,26.717903659137097,0.07481298915494355,4.81194723448708,64.3196761530429
concentrated,177,oracle,false,,,,,49.46499945606317,true,0.034210116240464584,0.050238416678346935,1.4685251673867064,,,0.0002946791559255983,1.7219542369474998e13,5.843488425704142e16
concentrated,178,oracle,true,,0.20457556944114796,2.454163612676264,3.946245616148758e-7,2.2045755694411477,true,0.0303170330120269,0.04452132597865511,1.4685251673867064,0.026575929152524498,76.7126599771148,0.051299548860290506,29.527580219890474,575.5914208974052
concentrated,179,oracle,false,,,,,160.72407584708787,true,0.03536991067898858,0.05194160400031453,1.4685251673867057,,,-9.69316735676409,1.4360655408928894e17,6.467464234844827e32
concentrated,180,oracle,true,,-0.7129470975379721,1.0763868245903976,2.589946575692892e-7,1.2870529024620283,true,0.03720172234182359,0.05463166552910026,1.4685251673867064,0.13367948958897982,14.120337740287159,0.008184225242722831,6.827191962626599,834.1891578188338
concentrated,181,oracle,true,,-0.5023528407115812,0.9753726691930669,2.9830135927610966e-6,1.4976471592884188,true,0.031052521151426656,0.045601408821678076,1.4685251673867066,0.08089322968771932,19.600486340494633,0.024760544040552016,5.813648003286603,234.79484108932334
concentrated,182,oracle,true,,-0.18624281290818856,1.0308048753294015,4.819393887899093e-5,1.8137571870918112,true,0.028558902757447404,0.0419394674522611,1.4685251673867057,0.06091693479161796,27.942502889632166,0.06473520599946674,6.3580069666550285,98.21559796546262
concentrated,183,oracle,true,,-0.7349869998182046,0.9796229611694895,4.322963086484499e-5,1.2650130001817952,true,0.02998414859033269,0.0440324768275662,1.4685251673867066,0.12693625740923967,11.864447542067136,0.006608435791145478,5.711377295853589,864.2555479628263
concentrated,184,oracle,true,,0.24414032141613307,2.983662516907283,1.5780454928693288e-6,2.244140321416133,true,0.026285099770389387,0.03860033054008735,1.4685251673867064,0.02341915891368336,87.43152830882825,0.03894964158521641,44.212308578297204,1135.1146449336848
concentrated,185,oracle,true,,-0.39433547071044983,1.4023708686054575,2.6580591080649364e-6,1.60566452928955,true,0.02635079322239439,0.03869680302768921,1.4685251673867064,0.10127678868891428,15.137346470680447,0.013117571383347204,11.513345416431799,877.7040413935177
concentrated,186,oracle,true,,0.6921306020191862,4.337773115078241,7.322903450202034e-7,2.6921306020191866,true,0.024989408289985873,0.036697574991946244,1.4685251673867061,0.019766240869748486,102.85638299692683,0.04098721954480561,94.84651982258167,2314.051084116579
concentrated,187,oracle,true,,-0.22210326593880936,0.9234963653469315,3.641803506176933e-7,1.7778967340611906,true,0.026736612778250488,0.03926338875553383,1.4685251673867057,0.06697321809276618,22.283933853906277,0.05624722645013122,5.194318271810133,92.34798939669344
concentrated,188,oracle,true,,0.38607610252959335,1.2418224060542484,1.737799223633374e-8,2.3860761025295933,true,0.0158172676123946,0.023228055568092106,1.4685251673867061,0.036212996077287445,36.16716760062044,0.1620373610630977,8.179345445869329,50.47814523888891
concentrated,189,oracle,true,,0.10929286142027728,1.2374746369705545,1.0266446280216002e-7,2.1092928614202773,true,0.02929068947013466,0.04301411465700154,1.4685251673867066,0.04101100353293033,42.12344649057828,0.11215072805513716,8.203640347558771,73.14834678135641
concentrated,190,oracle,true,,-0.08326763179014018,1.0450322184698573,3.869430385790906e-5,1.9167323682098598,true,0.029414767072653652,0.04319632573900968,1.4685251673867064,0.03918545242373953,38.49219081496285,0.09903835367226446,5.783212749974275,58.3936680643133
concentrated,191,oracle,true,,1.7514500245627707,26.197192044675237,4.554020364095912e-5,3.7514500245627707,true,0.028671453696840373,0.04210475133937271,1.4685251673867066,0.006499849626933571,437.02467101225756,0.008314528354297163,3728.8195202338243,448470.35951313755
concentrated,192,oracle,false,,,,,121.94664903339994,true,0.02903397386691529,0.04263712133281301,1.4685251673867057,,,-0.2915591197261237,5.466756363373211e15,2.462008192101288e31
concentrated,193,oracle,true,,-0.709442220833709,0.7062969514792111,3.005935056772657e-7,1.2905577791662912,true,0.03964469510090811,0.05821923250905598,1.4685251673867055,0.1045805455394956,15.328269053476872,0.019415315633975583,3.059864890271595,157.60057410125353
concentrated,194,oracle,false,,,,,102.68456365809062,true,0.03907191231935125,0.05737808657889401,1.4685251673867066,,,0.04612453280514542,5.657812509014638e15,1.2266384426951813e17
concentrated,195,oracle,true,,-0.7063048969525263,0.9215934510588099,2.1250744641682362e-5,1.2936951030474741,true,0.03659228648325936,0.05373669363289074,1.468525167386706,0.09531482658625456,17.182578803311085,0.014039928126100104,5.140735853858951,366.15115175001273
concentrated,196,oracle,false,,,,,67.72315399554196,true,0.029482796567831874,0.043296228764803504,1.468525167386706,,,0.00021630916324096743,7.1098265041788e13,3.2868817934719136e17
concentrated,197,oracle,true,,-0.44191729922374345,1.0788054386498576,2.4969001052665973e-6,1.558082700776257,true,0.030069674507451294,0.04415807378931868,1.4685251673867061,0.0886682526922935,17.633716821027964,0.021785029151014018,7.07621018885528,324.81986320986437
concentrated,198,oracle,false,,,,,75.90608906461306,true,0.021536765074041186,0.03162728153532449,1.468525167386706,,,0.0009898233737382085,6.710872810627438e13,6.779869003580785e16
concentrated,199,oracle,false,,,,,57.0324791205951,true,0.026665078038970395,0.03915833819055858,1.468525167386706,,,-0.00010985003736291299,1.4921696517389297e13,6.7201346875450065e28
concentrated,200,oracle,true,,-0.8309788491308978,1.107903495729305,9.350462093493661e-9,1.1690211508691026,true,0.03730867940840889,0.05478873467321062,1.4685251673867061,0.1419541196891495,13.090606699546509,0.003173521387536908,7.0522568651203486,2222.218162075749
concentrated,201,oracle,true,,-0.21225845700138413,0.9894742709392597,3.033542709145465e-6,1.787741542998616,true,0.030627197222344218,0.04497680992752871,1.4685251673867064,0.07096832242830428,26.068900564263917,0.060269147794610484,5.9099122333387255,98.05866599406627
concentrated,202,oracle,true,,-0.42964299151912466,1.3693803112763738,1.456656360465658e-7,1.5703570084808756,true,0.023530074742304587,0.034554506949564544,1.468525167386706,0.08356351365012539,17.224472405454332,0.01514409563681482,10.988025306092323,725.5649706398301
concentrated,203,oracle,true,,2.298030482018847,70.9044796461511,2.032013421970902e-8,4.298030482018847,true,0.028976012614805813,0.042552003775357,1.4685251673867057,0.003311361169733037,1188.9255950421093,0.0031863646306371845,27836.902725371223,8.736257758361012e6
concentrated,204,oracle,true,,-0.11105650654101895,1.5549364467190492,1.223553133350208e-5,1.8889434934589808,true,0.022982147827921965,0.03374986248590512,1.4685251673867057,0.07088860806559971,20.80273863187235,0.030073434684162036,14.303932589911724,475.6334865017859
concentrated,205,oracle,true,,-0.2165401036268546,0.8914649259216659,4.00992802518374e-9,1.7834598963731452,true,0.03116188641388381,0.045762014462034234,1.468525167386706,0.051914552372066214,32.872524565500036,0.08888111514863296,4.33264733738171,48.74654565411748
concentrated,206,oracle,true,,-0.8881881099404068,1.4922110265409385,1.681451401950307e-6,1.1118118900595932,true,0.044116436946718116,0.06478609795168429,1.4685251673867061,0.1157330037644509,17.67328486612527,0.0022245330211349,12.087233542489423,5433.604908378849
concentrated,207,oracle,false,,,,,153.29141619567224,true,0.031753830321742144,0.04663129898840544,1.468525167386706,,,-0.1156166345010244,4.876148264210829e16,2.196021950570318e32
concentrated,208,oracle,true,,0.883498902595512,7.252823862691999,1.2774258333791977e-7,2.8834989025955133,true,0.02558839369359853,0.03757720013204872,1.4685251673867061,0.014141038882071199,153.14402414643243,0.019830487221051518,273.62297762531927,13798.096565920398
concentrated,209,oracle,true,,-0.7480881144291622,0.9169175235663243,5.062861016050649e-5,1.2519118855708378,true,0.028850793784481257,0.042368116771594674,1.468525167386706,0.12178819200990175,11.463130259375854,0.006854517388254266,5.050629695848635,736.8322829705373
concentrated,210,oracle,false,,,,,83.52397759483131,true,0.034920619070546756,0.05128180796582206,1.4685251673867057,,,-0.036649794417466165,1.2144303638609818e15,5.469308134151733e30
concentrated,211,oracle,false,,,,,70.12680748397085,true,0.03201796749970391,0.04701919108188481,1.4685251673867064,,,0.0016755342372540482,5.722062176908699e13,3.415067295960666e16
concentrated,212,oracle,true,,-0.5534660176893551,1.0643323470731791,1.558800795457671e-5,1.4465339823106447,true,0.03241313803414657,0.04759950895712349,1.468525167386706,0.12625375883440826,13.160958922472423,0.011713322786020162,6.813717151651888,581.7065982151582
concentrated,213,oracle,true,,0.8624726034348857,5.684849495038991,1.0489770482147165e-6,2.8624726034348855,true,0.026390382806020882,0.03875494132761108,1.4685251673867066,0.017247258613249977,126.32899582489513,0.034261028978720964,165.41016111633763,4827.939091352788
concentrated,214,oracle,true,,0.043320808114264864,1.0400472849550542,9.837244911992116e-7,2.0433208081142644,true,0.025822340961111096,0.03792075758223227,1.4685251673867061,0.050789311479078926,32.872329060833145,0.11418685104208746,5.972182848364466,52.30184381004792
concentrated,215,oracle,true,,0.5344614249711288,2.918268074129582,4.97454318245083e-5,2.5344614249711293,true,0.0237740905580863,0.034912850316280386,1.4685251673867057,0.02572074621552284,74.03567657962611,0.05086853490332928,41.938566521173726,824.4500574053078
concentrated,216,oracle,true,,-0.34251657755888787,0.978616277670297,6.58354123272753e-6,1.6574834224411124,true,0.028600015025332683,0.041999841852338966,1.4685251673867052,0.08604088085030469,16.466236830525585,0.02880650086198863,5.9441779993456025,206.3484915375193
concentrated,217,oracle,true,,-0.7958582930082598,1.1711305491949004,1.030806518249161e-5,1.2041417069917406,true,0.03312869976726339,0.0486503293710244,1.4685251673867061,0.13528451200762284,13.950851339882863,0.0049313662924487245,7.856732394545529,1593.2161451028983
concentrated,218,oracle,false,,,,,106.00799526499559,true,0.023986454577069355,0.03522471222280439,1.468525167386706,,,-0.1184267093114349,1.0818120870338138e15,4.872048512050382e30
concentrated,219,oracle,true,,-0.27117929482277847,0.93543237487193,4.915329527821477e-7,1.7288207051772213,true,0.02898870386396939,0.0425706411941593,1.468525167386706,0.06816755915356171,22.57851479511678,0.05014523944962346,5.36032386042535,106.89596698028332
concentrated,220,oracle,true,,0.26800882633269474,2.162362423853085,9.656383045898998e-5,2.2680088263326956,true,0.036132224857290306,0.05306108155660636,1.4685251673867064,0.027174163766870374,73.15167097200612,0.06383612384851417,22.943937636198996,359.4193421055127
concentrated,221,oracle,true,,-0.22641365293068283,1.2857836615615148,9.507454319934716e-7,1.7735863470693176,true,0.025646861732167778,0.037663061918175395,1.4685251673867061,0.07941483841843348,17.93855713968999,0.02696254473379403,9.980854075081039,370.1747803712066
concentrated,222,oracle,true,,-0.5260626471260716,0.7835296756820991,1.0606031706559272e-5,1.4739373528739286,true,0.025984080501894217,0.03815827616843384,1.4685251673867057,0.08795324684333003,15.788594107031862,0.027254719398463374,3.7780660446166285,138.62061793340777
concentrated,223,oracle,true,,-0.5797397026276723,0.9812541174442005,5.958568013974208e-5,1.4202602973723282,true,0.033700253979540164,0.04948967111627871,1.4685251673867055,0.1296941278749027,12.606725071444727,0.01182408854914771,5.852321807821133,494.94908495445713
concentrated,224,oracle,true,,2.7755714262843165,72.79416639952542,2.4273457813750456e-7,4.775571426284318,true,0.026170825287677512,0.03843251558623486,1.4685251673867061,0.0037789846344706713,1048.8463107620246,0.004736905402494718,29287.40147874016,6.182813248353194e6
concentrated,225,oracle,true,,-0.3540977666484548,0.8342095556828948,2.310752522316495e-7,1.6459022333515452,true,0.03923987808599581,0.05762474853447095,1.4685251673867066,0.0799805251613407,22.616961476278536,0.05184008735752652,4.190796936260977,80.84085405485966
concentrated,226,oracle,true,,-0.5668997547564676,0.7901747623555563,4.933951477781306e-7,1.4331002452435324,true,0.02896086211193675,0.042529754880595225,1.468525167386706,0.09555108147191842,13.934102848156888,0.021972727149105364,3.795343606520426,172.72974723462835
concentrated,227,oracle,false,,,,,148.23852024545525,true,0.020920729906455503,0.03072261838772963,1.4685251673867057,,,-1.5485652451018734,2.7143985686961444e16,1.2224564382514964e32
concentrated,228,oracle,true,,2.670811593543977,75.72124533286303,2.4887759441760693e-7,4.670811593543977,true,0.025474220718086367,0.037409534244073686,1.4685251673867064,0.00298938879350255,1181.3653450919633,0.0037394305820874774,31742.085170432678,8.488480926075425e6
concentrated,229,oracle,false,,,,,99.27697027481366,true,0.024984893738857535,0.03669094525999482,1.468525167386706,,,-0.030569822443026935,8.587050031091666e14,3.8672635320236234e30
concentrated,230,oracle,true,,-0.5101634110322562,0.8441249833876651,7.992363067345191e-5,1.4898365889677438,true,0.03491798837458739,0.051277944722598,1.468525167386706,0.08496316737989548,16.394811630119086,0.025151010756103903,4.416858306693484,175.61355086381792
concentrated,231,oracle,true,,-0.1528859120577224,1.0064974061482703,1.3593198895378577e-8,1.8471140879422776,true,0.03278085045826125,0.048139503906296684,1.4685251673867061,0.055403788712371144,29.401680557991348,0.07624118779183256,5.959279464280082,78.1635181307928
concentrated,232,oracle,false,,,,,35.66353477537934,true,0.028651264827032726,0.04207510347595909,1.4685251673867064,,,-1.0525298071162315e-6,6.68244847798504e11,3.0095072475375966e27
concentrated,233,oracle,true,,-0.3225495694469289,1.3119019958199227,6.471366918544607e-5,1.6774504305530715,true,0.026598971931902166,0.039061259708610935,1.4685251673867066,0.09072644254854872,17.896341487996825,0.02145595536281847,10.27526828579854,478.9005249146255
concentrated,234,oracle,true,,-0.3389314662759695,1.0561414895504952,6.610427382036654e-8,1.6610685337240307,true,0.026121459471531282,0.03836002064281553,1.468525167386706,0.08685189470714513,15.784568300446866,0.024741124420517402,6.868358745489851,277.6089974226893
concentrated,235,oracle,true,,1.7202250487833797,45.59396470549973,1.4032034513533632e-6,3.72022504878338,true,0.039506833520627935,0.05801677930879886,1.468525167386706,0.004951883102778944,817.6890404801956,0.00386772728994504,11443.834728860522,2.9588008334018653e6
concentrated,236,oracle,true,,8.60491146464355,1798.5276759455166,6.223403090643842e-9,10.60491146464355,true,0.02732779447654833,0.04013155395798264,1.468525167386706,0.0003317465635377023,22744.741002706098,0.0008017539663485628,1.823910011470233e7,2.2748998920166084e10
concentrated,237,oracle,true,,0.1595286426142013,2.306027791335517,2.025639484606878e-8,2.1595286426142017,true,0.037689139067113145,0.055347449257193176,1.4685251673867061,0.029161092795605963,72.57795202357391,0.050268629646250965,25.98284187137971,516.879852389561
concentrated,238,oracle,true,,-0.3895955969959557,0.8360236179526089,3.891403123104098e-6,1.6104044030040447,true,0.03673791323471577,0.05395055018244928,1.4685251673867066,0.07985531499555511,19.305837671039125,0.040091255721609625,4.298650676186124,107.22165217362111
concentrated,239,oracle,true,,1.169696905890632,6.310214980190774,3.859224190346788e-6,3.169696905890632,true,0.018071416939979906,0.026538330586698945,1.468525167386706,0.014861079888719228,122.76281707155731,0.03946923313765954,203.82462441033854,5164.139462741662
concentrated,240,oracle,false,,,,,114.30313421633366,true,0.0332009104794217,0.0487563726191838,1.4685251673867064,,,-0.1335104272771378,4.664781193344901e15,2.1008306844112994e31
concentrated,241,oracle,true,,-0.788275008808689,0.8875286973997594,5.176816361807113e-8,1.2117249911913108,true,0.02957546524920278,0.04343231505562523,1.4685251673867066,0.1378137315378876,11.607960164469358,0.006610151689882685,4.733634254028721,716.115828517807
concentrated,242,oracle,true,,-0.5980755223792464,1.2679118549256343,2.2619138895230153e-9,1.4019244776207533,true,0.03848440774935797,0.05651532133190414,1.4685251673867057,0.094580740821254,18.007499397701636,0.012003489641692696,9.3842570929122,781.7940759757977
concentrated,243,oracle,true,,-0.6698571980386012,1.0566433559126516,1.1052200208361285e-8,1.3301428019613986,true,0.03408527092847171,0.05005507819565514,1.468525167386706,0.13158233462216906,13.030091117584382,0.008417951451734434,6.627761383027723,787.3366128361478
concentrated,244,oracle,true,,-0.14014615713419198,1.7062001740036212,6.04979079972881e-7,1.859853842865808,true,0.03957266987278479,0.05811346164887015,1.4685251673867064,0.032352074241058536,65.42936142930225,0.04903129365104831,14.11302517606319,287.8370959678207
concentrated,245,oracle,false,,,,,139.34144933714245,true,0.029884880680938575,0.043886699404307075,1.4685251673867066,,,-1.0837500651733427,1.6570080633865976e16,7.462500896817788e31
concentrated,246,oracle,true,,-0.28955564921686605,0.9251896630479849,7.912048442859643e-8,1.7104443507831344,true,0.037684294852810656,0.05534033540657373,1.4685251673867055,0.05927110093191693,28.249190759207877,0.06323169676438317,5.068295221334757,80.15434474612422
concentrated,247,oracle,true,,-0.44029874092100907,0.8481105817360862,8.808124176851172e-6,1.5597012590789907,true,0.04346013350051154,0.0638222998234873,1.4685251673867061,0.08351673656416433,22.822948982581522,0.04090724892235849,4.397929694056248,107.509788849489
concentrated,248,oracle,true,,0.7377190740924973,5.029709750929982,2.1513829651098603e-9,2.737719074092497,true,0.028095399567100967,0.04125880135207335,1.4685251673867064,0.019265029565773254,114.49527885025621,0.033753199411542575,128.76346221468248,3814.852057273399
concentrated,249,oracle,true,,0.4748158403915017,7.095872908556528,9.986441154122616e-5,2.4748158403915017,true,0.03905564477051455,0.057354197274015625,1.4685251673867066,0.01687426089863708,173.5891462721992,0.014150661542045622,263.62511226635985,18629.87899774544
concentrated,250,oracle,true,,1.5201226696388495,16.05514918851951,2.599156668271263e-5,3.52012266963885,true,0.02906935709755615,0.042689082497512576,1.468525167386706,0.0088869140000651,275.6570086605175,0.014323125795114772,1379.5882994642982,96318.94037646714
concentrated,251,oracle,true,,-0.43427806233918664,1.377063364467709,2.9515523189971307e-7,1.5657219376608134,true,0.022762003648420542,0.0334265752178536,1.4685251673867066,0.11100712729747797,12.977911457915376,0.009096558083962814,11.048432672637913,1214.5728714816041
concentrated,252,oracle,true,,1.375988773419206,9.154083542562686,6.177312074928665e-7,3.375988773419206,true,0.024377059190507554,0.035798324928135755,1.4685251673867064,0.013952486628581767,165.7491060851538,0.02937363232103446,437.3027846137136,14887.596461829511
concentrated,253,oracle,true,,-0.11003191646553478,1.0295435912004465,1.0595678701230682e-5,1.8899680835344657,true,0.02571136189167925,0.03775778202571844,1.4685251673867057,0.07782292482168676,17.89566922477249,0.04679371598830013,6.5694447833183895,140.39160268786847
concentrated,254,oracle,true,,0.6298296782942279,4.742055821702576,2.013790203092558e-8,2.629829678294228,true,0.03495698478920168,0.05133521193889693,1.468525167386706,0.02080318361633854,118.26150290921501,0.035113040398771736,114.30668101935495,3255.391151583485
concentrated,255,oracle,true,,-0.13290936948669985,1.0023383888802542,4.172276932572272e-5,1.8670906305133,true,0.030274954278973705,0.044459532300154724,1.4685251673867057,0.045314000567796546,37.05448827795134,0.09765962490556447,5.139130658814972,52.62287935044233
concentrated,256,oracle,false,,,,,49.52048341324352,true,0.03831281490665025,0.05626333292384444,1.468525167386706,,,-0.0004044426436151356,2.074443578078417e13,9.342463325235078e28
concentrated,257,oracle,true,,-0.12471915156800462,0.9737369438852301,3.0764301358843224e-7,1.8752808484319958,true,0.02735111335228439,0.040165798313876205,1.4685251673867061,0.04620452832566736,35.35196428641933,0.1004603431022302,4.953445861672887,49.30747505642275
concentrated,258,oracle,true,,3.27342030814555,106.7890995849708,1.2031535483618683e-5,5.273420308145551,true,0.019615184317043535,0.028805391832507448,1.4685251673867061,0.0023727276515803173,1513.95514038595,0.0036510541653018425,63329.32426779742,1.734549020654198e7
concentrated,259,oracle,true,,-0.7065252849538126,0.944025488455194,5.044538286624878e-7,1.293474715046187,true,0.029868171684107988,0.04386216182193955,1.4685251673867057,0.14199047163418074,11.278618739807209,0.007090218288503425,5.355390242598741,755.3209259131478
concentrated,260,oracle,true,,-0.7874790831929184,1.2166008412512677,1.880974217716158e-8,1.212520916807082,true,0.025676257484710047,0.037706230320597986,1.4685251673867061,0.12246060155341958,13.691872399787616,0.003502812805771396,8.420238726699232,2403.850617659516
concentrated,261,oracle,false,,,,,138.81876816749087,true,0.027433922368482456,0.0402874054382496,1.4685251673867061,,,-0.6188246190970007,1.621065911693471e16,7.300631835845729e31
concentrated,262,oracle,true,,-0.28417554519075705,0.9779744763387607,5.271752182878231e-7,1.715824454809243,true,0.027153181435020334,0.03987513031194482,1.4685251673867055,0.06383236192418455,24.11681578600849,0.04905848466392633,5.827413913202683,118.78503694362365
concentrated,263,oracle,false,,,,,118.26398290101365,true,0.030729416093017013,0.045126920911693534,1.4685251673867057,,,-0.022696295548863776,7.428309088078203e15,3.3454130041061864e31
concentrated,264,oracle,false,,,,,190.90734521155832,true,0.022123649759187528,0.03248913646581572,1.468525167386706,,,-42.31011511249001,1.7007999040506058e17,7.659721814114083e32
concentrated,265,oracle,true,,-0.24356853925854738,1.0280846693171877,4.778711028583515e-6,1.7564314607414526,true,0.028757326223050297,0.04223085730529907,1.4685251673867068,0.05870481170308252,27.002450131594827,0.05654688791894156,6.350463050669651,112.30437755960804
concentrated,266,oracle,true,,-0.8180518251201327,0.7793783645192006,2.1688583948797913e-8,1.181948174879867,true,0.03607688075502576,0.05297980734956444,1.468525167386706,0.15154022290646632,10.765840393403597,0.006806348574557581,3.708543325427139,544.8653246014803
concentrated,267,oracle,true,,-0.6176908496603795,0.9829181908443038,6.555811952050128e-5,1.382309150339621,true,0.029693182419078427,0.04360518568222113,1.4685251673867057,0.10779925532935526,13.881672573771667,0.012248565462128234,5.849413515706448,477.5590687572723
concentrated,268,oracle,false,,,,,65.32486484509523,true,0.02471725254757834,0.036297907434771966,1.468525167386706,,,-0.0008428053392273722,3.3695985759524797e13,1.5175322891047741e29
concentrated,269,oracle,true,,-0.4197008864197538,0.8685472498353577,6.6692954116637225e-6,1.5802991135802462,true,0.026672005377960016,0.03916851116220786,1.4685251673867061,0.10132960864519822,13.890616862402165,0.02455154548377464,4.700864228716809,191.4691778496578
concentrated,270,oracle,true,,-0.23383683767402985,1.310466540741651,1.1568158569952303e-8,1.76616316232597,true,0.020830156073721285,0.030589608434852766,1.4685251673867061,0.07800837839221536,15.473929084313585,0.021562532136130325,10.341533562192762,479.6066388169884
concentrated,271,oracle,false,,,,,109.67071735776923,true,0.033807091314731315,0.049646564431823456,1.468525167386706,,,-0.07674341672340665,3.5601087368874745e15,1.6033304380844877e31
concentrated,272,oracle,true,,0.6887871425920218,4.5877450078231,3.5834964760678156e-6,2.688787142592022,true,0.030159239680868272,0.04428960250060287,1.4685251673867061,0.022082948778156086,108.79451869519008,0.03824824946089653,106.53345362305458,2785.3158020204323
concentrated,273,oracle,true,,-0.11704497406647985,1.1115902499307473,8.993098334908468e-9,1.88295502593352,true,0.028012161345224867,0.04113656392835976,1.468525167386706,0.04836712655907713,32.89644416887065,0.09612824604134292,6.570962034130542,68.3562043907937
concentrated,274,oracle,true,,-0.300108125978507,0.9024623085063843,3.245309571386912e-7,1.699891874021493,true,0.02556002253365777,0.03753553636964775,1.468525167386706,0.0828657868850933,18.196925540753135,0.04044402758519958,5.034731473468557,124.48640192578169
concentrated,275,oracle,true,,-0.15955950737147595,0.9776493396241099,2.184609102728885e-8,1.840440492628524,true,0.031272722385423515,0.045924779875692066,1.4685251673867064,0.07182366033443706,22.420778473217148,0.058486332596664664,5.8351377125345465,99.76925297701621
concentrated,276,oracle,true,,0.3237638065361317,1.5908377238564633,3.1881317504911523e-6,2.323763806536132,true,0.025164456439730483,0.03695463760535068,1.468525167386706,0.035164566293597876,53.59915327584455,0.11445626009551219,12.585275271182313,109.95707234082323
concentrated,277,oracle,true,,0.5410242183988139,4.059576758284028,4.032865221184068e-6,2.541024218398814,true,0.028646455976965468,0.042068041558609125,1.4685251673867061,0.0211003581175552,109.50519358427316,0.0397593597942391,83.10977949388227,2090.319862391859
concentrated,278,oracle,false,,,,,80.60238378213306,true,0.03289323101720657,0.048304537585432884,1.4685251673867064,,,-0.007178987870999465,3.5839763481854344e14,1.6140794546192593e30
concentrated,279,oracle,true,,-0.6185551770188891,0.8002171570300571,1.4248302888202336e-5,1.3814448229811107,true,0.036302419809730105,0.05331101712762636,1.4685251673867057,0.09018970045562691,17.586767363999776,0.022455779904830518,3.960293396330883,176.35964607397023
concentrated,280,oracle,true,,-0.21924107653863123,0.9249535199862248,1.5441359045569314e-5,1.7807589234613688,true,0.027752240625953214,0.040754863810584074,1.4685251673867057,0.07115621649378939,21.125482784405907,0.05271348769509421,5.259079680447696,99.76724952951906
concentrated,281,oracle,true,,-0.539738942835442,0.8968524138417813,2.9501624144856463e-6,1.460261057164558,true,0.03647536540280072,0.05356499208363918,1.4685251673867057,0.10545523629104638,15.297860246036755,0.019395400010495445,4.974177830962409,256.4617294962068
concentrated,282,oracle,true,,4.138501427797792,346.6757183281647,1.5017390491913751e-5,6.138501427797792,true,0.031407457192939275,0.046122641331451955,1.4685251673867061,0.0011059734418837203,5523.631384298954,0.0011827890224626,674162.7401643919,5.699771703670077e8
concentrated,283,oracle,false,,,,,34.7740084315876,true,0.034661921596173075,0.05090190421396493,1.4685251673867055,,,8.55638498356015e-5,8.608113826676167e11,1.0060456423145296e16
concentrated,284,oracle,true,,-0.2878035297369983,1.1690299455349644,5.4864952937772046e-8,1.712196470263002,true,0.04402366168520699,0.0646498551452443,1.4685251673867057,0.06295661238096066,32.8367601388444,0.05413431271778922,8.039333621073323,148.50717072891732
concentrated,285,oracle,true,,-0.644391515662021,0.8891891829438942,4.7464461380869184e-5,1.3556084843379796,true,0.0324833745509439,0.04770265304970994,1.4685251673867057,0.1417488150473218,11.279137128663328,0.01010825472017582,4.799685241250385,474.8282838253309
concentrated,286,oracle,true,,-0.6321416822239359,0.8660690959022931,2.410593737500744e-7,1.3678583177760646,true,0.029400641115956597,0.043175581416086635,1.4685251673867061,0.13333219296077656,10.559715399494827,0.0096592090875956,4.597015126958932,475.92044910410317
concentrated,287,oracle,true,,-0.5004798275184565,1.0253671580033967,3.985882840451538e-8,1.4995201724815435,true,0.03318363053419997,0.04873099658473463,1.4685251673867064,0.1060202352165955,14.87430212904011,0.016806287245261176,6.4110540692436455,381.4676005285673
concentrated,288,oracle,true,,-0.6134111524399104,1.1054850049173341,3.7410747824040415e-8,1.3865888475600892,true,0.027635507686914473,0.04058343855174266,1.4685251673867052,0.1326407185911854,12.633183234827987,0.008545606141549885,7.245941105425381,847.9142363225285
concentrated,289,oracle,true,,0.009743121579835368,1.1407843959212796,4.069193285493433e-5,2.0097431215798354,true,0.024926811800975085,0.036605650472443844,1.4685251673867055,0.03987452820165616,41.024231816013035,0.10958490033507716,6.530439461148646,59.59251175281044
concentrated,290,oracle,false,,,,,73.06921154494623,true,0.030648049101697095,0.04500743143714572,1.4685251673867064,,,0.010252235876921097,1.650892517478087e14,1.6102755899270972e16
concentrated,291,oracle,false,,,,,62.39240818524654,true,0.026243427999306273,0.038539134495482213,1.4685251673867061,,,0.0008196706878948842,4.672973150131557e13,5.701037281365887e16
concentrated,292,oracle,true,,2.556874535759528,54.95205378720268,6.742044010977111e-5,4.556874535759528,true,0.03388614299127854,0.04976265380835716,1.4685251673867057,0.005052598677229707,802.9227948022501,0.005885809294704051,16621.359531078233,2.8239718106452827e6
concentrated,293,oracle,true,,-0.2628249316981428,0.8972500056148666,5.196846539395672e-5,1.7371750683018574,true,0.027855299129413015,0.040906207816628015,1.4685251673867061,0.0755777613271241,21.752467036040063,0.05259732316026644,4.919035775069638,93.52254980887737
concentrated,294,oracle,true,,-0.5327351505865938,1.446549096049534,2.6967113558248878e-8,1.4672648494134066,true,0.02369387026816497,0.034795044801595856,1.4685251673867057,0.11522066602818465,13.934780631313606,0.0069655390426133085,11.955068354120888,1716.3163225391418
concentrated,295,oracle,true,,-0.681375777526001,1.0266202667298863,5.48462942777661e-7,1.318624222473999,true,0.027714336097270843,0.04069920005625609,1.468525167386706,0.12319078102603939,11.617705400601267,0.006690897125121137,6.249754646139781,934.0682615900527
concentrated,296,oracle,true,,0.24937247437578236,1.4803532044508536,9.104771789800736e-6,2.249372474375783,true,0.02941175238002977,0.043191898587019564,1.468525167386706,0.03707640048812618,50.47434654415943,0.11448650676939398,10.781577953429203,94.17335070888436
concentrated,297,oracle,true,,2.3058027531895084,62.37789277240508,1.192531365212801e-8,4.305802753189509,true,0.02941066125865782,0.043190296247824174,1.4685251673867057,0.003587146580918138,1045.3623326132608,0.003623140856985734,21500.982459987234,5.934349038219546e6
concentrated,298,oracle,true,,0.5519940703602353,7.243699856129085,8.660869430077156e-8,2.551994070360235,true,0.029174674190127845,0.04284374329851009,1.4685251673867055,0.014925152826782574,171.62253448185993,0.015134223730182923,274.59359457974057,18143.883655697857
concentrated,299,oracle,true,,-0.3966462133316362,0.9966565416944937,3.677022674253294e-7,1.603353786668364,true,0.026371080144408615,0.0387265948832359,1.468525167386706,0.09161450838231854,14.388877442794739,0.021544113482737985,6.1212931222099405,284.12833636039693
concentrated,300,oracle,true,,2.251310140357223,83.43025110604253,7.109251740633482e-9,4.251310140357223,true,0.03545519372911912,0.05206684430578277,1.4685251673867066,0.0028033920120133496,1499.4119805381931,0.0023474321961037825,38644.27043858312,1.646235853062084e7
concentrated,301,oracle,true,,-0.3742365976584361,1.0606693910543668,2.0812863998354025e-8,1.625763402341564,true,0.034318868996564104,0.05039812283770173,1.468525167386706,0.09063760218026,18.80066850538166,0.027831061080037026,6.8746410346097475,247.01325669328745
concentrated,302,oracle,true,,-0.04434155755749192,1.9663436419187916,6.261921595696052e-9,1.9556584424425083,true,0.03421797129955467,0.05024995203031204,1.4685251673867064,0.02924534343061407,68.76720918746845,0.044801305249339445,18.82583321006641,420.20724854537536
concentrated,303,oracle,false,,,,,171.42451360030057,true,0.024054870298800077,0.03532518243201088,1.468525167386706,,,-1.3342172141962232,4.908091410151976e16,2.210407864586077e32
concentrated,304,oracle,true,,-0.5181912938097657,0.8873883163503492,2.206322878606226e-7,1.4818087061902343,true,0.02796808664668878,0.04107183912431454,1.4685251673867061,0.11432191120185273,11.900155115067438,0.015508339189368251,4.852215441049016,312.8778253944468
concentrated,305,oracle,true,,1.4299996358656433,21.306957225364073,9.146286950091564e-5,3.4299996358656433,true,0.036854378666032174,0.05412158259946798,1.4685251673867068,0.008322835942636832,382.4247488410821,0.008467216764627129,2457.3404007326185,290218.19908974925
concentrated,306,oracle,false,,,,,44.89961403781592,true,0.03717205210641253,0.054588094041676825,1.4685251673867064,,,4.380541549367479e-5,3.681005834024258e12,8.403083939600506e16
concentrated,307,oracle,true,,-0.5927041583702675,1.0384497909303614,7.902448064864843e-5,1.407295841629733,true,0.027864698440653063,0.04092001094174013,1.4685251673867061,0.12426563523105458,11.397805246620536,0.008455892059843484,6.450709959277322,762.8656933679831
concentrated,308,oracle,true,,-0.5442386619872019,5.494090234615966,9.017049624544902e-5,1.4557613380127985,true,0.02999360085809803,0.04404635772066846,1.468525167386706,0.047030260896708094,60.99391902650146,0.0008843738436753453,146.51728249724786,165673.46891258185
concentrated,309,oracle,false,,,,,68.70790416360236,true,0.027239391719664236,0.040001732284631976,1.468525167386706,,,0.00118602981546731,1.560801696760318e14,1.3159885834281018e17
concentrated,310,oracle,true,,-0.06427281586607325,1.0204897128951045,6.428062368890152e-5,1.9357271841339272,true,0.021353964168597212,0.031358833805058946,1.4685251673867061,0.07480982593494662,19.739306966444683,0.057063625034040985,6.424818654473514,112.59044006827159
concentrated,311,oracle,true,,-0.15895091911584225,1.262866620359059,1.7317685030424635e-5,1.8410490808841582,true,0.018598399626197387,0.027312217924186366,1.468525167386706,0.06859611338192394,20.745380373510102,0.03732599400903817,9.647068007608922,258.45441665325694
concentrated,312,oracle,true,,0.0057359873505156145,1.4271840710677768,4.650741383116497e-9,2.0057359873505165,true,0.03796086504859167,0.05574648569962722,1.4685251673867057,0.03812989726675237,54.826461366985754,0.08178012672301288,9.970473730353433,121.91805185290508
concentrated,313,oracle,true,,-0.562092283344185,0.7432837246928209,8.526546333964547e-6,1.4379077166558154,true,0.03365242467294059,0.049419432575798596,1.468525167386706,0.09282962874457514,18.075255474544846,0.030217563895923116,3.4052397317058967,112.69074315303504
concentrated,314,oracle,true,,-0.06433464713441062,1.3099166510986198,2.2373136532137793e-5,1.9356653528655894,true,0.028844136809969285,0.0423583408369852,1.4685251673867061,0.039116423397530097,45.587953098167624,0.0713742197657629,8.366633112619295,117.2220605714087
concentrated,315,oracle,true,,-0.1060349016010913,0.9944279212501339,4.121127233232436e-5,1.8939650983989087,true,0.031008594661720023,0.04553690166602891,1.468525167386706,0.05538004732495902,29.444289988246553,0.08308797975224452,5.792763656602557,69.71843188239359
concentrated,316,oracle,true,,0.4666500596974483,2.7634791725439833,3.518838409544145e-10,2.4666500596974483,true,0.026821655623158906,0.039388276313588017,1.468525167386706,0.024416144736204883,74.41143322354004,0.05841260492738372,37.44255697258343,641.0013218744579
concentrated,317,oracle,true,,1.3337529361741347,11.621648612630231,7.296110563359548e-7,3.3337529361741347,true,0.025715026186168253,0.03776316313439626,1.468525167386706,0.011912521522789828,210.83889634419114,0.019620769778197017,714.2077976896651,36400.600270194635
concentrated,318,oracle,true,,-0.39058039602759576,1.0902555008445165,5.251494559743719e-7,1.6094196039724042,true,0.03250230409309779,0.047730451558770044,1.468525167386706,0.07731529476979676,19.121693561450535,0.026350069616015794,7.234640838051831,274.5586992170433
concentrated,319,oracle,true,,-0.8085708888649221,1.0228193733080695,4.891133289497418e-9,1.1914291111350779,true,0.02703577049927575,0.03970270939787749,1.4685251673867061,0.12767807155642213,12.22979446700306,0.004644946814272468,6.108095255433926,1314.9978890319392
concentrated,320,oracle,false,,,,,92.63505144474136,true,0.031274107409383724,0.04592681381823507,1.4685251673867064,,,-0.09692949886657462,1.0004720032456996e15,4.5057253410119465e30
concentrated,321,oracle,true,,1.068713823996458,12.056935906154823,1.7726376623793394e-5,3.068713823996458,true,0.02419281148995417,0.03552775254283996,1.4685251673867057,0.01085639099817663,236.63054727349135,0.01328031838179206,773.2978045104494,58228.86035403164
concentrated,322,oracle,true,,-0.6216923287195395,0.7800730048959487,2.4090510920837804e-5,1.3783076712804605,true,0.027092435507862965,0.03978592338909799,1.4685251673867057,0.10414322959568978,13.29962314407387,0.01680579489919092,3.79101403272272,225.5777876299818
concentrated,323,oracle,true,,-0.17774171749323942,1.1632762469529885,7.678326982638595e-5,1.8222582825067604,true,0.033613688305512736,0.04936254724533764,1.4685251673867057,0.07439213757158672,21.836571910228063,0.04251764702458865,8.248879640747043,194.010727733277
concentrated,324,oracle,true,,0.6067653314827464,4.0546933993465055,7.098607925470901e-8,2.606765331482747,true,0.027500226476538835,0.040384774689631524,1.4685251673867061,0.019908764518675945,99.78387246366559,0.040520118752267,82.65900633589713,2039.9497553612812
concentrated,325,oracle,false,,,,,51.62905138172942,true,0.032740357568604474,0.04808003907873549,1.468525167386706,,,-7.864871612964438e-5,1.0424480645557803e13,4.694768715086507e28
concentrated,326,oracle,true,,-0.13521738781947312,0.9565277792536617,1.0193515356902161e-5,1.8647826121805269,true,0.02638787691021004,0.038751261356546,1.4685251673867064,0.05456724978752814,27.379754510859005,0.0855782359287914,5.197146396758773,60.72976780081393
concentrated,327,oracle,true,,-0.5325470507399916,0.8487112847277732,2.7620871255367165e-5,1.4674529492600081,true,0.03143449805489503,0.04616235151778182,1.4685251673867064,0.10436333035394457,14.454691082133344,0.020469986392782413,4.459160299753585,217.83894792064234
concentrated,328,oracle,true,,0.27396598152469265,1.811979462060308,1.649227868065317e-5,2.2739659815246918,true,0.03019261705505218,0.04433861801461321,1.4685251673867057,0.034028274232067376,54.41157528606873,0.0790385628770056,15.840034875068408,200.40894341307276
concentrated,329,oracle,true,,1.0586039732863153,8.229479298950134,6.016945889432357e-5,3.0586039732863153,true,0.0262842443354471,0.038599074312345535,1.4685251673867061,0.014963374617340288,162.9298151910837,0.023662166514478982,353.3179538642304,14931.766862853983
concentrated,330,oracle,true,,-0.24266137406056654,0.9663745625107825,9.506157281347072e-9,1.7573386259394335,true,0.02748085457031742,0.04035632655780511,1.468525167386706,0.06361479508903034,24.664871853383698,0.05577195117190001,5.665642297593486,101.58587208345776
concentrated,331,oracle,true,,-0.22024817199009727,1.0217645211334176,3.560978753580635e-6,1.7797518280099032,true,0.017603538233886235,0.025851238931516064,1.4685251673867061,0.07664408126575085,16.544127827434526,0.03485454828621587,6.493574800870115,186.30494785204738
concentrated,332,oracle,true,,-0.3469957888633972,1.0064516612854888,3.471561874195672e-6,1.6530042111366032,true,0.03277163784730664,0.0481259749552525,1.4685251673867061,0.08708662729614396,18.113911758203198,0.030427242493662004,6.251773194861228,205.46630856093753
concentrated,333,oracle,true,,0.534909607028182,3.416444489180583,2.140736339533156e-6,2.534909607028182,true,0.034610757021080144,0.05082676774776232,1.4685251673867057,0.02568463446443943,90.25581518271034,0.050309333707484,58.04820530212401,1153.825762027311
concentrated,334,oracle,false,,,,,79.54985233031034,true,0.02601590147311752,0.03820500606552596,1.4685251673867061,,,0.014847402263407694,2.469270127220994e14,1.6630990953256902e16
concentrated,335,oracle,true,,-0.11357119199524668,0.9618584087325631,4.296912070600456e-9,1.8864288080047538,true,0.03156409945086199,0.04635267442948775,1.4685251673867061,0.05123119162569463,34.154273395330264,0.0993557320421013,5.050386570509312,50.83135584335734
concentrated,336,oracle,false,,,,,101.48605638759543,true,0.03009013239674163,0.044188116714613146,1.468525167386706,,,-0.5151906338927803,4.0784284099794295e15,1.8367608667440603e31
concentrated,337,oracle,true,,-0.529791149074502,0.9955865951324213,6.054862558446672e-8,1.4702088509254978,true,0.026441168346835853,0.038829521172437174,1.4685251673867052,0.10376924931389024,13.555345392101012,0.01458358439618257,6.044718114861423,414.4878207338178
concentrated,338,oracle,true,,0.6544606699336466,4.3022614493134075,4.763348511898968e-5,2.6544606699336466,true,0.02803794453837199,0.041174427196391916,1.4685251673867064,0.020637455376182976,102.79034836234521,0.03894498857496963,93.33832485181554,2396.6710035654014
concentrated,339,oracle,true,,-0.08180126891238393,1.1596626701035178,1.1579451486554148e-9,1.918198731087616,true,0.03527451511604423,0.05180151321527373,1.4685251673867057,0.03805729526732062,44.35168928725138,0.09368055565012723,6.6344910854374595,70.82036436905409
concentrated,340,oracle,true,,1.183810563863187,14.598509069564125,8.307012666186608e-6,3.183810563863187,true,0.02656531303574928,0.03901183077250396,1.4685251673867064,0.009631410749613252,277.30349565597356,0.011415335468351023,1141.0372545478344,99956.52407337097
concentrated,341,oracle,true,,-0.26474865964154537,0.9442360609777608,2.3273198621343026e-6,1.7352513403584546,true,0.025115082728484214,0.03688213106777824,1.4685251673867057,0.07475407287324315,18.634531798024017,0.04083349992318286,5.536525359014179,135.58782297450986
concentrated,342,oracle,false,,,,,106.01675032304665,true,0.027155728489871443,0.039878870726096395,1.4685251673867057,,,-0.36321738893706274,5.090659411467932e15,2.2926291828557087e31
concentrated,343,oracle,true,,0.0004197163219505917,1.132238048664315,2.2159223409237635e-5,2.000419716321951,true,0.033783655523790854,0.04961214838300978,1.468525167386706,0.0419497211022329,39.874295343486914,0.10406640668098598,6.930643033502586,66.59827368449811
concentrated,344,oracle,true,,-0.29744469808130614,1.1347311779381848,2.706758891177219e-7,1.7025553019186939,true,0.029066427001070056,0.04268477957707988,1.4685251673867064,0.07209821630739108,21.69763302750895,0.03471450437441392,7.818636381224009,225.22678984253858
concentrated,345,oracle,false,,,,,149.03238567436824,true,0.03423168802500188,0.050270095386845376,1.4685251673867057,,,-1.5732327126672592,3.20861107068259e16,1.445029962230296e32
concentrated,346,oracle,true,,0.34876731765725966,3.9770956869499723,1.0572453314505737e-6,2.3487673176572597,true,0.031060199511326103,0.045612684686434625,1.4685251673867052,0.021026472564099903,106.34598355979091,0.027800310408309978,80.04771763872132,2879.382153042209
concentrated,347,oracle,true,,-0.43832299572864564,1.146738916527582,2.0081952593278275e-5,1.561677004271354,true,0.03102399158241559,0.04555951243157061,1.468525167386706,0.1015667136306491,15.671657522937478,0.01742617118222653,7.9258752302635465,454.8259710857989
concentrated,348,oracle,true,,-0.7360660836957218,1.349147287855198,8.266447595772775e-8,1.2639339163042775,true,0.03812848083570556,0.055992633701455324,1.4685251673867061,0.12487241814262898,14.419271200604605,0.003624318262918147,10.24828165439722,2827.6439625215858
concentrated,349,oracle,true,,-0.6344313834225204,0.9093936699303954,5.537933362298464e-7,1.3655686165774794,true,0.028938898407675204,0.04249750062811811,1.468525167386706,0.11981962766126884,11.233712122474312,0.00966149659882108,5.048701729699971,522.5589719004845
concentrated,350,oracle,true,,-0.18783535590495082,1.1203133860784098,2.317833482999271e-5,1.812164644095049,true,0.02840608961855601,0.04171505751189175,1.4685251673867066,0.07951674367681293,19.49276862497146,0.0388014287166297,7.708717945814133,198.67098199170934
concentrated,351,oracle,true,,11.249240553507303,8047.815136794802,4.377257494346365e-5,13.249240553507303,true,0.0421899016883602,0.06195693243892784,1.4685251673867061,0.00011533146953501971,120165.65028906013,0.0002286144421198011,3.661772750043109e8,1.6017241588456716e12
concentrated,352,oracle,false,,,,,145.86646282729234,true,0.038144464188610415,0.0560161056574553,1.4685251673867055,,,-1.8561177905817272,3.567914111167017e16,1.6068456661541711e32
concentrated,353,oracle,true,,-0.34460662690986354,0.9119795705279925,2.0881370104319785e-6,1.6553933730901365,true,0.0366189019602637,0.05377577913071363,1.4685251673867061,0.05777113400246814,34.857876576057926,0.07098851295595873,4.715423790286362,66.4251664661832
concentrated,354,oracle,true,,6.703868101470112,794.9732842078445,9.471362456991983e-8,8.703868101470112,true,0.021646094192500187,0.03178783409730975,1.4685251673867064,0.0005639217827273527,10023.859514643707,0.001271025892186509,3.554674990633623e6,2.796697543681521e9
concentrated,355,oracle,true,,-0.687804584518177,0.7619333162779816,4.3728241398421905e-8,1.312195415481823,true,0.03807191927238305,0.05590957162220947,1.468525167386706,0.09429813697891062,16.67161760004659,0.01884875813645301,3.6063289063356745,191.32978842574929
concentrated,356,oracle,true,,-0.602960702924195,0.8981993944625632,1.7082480373464827e-7,1.3970392970758054,true,0.0361777874770903,0.05312799141047474,1.4685251673867068,0.11305506894285632,14.735264747536979,0.015830568452416715,4.964835948704699,313.6233524164295
concentrated,357,oracle,true,,-0.8111294782649123,0.7387878969096399,4.7552760510832235e-5,1.1888705217350877,true,0.026834717182586332,0.03940745754233251,1.4685251673867061,0.1309748892476593,10.818620425246763,0.007920926113567706,3.358243105485112,423.9710176986499
concentrated,358,oracle,true,,-0.32711299639926317,1.1084390827553052,4.862589369263315e-6,1.6728870036007368,true,0.02445899756281346,0.03591865349004167,1.468525167386706,0.07753638528546403,19.23670237700139,0.029546599356005378,7.499319595825995,253.81329016808664
concentrated,359,oracle,false,,,,,105.43412494887531,true,0.022912461159707378,0.03364752585980067,1.468525167386706,,,-0.3871706515908313,2.230253411139444e15,1.0044168431349378e31
concentrated,360,oracle,false,,,,,96.0390495904566,true,0.03200230482369292,0.046996190047974035,1.468525167386706,,,-0.19486975037947943,2.67520329610856e15,1.2048044567494833e31
concentrated,361,oracle,true,,-0.44344180803578204,1.2307989702119453,2.6613622239324287e-8,1.5565581919642177,true,0.026929946092828325,0.03954730359368568,1.468525167386706,0.10994670903022263,14.083127596529318,0.013219765225548371,9.016960456089105,682.0817391418592
concentrated,362,oracle,true,,0.050736354977645615,1.236047285506401,1.1984596121727974e-7,2.0507363549776465,true,0.01985343166441231,0.029155264058181616,1.468525167386706,0.05668304651407431,27.796342322065556,0.07672390422510299,9.137376868310364,119.09426352316339
concentrated,363,oracle,false,,,,,247.28439905872568,true,0.02683568670704811,0.039408881313405024,1.468525167386706,,,-79.84448056866592,9.28860779657122e17,4.183217061142883e33
concentrated,364,oracle,false,,,,,161.07023857622318,true,0.03541326615985872,0.052005272615116484,1.4685251673867055,,,-31.327610625703805,1.3382779124845301e17,6.027067907983495e32
concentrated,365,oracle,true,,0.2725390895695021,2.416630811522241,2.8128772085356245e-7,2.272539089569502,true,0.028912890592209882,0.042459307496558525,1.4685251673867057,0.026406739447733876,71.64938045013768,0.0550015590158694,28.52656823500986,518.6501754755568
concentrated,366,oracle,true,,0.5990867017626109,5.770262790354033,3.987399203486674e-8,2.599086701762611,true,0.02897078613356384,0.04254432855611629,1.4685251673867057,0.01773809496315822,137.4622348682864,0.023081698856248778,171.68977685522674,7438.350960408017
concentrated,367,oracle,true,,2.2689628279893714,45.306888086130535,4.092377020037396e-9,4.268962827989371,true,0.030107547534943078,0.04421369128335549,1.468525167386706,0.005029432345096404,692.0358293799968,0.006222058591589141,11268.003279500535,1.8109767231591817e6
concentrated,368,oracle,true,,-0.5669145782063911,0.7964767588804583,8.990561146671183e-8,1.4330854217936089,true,0.029520249499697056,0.04335122933783995,1.4685251673867061,0.10319334725612604,12.359086124801566,0.0173827470736779,3.9401329300912034,226.66917452061486
concentrated,369,oracle,true,,1.0609217860147968,11.715612588335802,1.2261512650990623e-7,3.060921786014797,true,0.028497337391669854,0.0418490571631774,1.4685251673867057,0.012434662602511795,230.40848507698448,0.014123726224157446,729.0951930682083,51622.014013635606
concentrated,370,oracle,true,,-0.5293386594183171,0.8795073776619526,2.8018872085295852e-5,1.4706613405816826,true,0.024772248763209024,0.03637867076153664,1.4685251673867055,0.11718213932051,11.903964953625875,0.015519335917763333,4.745966664174018,305.80990638535087
concentrated,371,oracle,false,,,,,146.92566793457715,true,0.0366598372320677,0.05383589360759159,1.4685251673867052,,,-3.9652044601146255,3.4004044985471944e16,1.5314060432566103e32
concentrated,372,oracle,true,,-0.47842271816154947,2.103299400549658,2.694434751138175e-5,1.5215772818384508,true,0.028554349833149743,0.041932781368344794,1.4685251673867064,0.08779918532882208,18.001134593832116,0.005152813297875542,23.95810001176216,4649.518355660172
concentrated,373,oracle,true,,0.5077475827307958,2.1193474198868323,8.148439322840095e-7,2.5077475827307962,true,0.020453763495960425,0.030036866461593374,1.4685251673867057,0.028417689445508005,60.48650550829924,0.09833542055580811,21.689384119491898,220.56532627714307
concentrated,374,oracle,false,,,,,76.56840509466689,true,0.03108163280627237,0.04564416001948329,1.468525167386707,,,0.0058683260021446665,4.041707786136195e14,6.887326615220581e16
concentrated,375,oracle,true,,-0.3195341141672219,0.8551345454225933,5.001472256318529e-6,1.6804658858327781,true,0.02671786577389956,0.0392358583078314,1.4685251673867061,0.07258067257250765,21.893693934345958,0.05054462735853302,4.467169436315474,88.38069780647655
concentrated,376,oracle,true,,-0.49843699510288975,0.8051122677143944,5.790381139979497e-5,1.5015630048971107,true,0.030940976299539544,0.04543760239938941,1.468525167386706,0.0803137530483637,17.790388190991525,0.030155408883788294,4.022088087546479,133.37866195237612
concentrated,377,oracle,true,,-0.376703920391648,0.8834179386121093,6.492434939069369e-6,1.6232960796083518,true,0.03263883812416814,0.04793095521960161,1.468525167386706,0.06909264075731561,24.030297664630645,0.046960418288586804,4.7472633932933075,101.09073910116929
concentrated,378,oracle,true,,-0.22191030897013042,1.0816479151483402,4.107935391480799e-6,1.7780896910298694,true,0.02570210464635671,0.037744187527981636,1.4685251673867066,0.07470990903585464,18.974673708276736,0.03709704581565887,7.206331286305044,194.25620363719668
concentrated,379,oracle,true,,-0.3352963617234599,0.8478141956028081,4.961531102409822e-8,1.6647036382765399,true,0.02712112817169209,0.03982805928805044,1.4685251673867061,0.07810508856709765,19.848869725861025,0.04544462333088112,4.40973241245699,97.03529459029386
concentrated,380,oracle,true,,0.08439745671876042,1.266377360554343,1.0547541992611543e-6,2.08439745671876,true,0.03997131072501631,0.0586988757731206,1.4685251673867057,0.04692052989505935,43.498505254506675,0.10760740300079835,7.904519701014968,73.45702507992246
concentrated,381,oracle,false,,,,,157.17204448051575,true,0.02665264890126563,0.03914008568903021,1.468525167386706,,,-16.7734586416252,6.27648881486946e16,2.8266792687841186e32
concentrated,382,oracle,true,,0.22194417178623338,2.3038943454347813,9.242240354367937e-8,2.2219441717862334,true,0.02390178831585794,0.03510037768738689,1.468525167386706,0.02458101788382806,71.12968327197437,0.055998354675487125,25.900170429848526,462.51663249645685
concentrated,383,oracle,false,,,,,80.10146970281141,true,0.028827945821915852,0.04233456396354387,1.468525167386706,,,-0.007917388826146688,5.603919665247161e14,2.523781051622131e30
concentrated,384,oracle,true,,-0.7045906554704642,0.7970018541874718,4.930294321248141e-8,1.2954093445295365,true,0.034976270338304534,0.05136353325312134,1.468525167386706,0.10938140203083492,13.237057724854765,0.012789425621647088,3.930985552631518,307.36216534838144
concentrated,385,oracle,false,,,,,119.05793733165517,true,0.02688181225162341,0.03947661783647327,1.468525167386706,,,-0.6093257323900837,4.385757940799843e15,1.9751697827923367e31
concentrated,386,oracle,true,,1.237383367761459,17.902758798727714,3.8236354475940094e-5,3.2373833677614585,true,0.028008043743499415,0.04113051712659667,1.4685251673867064,0.008215765336410719,338.8215794816475,0.008644770959848655,1728.5036788108366,199947.8860503087
concentrated,387,oracle,true,,-0.5223749608447614,1.6479628551214376,7.523305910694944e-7,1.4776250391552386,true,0.020140417703233784,0.029576710278879575,1.4685251673867061,0.11151974872840385,15.188151942364765,0.004266617614506777,15.191469584458309,3560.541617980089
concentrated,388,oracle,true,,-0.3253112612153506,1.106084479067736,1.6205767568875374e-5,1.6746887387846492,true,0.023624513505032193,0.034693192649406894,1.468525167386706,0.07904821409129954,19.170726275610413,0.029688141205302915,7.463791882515481,251.4065070932192
concentrated,389,oracle,true,,-0.0729484427447169,1.521756175173884,3.2691568028653252e-6,1.927051557255283,true,0.032948617655940385,0.04838587425835043,1.468525167386706,0.06130232147840654,32.68977832406383,0.0550468804014001,13.569922531296445,246.51574135255262
concentrated,390,oracle,true,,-0.7171817540589809,0.863380024747003,7.492172783224449e-7,1.2828182459410196,true,0.04108213461994472,0.0603301486193575,1.468525167386706,0.1166238208251237,15.485630994018527,0.013355004642792606,4.53961519519727,339.9186534650288
concentrated,391,oracle,true,,-0.11311990358400759,0.9286569896243576,1.7767763784704016e-8,1.8868800964159933,true,0.028708025296530805,0.042158457653929685,1.4685251673867057,0.057336881398882954,29.816168675097785,0.09271839316313352,4.879249485868771,52.62439651304103
concentrated,392,oracle,true,,-0.19751768947877513,0.9314543229825529,7.288226763779715e-7,1.8024823105212253,true,0.021276480522231505,0.031245047120310017,1.4685251673867064,0.0697595294497424,19.966267295679735,0.051886639126729334,5.344461358400216,103.00265055415825
concentrated,393,oracle,false,,,,,133.73441525155852,true,0.026245547081359708,0.03854224642080944,1.468525167386706,,,-1.1330132245231441,1.4419302982889852e16,6.493876754068502e31
concentrated,394,oracle,true,,-0.6248304913411045,1.1635684156106691,4.8709178845918186e-9,1.375169508658896,true,0.02089788021394239,0.030689063039207085,1.4685251673867064,0.11538158382897301,12.500772462730836,0.007048810599307145,7.937289938681652,1126.0467034625444
concentrated,395,oracle,true,,-0.3548294909799117,1.0707115461585517,1.4789847025795666e-5,1.645170509020088,true,0.03163640850253778,0.04645886209170351,1.4685251673867061,0.08342116247788946,20.38627633582726,0.03118855122480073,6.9974415973885025,224.35930245532626
concentrated,396,oracle,true,,-0.6145837600142736,0.971512132897557,9.815732573059677e-7,1.3854162399857264,true,0.03005806450746831,0.044141024212150305,1.468525167386706,0.12278261687979336,13.156743677497083,0.011694772892312938,5.720401044768149,489.1416958193529
concentrated,397,oracle,false,,,,,141.2935918387502,true,0.02973964698963473,0.0436734200734749,1.4685251673867064,,,-14.639646180697406,4.820960918038609e16,2.1711677794046403e32
concentrated,398,oracle,false,,,,,170.80388025668836,true,0.03765668439002974,0.05529978874709678,1.468525167386706,,,-1.2056885721691384,1.3211740245860032e17,5.9500388448171025e32
concentrated,399,oracle,true,,1.6989103177188793,29.672123017273996,3.727242274295106e-6,3.6989103177188793,true,0.0324828588292689,0.04770189569945086,1.4685251673867061,0.006634081991582641,507.8787872043758,0.0067516977978111375,4801.72276446019,711187.4536234251
concentrated,400,oracle,true,,0.14072207375995616,1.1120174840504988,2.5357857837926544e-6,2.1407220737599566,true,0.02135659937736953,0.03136270367546241,1.468525167386706,0.04568832375046681,35.89493761563808,0.13064505343936367,6.553959011375331,50.166147426448276
